date,category,total_demand,n_batches,avg_demand_per_batch,month,year,day_of_week
2011-01-29,FOODS_1,297.0,216.0,1.375,1,2011,Saturday
2011-01-30,FOODS_1,284.0,216.0,1.3148148148148149,1,2011,Sunday
2011-01-31,FOODS_1,214.0,214.0,1.0,1,2011,Monday
2011-02-01,FOODS_1,175.0,214.0,0.8177570093457944,2,2011,Tuesday
2011-02-02,FOODS_1,182.0,214.0,0.8504672897196262,2,2011,Wednesday
2011-02-03,FOODS_1,191.0,214.0,0.8925233644859814,2,2011,Thursday
2011-02-04,FOODS_1,224.0,214.0,1.0467289719626167,2,2011,Friday
2011-02-05,FOODS_1,263.0,214.0,1.2289719626168225,2,2011,Saturday
2011-02-06,FOODS_1,245.0,214.0,1.144859813084112,2,2011,Sunday
2011-02-07,FOODS_1,176.0,214.0,0.822429906542056,2,2011,Monday
2011-02-08,FOODS_1,217.0,411.0,0.5279805352798054,2,2011,Tuesday
2011-02-09,FOODS_1,156.0,411.0,0.3795620437956204,2,2011,Wednesday
2011-02-10,FOODS_1,242.0,408.0,0.5931372549019608,2,2011,Thursday
2011-02-11,FOODS_1,327.0,408.0,0.8014705882352942,2,2011,Friday
2011-02-12,FOODS_1,409.0,408.0,1.0024509803921569,2,2011,Saturday
2011-02-13,FOODS_1,446.0,408.0,1.0931372549019607,2,2011,Sunday
2011-02-14,FOODS_1,269.0,408.0,0.6593137254901961,2,2011,Monday
2011-02-15,FOODS_1,169.0,408.0,0.41421568627450983,2,2011,Tuesday
2011-02-16,FOODS_1,164.0,408.0,0.4019607843137255,2,2011,Wednesday
2011-02-17,FOODS_1,167.0,408.0,0.40931372549019607,2,2011,Thursday
2011-02-18,FOODS_1,226.0,603.0,0.3747927031509121,2,2011,Friday
2011-02-19,FOODS_1,301.0,600.0,0.5016666666666667,2,2011,Saturday
2011-02-20,FOODS_1,303.0,594.0,0.51010101010101,2,2011,Sunday
2011-02-21,FOODS_1,228.0,594.0,0.3838383838383838,2,2011,Monday
2011-02-22,FOODS_1,160.0,594.0,0.26936026936026936,2,2011,Tuesday
2011-02-23,FOODS_1,156.0,594.0,0.26262626262626265,2,2011,Wednesday
2011-02-24,FOODS_1,193.0,594.0,0.32491582491582494,2,2011,Thursday
2011-02-25,FOODS_1,238.0,594.0,0.4006734006734007,2,2011,Friday
2011-02-26,FOODS_1,327.0,594.0,0.5505050505050505,2,2011,Saturday
2011-02-27,FOODS_1,264.0,594.0,0.4444444444444444,2,2011,Sunday
2011-02-28,FOODS_1,177.0,765.0,0.23137254901960785,2,2011,Monday
2011-03-01,FOODS_1,276.0,763.0,0.3617300131061599,3,2011,Tuesday
2011-03-02,FOODS_1,203.0,760.0,0.26710526315789473,3,2011,Wednesday
2011-03-03,FOODS_1,216.0,760.0,0.28421052631578947,3,2011,Thursday
2011-03-04,FOODS_1,230.0,760.0,0.3026315789473684,3,2011,Friday
2011-03-05,FOODS_1,355.0,760.0,0.46710526315789475,3,2011,Saturday
2011-03-06,FOODS_1,283.0,760.0,0.37236842105263157,3,2011,Sunday
2011-03-07,FOODS_1,184.0,760.0,0.24210526315789474,3,2011,Monday
2011-03-08,FOODS_1,232.0,760.0,0.30526315789473685,3,2011,Tuesday
2011-03-09,FOODS_1,204.0,760.0,0.26842105263157895,3,2011,Wednesday
2011-03-10,FOODS_1,187.0,943.0,0.19830328738069988,3,2011,Thursday
2011-03-11,FOODS_1,252.0,934.0,0.2698072805139186,3,2011,Friday
2011-03-12,FOODS_1,354.0,932.0,0.3798283261802575,3,2011,Saturday
2011-03-13,FOODS_1,304.0,932.0,0.3261802575107296,3,2011,Sunday
2011-03-14,FOODS_1,239.0,932.0,0.25643776824034337,3,2011,Monday
2011-03-15,FOODS_1,186.0,932.0,0.19957081545064378,3,2011,Tuesday
2011-03-16,FOODS_1,218.0,932.0,0.23390557939914164,3,2011,Wednesday
2011-03-17,FOODS_1,188.0,932.0,0.2017167381974249,3,2011,Thursday
2011-03-18,FOODS_1,266.0,932.0,0.2854077253218884,3,2011,Friday
2011-03-19,FOODS_1,306.0,932.0,0.3283261802575107,3,2011,Saturday
2011-03-20,FOODS_1,266.0,1106.0,0.24050632911392406,3,2011,Sunday
2011-03-21,FOODS_1,239.0,1104.0,0.2164855072463768,3,2011,Monday
2011-03-22,FOODS_1,187.0,1101.0,0.16984559491371481,3,2011,Tuesday
2011-03-23,FOODS_1,149.0,1101.0,0.13533151680290645,3,2011,Wednesday
2011-03-24,FOODS_1,161.0,1101.0,0.14623069936421434,3,2011,Thursday
2011-03-25,FOODS_1,207.0,1101.0,0.1880108991825613,3,2011,Friday
2011-03-26,FOODS_1,252.0,1101.0,0.22888283378746593,3,2011,Saturday
2011-03-27,FOODS_1,218.0,1101.0,0.1980018165304269,3,2011,Sunday
2011-03-28,FOODS_1,152.0,1101.0,0.13805631244323344,3,2011,Monday
2011-03-29,FOODS_1,155.0,1101.0,0.1407811080835604,3,2011,Tuesday
2011-03-30,FOODS_1,141.0,1269.0,0.1111111111111111,3,2011,Wednesday
2011-03-31,FOODS_1,142.0,1263.0,0.11243072050673,3,2011,Thursday
2011-04-01,FOODS_1,188.0,1262.0,0.14896988906497624,4,2011,Friday
2011-04-02,FOODS_1,206.0,1262.0,0.16323296354992076,4,2011,Saturday
2011-04-03,FOODS_1,225.0,1262.0,0.17828843106180667,4,2011,Sunday
2011-04-04,FOODS_1,161.0,1262.0,0.12757527733755944,4,2011,Monday
2011-04-05,FOODS_1,117.0,1262.0,0.09270998415213946,4,2011,Tuesday
2011-04-06,FOODS_1,164.0,1262.0,0.12995245641838352,4,2011,Wednesday
2011-04-07,FOODS_1,166.0,1262.0,0.13153724247226625,4,2011,Thursday
2011-04-08,FOODS_1,183.0,1262.0,0.1450079239302694,4,2011,Friday
2011-04-09,FOODS_1,205.0,1437.0,0.14265831593597772,4,2011,Saturday
2011-04-10,FOODS_1,191.0,1434.0,0.13319386331938632,4,2011,Sunday
2011-04-11,FOODS_1,144.0,1428.0,0.10084033613445378,4,2011,Monday
2011-04-12,FOODS_1,116.0,1428.0,0.08123249299719888,4,2011,Tuesday
2011-04-13,FOODS_1,135.0,1428.0,0.09453781512605042,4,2011,Wednesday
2011-04-14,FOODS_1,132.0,1417.0,0.0931545518701482,4,2011,Thursday
2011-04-15,FOODS_1,182.0,1417.0,0.12844036697247707,4,2011,Friday
2011-04-16,FOODS_1,217.0,1417.0,0.15314043754410728,4,2011,Saturday
2011-04-17,FOODS_1,246.0,1417.0,0.17360621030345802,4,2011,Sunday
2011-04-18,FOODS_1,141.0,1417.0,0.0995059985885674,4,2011,Monday
2011-04-19,FOODS_1,169.0,1580.0,0.1069620253164557,4,2011,Tuesday
2011-04-20,FOODS_1,157.0,1575.0,0.09968253968253968,4,2011,Wednesday
2011-04-21,FOODS_1,183.0,1570.0,0.11656050955414013,4,2011,Thursday
2011-04-22,FOODS_1,358.0,1570.0,0.22802547770700637,4,2011,Friday
2011-04-23,FOODS_1,452.0,1570.0,0.2878980891719745,4,2011,Saturday
2011-04-24,FOODS_1,186.0,1560.0,0.11923076923076924,4,2011,Sunday
2011-04-25,FOODS_1,121.0,1560.0,0.07756410256410257,4,2011,Monday
2011-04-26,FOODS_1,130.0,1560.0,0.08333333333333333,4,2011,Tuesday
2011-04-27,FOODS_1,114.0,1560.0,0.07307692307692308,4,2011,Wednesday
2011-04-28,FOODS_1,125.0,1560.0,0.08012820512820513,4,2011,Thursday
2011-04-29,FOODS_1,188.0,1728.0,0.1087962962962963,4,2011,Friday
2011-04-30,FOODS_1,205.0,1721.0,0.11911679256246369,4,2011,Saturday
2011-05-01,FOODS_1,209.0,1717.0,0.12172393709959231,5,2011,Sunday
2011-05-02,FOODS_1,167.0,1717.0,0.0972626674432149,5,2011,Monday
2011-05-03,FOODS_1,215.0,1717.0,0.1252184041933605,5,2011,Tuesday
2011-05-04,FOODS_1,163.0,1709.0,0.09537741369221767,5,2011,Wednesday
2011-05-05,FOODS_1,185.0,1709.0,0.10825043885313049,5,2011,Thursday
2011-05-06,FOODS_1,235.0,1709.0,0.13750731421884144,5,2011,Friday
2011-05-07,FOODS_1,272.0,1709.0,0.1591574019894675,5,2011,Saturday
2011-05-08,FOODS_1,211.0,1709.0,0.12346401404330018,5,2011,Sunday
2011-05-09,FOODS_1,175.0,1883.0,0.09293680297397769,5,2011,Monday
2011-05-10,FOODS_1,162.0,1877.0,0.08630793819925413,5,2011,Tuesday
2011-05-11,FOODS_1,135.0,1875.0,0.072,5,2011,Wednesday
2011-05-12,FOODS_1,167.0,1875.0,0.08906666666666667,5,2011,Thursday
2011-05-13,FOODS_1,179.0,1875.0,0.09546666666666667,5,2011,Friday
2011-05-14,FOODS_1,274.0,1852.0,0.14794816414686826,5,2011,Saturday
2011-05-15,FOODS_1,204.0,1852.0,0.1101511879049676,5,2011,Sunday
2011-05-16,FOODS_1,170.0,1852.0,0.091792656587473,5,2011,Monday
2011-05-17,FOODS_1,158.0,1852.0,0.08531317494600432,5,2011,Tuesday
2011-05-18,FOODS_1,177.0,1852.0,0.09557235421166306,5,2011,Wednesday
2011-05-19,FOODS_1,121.0,2014.0,0.060079443892750745,5,2011,Thursday
2011-05-20,FOODS_1,204.0,2011.0,0.10144206862257583,5,2011,Friday
2011-05-21,FOODS_1,178.0,2008.0,0.08864541832669323,5,2011,Saturday
2011-05-22,FOODS_1,169.0,2008.0,0.08416334661354581,5,2011,Sunday
2011-05-23,FOODS_1,112.0,2008.0,0.055776892430278883,5,2011,Monday
2011-05-24,FOODS_1,137.0,1978.0,0.0692618806875632,5,2011,Tuesday
2011-05-25,FOODS_1,134.0,1978.0,0.06774519716885744,5,2011,Wednesday
2011-05-26,FOODS_1,121.0,1978.0,0.06117290192113246,5,2011,Thursday
2011-05-27,FOODS_1,178.0,1978.0,0.08998988877654196,5,2011,Friday
2011-05-28,FOODS_1,234.0,1978.0,0.11830131445904954,5,2011,Saturday
2011-05-29,FOODS_1,217.0,2143.0,0.10125991600559962,5,2011,Sunday
2011-05-30,FOODS_1,159.0,2139.0,0.07433380084151472,5,2011,Monday
2011-05-31,FOODS_1,147.0,2133.0,0.06891701828410689,5,2011,Tuesday
2011-06-01,FOODS_1,160.0,2133.0,0.07501172058134084,6,2011,Wednesday
2011-06-02,FOODS_1,167.0,2133.0,0.0782934833567745,6,2011,Thursday
2011-06-03,FOODS_1,275.0,2100.0,0.13095238095238096,6,2011,Friday
2011-06-04,FOODS_1,224.0,2100.0,0.10666666666666667,6,2011,Saturday
2011-06-05,FOODS_1,235.0,2100.0,0.11190476190476191,6,2011,Sunday
2011-06-06,FOODS_1,202.0,2100.0,0.09619047619047619,6,2011,Monday
2011-06-07,FOODS_1,171.0,2100.0,0.08142857142857143,6,2011,Tuesday
2011-06-08,FOODS_1,159.0,2269.0,0.07007492287351257,6,2011,Wednesday
2011-06-09,FOODS_1,155.0,2265.0,0.0684326710816777,6,2011,Thursday
2011-06-10,FOODS_1,189.0,2260.0,0.0836283185840708,6,2011,Friday
2011-06-11,FOODS_1,220.0,2260.0,0.09734513274336283,6,2011,Saturday
2011-06-12,FOODS_1,255.0,2260.0,0.11283185840707964,6,2011,Sunday
2011-06-13,FOODS_1,165.0,2225.0,0.07415730337078652,6,2011,Monday
2011-06-14,FOODS_1,178.0,2225.0,0.08,6,2011,Tuesday
2011-06-15,FOODS_1,196.0,2225.0,0.08808988764044944,6,2011,Wednesday
2011-06-16,FOODS_1,180.0,2225.0,0.08089887640449438,6,2011,Thursday
2011-06-17,FOODS_1,275.0,2225.0,0.12359550561797752,6,2011,Friday
2011-06-18,FOODS_1,258.0,2384.0,0.10822147651006711,6,2011,Saturday
2011-06-19,FOODS_1,211.0,2380.0,0.08865546218487395,6,2011,Sunday
2011-06-20,FOODS_1,172.0,2376.0,0.0723905723905724,6,2011,Monday
2011-06-21,FOODS_1,199.0,2376.0,0.08375420875420875,6,2011,Tuesday
2011-06-22,FOODS_1,209.0,2376.0,0.08796296296296297,6,2011,Wednesday
2011-06-23,FOODS_1,208.0,2341.0,0.0888509184109355,6,2011,Thursday
2011-06-24,FOODS_1,330.0,2341.0,0.14096539940196498,6,2011,Friday
2011-06-25,FOODS_1,310.0,2341.0,0.13242204186245193,6,2011,Saturday
2011-06-26,FOODS_1,235.0,2341.0,0.10038445108927808,6,2011,Sunday
2011-06-27,FOODS_1,217.0,2341.0,0.09269542930371637,6,2011,Monday
2011-06-28,FOODS_1,167.0,2498.0,0.06685348278622898,6,2011,Tuesday
2011-06-29,FOODS_1,191.0,2491.0,0.07667603372139703,6,2011,Wednesday
2011-06-30,FOODS_1,168.0,2484.0,0.06763285024154589,6,2011,Thursday
2011-07-01,FOODS_1,243.0,2484.0,0.09782608695652174,7,2011,Friday
2011-07-02,FOODS_1,278.0,2484.0,0.11191626409017713,7,2011,Saturday
2011-07-03,FOODS_1,241.0,2446.0,0.09852820932134096,7,2011,Sunday
2011-07-04,FOODS_1,154.0,2446.0,0.06295993458708095,7,2011,Monday
2011-07-05,FOODS_1,165.0,2446.0,0.06745707277187245,7,2011,Tuesday
2011-07-06,FOODS_1,181.0,2446.0,0.07399836467702371,7,2011,Wednesday
2011-07-07,FOODS_1,189.0,2446.0,0.07726901062959934,7,2011,Thursday
2011-07-08,FOODS_1,202.0,2617.0,0.07718761941153993,7,2011,Friday
2011-07-09,FOODS_1,276.0,2614.0,0.10558530986993114,7,2011,Saturday
2011-07-10,FOODS_1,294.0,2610.0,0.11264367816091954,7,2011,Sunday
2011-07-11,FOODS_1,148.0,2610.0,0.056704980842911874,7,2011,Monday
2011-07-12,FOODS_1,162.0,2610.0,0.06206896551724138,7,2011,Tuesday
2011-07-13,FOODS_1,180.0,2558.0,0.07036747458952307,7,2011,Wednesday
2011-07-14,FOODS_1,172.0,2558.0,0.06724003127443315,7,2011,Thursday
2011-07-15,FOODS_1,224.0,2558.0,0.0875684128225176,7,2011,Friday
2011-07-16,FOODS_1,297.0,2558.0,0.11610633307271306,7,2011,Saturday
2011-07-17,FOODS_1,229.0,2558.0,0.08952306489444879,7,2011,Sunday
2011-07-18,FOODS_1,167.0,2718.0,0.06144223693892568,7,2011,Monday
2011-07-19,FOODS_1,171.0,2714.0,0.0630066322770818,7,2011,Tuesday
2011-07-20,FOODS_1,166.0,2710.0,0.061254612546125464,7,2011,Wednesday
2011-07-21,FOODS_1,204.0,2710.0,0.07527675276752767,7,2011,Thursday
2011-07-22,FOODS_1,285.0,2710.0,0.10516605166051661,7,2011,Friday
2011-07-23,FOODS_1,337.0,2656.0,0.12688253012048192,7,2011,Saturday
2011-07-24,FOODS_1,217.0,2656.0,0.08170180722891567,7,2011,Sunday
2011-07-25,FOODS_1,183.0,2656.0,0.06890060240963855,7,2011,Monday
2011-07-26,FOODS_1,208.0,2656.0,0.0783132530120482,7,2011,Tuesday
2011-07-27,FOODS_1,227.0,2656.0,0.08546686746987951,7,2011,Wednesday
2011-07-28,FOODS_1,194.0,2785.0,0.0696588868940754,7,2011,Thursday
2011-07-29,FOODS_1,239.0,2781.0,0.08594030924128011,7,2011,Friday
2011-07-30,FOODS_1,270.0,2778.0,0.09719222462203024,7,2011,Saturday
2011-07-31,FOODS_1,223.0,2778.0,0.0802735781137509,7,2011,Sunday
2011-08-01,FOODS_1,132.0,2778.0,0.047516198704103674,8,2011,Monday
2011-08-02,FOODS_1,155.0,2736.0,0.05665204678362573,8,2011,Tuesday
2011-08-03,FOODS_1,169.0,2736.0,0.061769005847953216,8,2011,Wednesday
2011-08-04,FOODS_1,145.0,2736.0,0.05299707602339181,8,2011,Thursday
2011-08-05,FOODS_1,222.0,2736.0,0.08114035087719298,8,2011,Friday
2011-08-06,FOODS_1,141.0,2736.0,0.051535087719298246,8,2011,Saturday
2011-08-07,FOODS_1,222.0,2871.0,0.07732497387669801,8,2011,Sunday
2011-08-08,FOODS_1,144.0,2870.0,0.050174216027874564,8,2011,Monday
2011-08-09,FOODS_1,162.0,2866.0,0.056524773203070484,8,2011,Tuesday
2011-08-10,FOODS_1,192.0,2866.0,0.06699232379623168,8,2011,Wednesday
2011-08-11,FOODS_1,195.0,2866.0,0.0680390788555478,8,2011,Thursday
2011-08-12,FOODS_1,241.0,2816.0,0.08558238636363637,8,2011,Friday
2011-08-13,FOODS_1,302.0,2816.0,0.10724431818181818,8,2011,Saturday
2011-08-14,FOODS_1,176.0,2816.0,0.0625,8,2011,Sunday
2011-08-15,FOODS_1,117.0,2816.0,0.041548295454545456,8,2011,Monday
2011-08-16,FOODS_1,177.0,2816.0,0.06285511363636363,8,2011,Tuesday
2011-08-17,FOODS_1,168.0,2954.0,0.05687203791469194,8,2011,Wednesday
2011-08-18,FOODS_1,172.0,2949.0,0.05832485588335029,8,2011,Thursday
2011-08-19,FOODS_1,216.0,2942.0,0.07341944255608429,8,2011,Friday
2011-08-20,FOODS_1,210.0,2942.0,0.07138001359619306,8,2011,Saturday
2011-08-21,FOODS_1,225.0,2942.0,0.07647858599592114,8,2011,Sunday
2011-08-22,FOODS_1,138.0,2894.0,0.04768486523842433,8,2011,Monday
2011-08-23,FOODS_1,115.0,2894.0,0.03973738769868694,8,2011,Tuesday
2011-08-24,FOODS_1,191.0,2894.0,0.06599861782999308,8,2011,Wednesday
2011-08-25,FOODS_1,178.0,2894.0,0.061506565307532825,8,2011,Thursday
2011-08-26,FOODS_1,221.0,2894.0,0.07636489288182446,8,2011,Friday
2011-08-27,FOODS_1,277.0,3013.0,0.09193494855625622,8,2011,Saturday
2011-08-28,FOODS_1,260.0,3007.0,0.08646491519787164,8,2011,Sunday
2011-08-29,FOODS_1,162.0,3003.0,0.053946053946053944,8,2011,Monday
2011-08-30,FOODS_1,182.0,3003.0,0.06060606060606061,8,2011,Tuesday
2011-08-31,FOODS_1,178.0,3003.0,0.05927405927405927,8,2011,Wednesday
2011-09-01,FOODS_1,160.0,2945.0,0.05432937181663837,9,2011,Thursday
2011-09-02,FOODS_1,233.0,2945.0,0.07911714770797963,9,2011,Friday
2011-09-03,FOODS_1,268.0,2945.0,0.09100169779286928,9,2011,Saturday
2011-09-04,FOODS_1,223.0,2945.0,0.07572156196943973,9,2011,Sunday
2011-09-05,FOODS_1,212.0,2945.0,0.07198641765704585,9,2011,Monday
2011-09-06,FOODS_1,149.0,3094.0,0.048157724628312866,9,2011,Tuesday
2011-09-07,FOODS_1,165.0,3091.0,0.05338078291814947,9,2011,Wednesday
2011-09-08,FOODS_1,199.0,3081.0,0.06458941901979877,9,2011,Thursday
2011-09-09,FOODS_1,188.0,3081.0,0.06101914962674456,9,2011,Friday
2011-09-10,FOODS_1,219.0,3081.0,0.07108081791626096,9,2011,Saturday
2011-09-11,FOODS_1,219.0,3025.0,0.07239669421487603,9,2011,Sunday
2011-09-12,FOODS_1,145.0,3025.0,0.047933884297520664,9,2011,Monday
2011-09-13,FOODS_1,127.0,3025.0,0.04198347107438016,9,2011,Tuesday
2011-09-14,FOODS_1,152.0,3025.0,0.05024793388429752,9,2011,Wednesday
2011-09-15,FOODS_1,185.0,3025.0,0.06115702479338843,9,2011,Thursday
2011-09-16,FOODS_1,205.0,3153.0,0.0650174437044085,9,2011,Friday
2011-09-17,FOODS_1,238.0,3150.0,0.07555555555555556,9,2011,Saturday
2011-09-18,FOODS_1,238.0,3145.0,0.07567567567567568,9,2011,Sunday
2011-09-19,FOODS_1,130.0,3145.0,0.04133545310015898,9,2011,Monday
2011-09-20,FOODS_1,119.0,3145.0,0.03783783783783784,9,2011,Tuesday
2011-09-21,FOODS_1,148.0,3089.0,0.04791194561346714,9,2011,Wednesday
2011-09-22,FOODS_1,162.0,3089.0,0.05244415668501133,9,2011,Thursday
2011-09-23,FOODS_1,192.0,3089.0,0.06215603755260602,9,2011,Friday
2011-09-24,FOODS_1,221.0,3089.0,0.07154418905794756,9,2011,Saturday
2011-09-25,FOODS_1,175.0,3089.0,0.05665263839430236,9,2011,Sunday
2011-09-26,FOODS_1,128.0,3237.0,0.03954278653073834,9,2011,Monday
2011-09-27,FOODS_1,155.0,3233.0,0.04794308691617693,9,2011,Tuesday
2011-09-28,FOODS_1,125.0,3229.0,0.0387116754413131,9,2011,Wednesday
2011-09-29,FOODS_1,239.0,3229.0,0.07401672344379065,9,2011,Thursday
2011-09-30,FOODS_1,271.0,3229.0,0.0839269123567668,9,2011,Friday
2011-10-01,FOODS_1,449.0,3183.0,0.14106189129751806,10,2011,Saturday
2011-10-02,FOODS_1,252.0,3183.0,0.07917059377945335,10,2011,Sunday
2011-10-03,FOODS_1,232.0,3183.0,0.07288721332076657,10,2011,Monday
2011-10-04,FOODS_1,170.0,3183.0,0.053408733898837574,10,2011,Tuesday
2011-10-05,FOODS_1,169.0,3183.0,0.053094564875903236,10,2011,Wednesday
2011-10-06,FOODS_1,198.0,3303.0,0.05994550408719346,10,2011,Thursday
2011-10-07,FOODS_1,262.0,3298.0,0.07944208611279563,10,2011,Friday
2011-10-08,FOODS_1,298.0,3293.0,0.09049498937139387,10,2011,Saturday
2011-10-09,FOODS_1,211.0,3293.0,0.0640753112663225,10,2011,Sunday
2011-10-10,FOODS_1,197.0,3293.0,0.05982386881263286,10,2011,Monday
2011-10-11,FOODS_1,196.0,3233.0,0.060624806681101144,10,2011,Tuesday
2011-10-12,FOODS_1,159.0,3233.0,0.04918032786885246,10,2011,Wednesday
2011-10-13,FOODS_1,170.0,3233.0,0.05258274048871018,10,2011,Thursday
2011-10-14,FOODS_1,227.0,3233.0,0.07021342406433653,10,2011,Friday
2011-10-15,FOODS_1,258.0,3233.0,0.07980204144757191,10,2011,Saturday
2011-10-16,FOODS_1,272.0,3366.0,0.08080808080808081,10,2011,Sunday
2011-10-17,FOODS_1,180.0,3361.0,0.05355548943766736,10,2011,Monday
2011-10-18,FOODS_1,183.0,3357.0,0.05451295799821269,10,2011,Tuesday
2011-10-19,FOODS_1,193.0,3357.0,0.05749180816204945,10,2011,Wednesday
2011-10-20,FOODS_1,172.0,3357.0,0.051236222817992255,10,2011,Thursday
2011-10-21,FOODS_1,211.0,3314.0,0.06366928183464092,10,2011,Friday
2011-10-22,FOODS_1,265.0,3314.0,0.07996378998189499,10,2011,Saturday
2011-10-23,FOODS_1,264.0,3314.0,0.07966203983101991,10,2011,Sunday
2011-10-24,FOODS_1,130.0,3314.0,0.03922751961375981,10,2011,Monday
2011-10-25,FOODS_1,179.0,3314.0,0.0540132770066385,10,2011,Tuesday
2011-10-26,FOODS_1,182.0,3434.0,0.0529994175888177,10,2011,Wednesday
2011-10-27,FOODS_1,181.0,3431.0,0.05275429903818129,10,2011,Thursday
2011-10-28,FOODS_1,163.0,3427.0,0.04756346658885322,10,2011,Friday
2011-10-29,FOODS_1,201.0,3427.0,0.05865188211263496,10,2011,Saturday
2011-10-30,FOODS_1,226.0,3427.0,0.06594689232564925,10,2011,Sunday
2011-10-31,FOODS_1,121.0,3368.0,0.03592636579572447,10,2011,Monday
2011-11-01,FOODS_1,125.0,3368.0,0.03711401425178147,11,2011,Tuesday
2011-11-02,FOODS_1,118.0,3368.0,0.03503562945368171,11,2011,Wednesday
2011-11-03,FOODS_1,151.0,3368.0,0.044833729216152016,11,2011,Thursday
2011-11-04,FOODS_1,197.0,3368.0,0.0584916864608076,11,2011,Friday
2011-11-05,FOODS_1,226.0,3458.0,0.0653556969346443,11,2011,Saturday
2011-11-06,FOODS_1,238.0,3456.0,0.06886574074074074,11,2011,Sunday
2011-11-07,FOODS_1,170.0,3454.0,0.04921829762594094,11,2011,Monday
2011-11-08,FOODS_1,137.0,3454.0,0.039664157498552406,11,2011,Tuesday
2011-11-09,FOODS_1,168.0,3454.0,0.04863925883034163,11,2011,Wednesday
2011-11-10,FOODS_1,212.0,3410.0,0.06217008797653959,11,2011,Thursday
2011-11-11,FOODS_1,204.0,3410.0,0.05982404692082111,11,2011,Friday
2011-11-12,FOODS_1,245.0,3410.0,0.0718475073313783,11,2011,Saturday
2011-11-13,FOODS_1,228.0,3410.0,0.06686217008797654,11,2011,Sunday
2011-11-14,FOODS_1,176.0,3410.0,0.05161290322580645,11,2011,Monday
2011-11-15,FOODS_1,155.0,3511.0,0.04414696667616064,11,2011,Tuesday
2011-11-16,FOODS_1,165.0,3506.0,0.04706217912150599,11,2011,Wednesday
2011-11-17,FOODS_1,178.0,3500.0,0.05085714285714286,11,2011,Thursday
2011-11-18,FOODS_1,201.0,3500.0,0.057428571428571426,11,2011,Friday
2011-11-19,FOODS_1,268.0,3500.0,0.07657142857142857,11,2011,Saturday
2011-11-20,FOODS_1,238.0,3447.0,0.06904554685233537,11,2011,Sunday
2011-11-21,FOODS_1,163.0,3447.0,0.047287496373658255,11,2011,Monday
2011-11-22,FOODS_1,186.0,3447.0,0.053959965187119235,11,2011,Tuesday
2011-11-23,FOODS_1,200.0,3447.0,0.05802146794313896,11,2011,Wednesday
2011-11-24,FOODS_1,82.0,3447.0,0.023788801856686973,11,2011,Thursday
2011-11-25,FOODS_1,285.0,3562.0,0.08001122964626614,11,2011,Friday
2011-11-26,FOODS_1,237.0,3556.0,0.06664791901012374,11,2011,Saturday
2011-11-27,FOODS_1,236.0,3551.0,0.06646015206983948,11,2011,Sunday
2011-11-28,FOODS_1,172.0,3551.0,0.04843705998310335,11,2011,Monday
2011-11-29,FOODS_1,179.0,3551.0,0.050408335680090115,11,2011,Tuesday
2011-11-30,FOODS_1,161.0,3491.0,0.04611859066170152,11,2011,Wednesday
2011-12-01,FOODS_1,184.0,3491.0,0.052706960756230305,12,2011,Thursday
2011-12-02,FOODS_1,215.0,3491.0,0.061586937840160415,12,2011,Friday
2011-12-03,FOODS_1,307.0,3491.0,0.08794041821827557,12,2011,Saturday
2011-12-04,FOODS_1,240.0,3491.0,0.06874820968203953,12,2011,Sunday
2011-12-05,FOODS_1,179.0,3586.0,0.049916341327384275,12,2011,Monday
2011-12-06,FOODS_1,202.0,3583.0,0.056377337426737374,12,2011,Tuesday
2011-12-07,FOODS_1,193.0,3580.0,0.05391061452513966,12,2011,Wednesday
2011-12-08,FOODS_1,191.0,3580.0,0.05335195530726257,12,2011,Thursday
2011-12-09,FOODS_1,233.0,3580.0,0.06508379888268156,12,2011,Friday
2011-12-10,FOODS_1,296.0,3540.0,0.08361581920903954,12,2011,Saturday
2011-12-11,FOODS_1,281.0,3540.0,0.07937853107344633,12,2011,Sunday
2011-12-12,FOODS_1,269.0,3540.0,0.07598870056497176,12,2011,Monday
2011-12-13,FOODS_1,235.0,3540.0,0.06638418079096045,12,2011,Tuesday
2011-12-14,FOODS_1,234.0,3540.0,0.06610169491525424,12,2011,Wednesday
2011-12-15,FOODS_1,336.0,3661.0,0.09177820267686425,12,2011,Thursday
2011-12-16,FOODS_1,278.0,3654.0,0.07608100711548987,12,2011,Friday
2011-12-17,FOODS_1,275.0,3649.0,0.07536311318169361,12,2011,Saturday
2011-12-18,FOODS_1,259.0,3649.0,0.07097835023294054,12,2011,Sunday
2011-12-19,FOODS_1,247.0,3649.0,0.06768977802137571,12,2011,Monday
2011-12-20,FOODS_1,268.0,3587.0,0.07471424588792863,12,2011,Tuesday
2011-12-21,FOODS_1,302.0,3587.0,0.08419291887371062,12,2011,Wednesday
2011-12-22,FOODS_1,346.0,3587.0,0.09645943685531085,12,2011,Thursday
2011-12-23,FOODS_1,491.0,3587.0,0.13688318929467522,12,2011,Friday
2011-12-24,FOODS_1,289.0,3587.0,0.08056872037914692,12,2011,Saturday
2011-12-25,FOODS_1,0.0,3702.0,0.0,12,2011,Sunday
2011-12-26,FOODS_1,137.0,3697.0,0.037057073302677844,12,2011,Monday
2011-12-27,FOODS_1,197.0,3694.0,0.05332972387655658,12,2011,Tuesday
2011-12-28,FOODS_1,166.0,3694.0,0.04493773687060097,12,2011,Wednesday
2011-12-29,FOODS_1,168.0,3694.0,0.04547915538711424,12,2011,Thursday
2011-12-30,FOODS_1,207.0,3639.0,0.05688375927452597,12,2011,Friday
2011-12-31,FOODS_1,316.0,3639.0,0.0868370431437208,12,2011,Saturday
2012-01-01,FOODS_1,221.0,3639.0,0.06073097004671613,1,2012,Sunday
2012-01-02,FOODS_1,260.0,3639.0,0.07144820005496015,1,2012,Monday
2012-01-03,FOODS_1,209.0,3639.0,0.05743336081341028,1,2012,Tuesday
2012-01-04,FOODS_1,213.0,3752.0,0.056769722814498935,1,2012,Wednesday
2012-01-05,FOODS_1,163.0,3748.0,0.04348986125933831,1,2012,Thursday
2012-01-06,FOODS_1,235.0,3742.0,0.06280064136825227,1,2012,Friday
2012-01-07,FOODS_1,249.0,3742.0,0.06654195617316942,1,2012,Saturday
2012-01-08,FOODS_1,242.0,3742.0,0.06467129877071084,1,2012,Sunday
2012-01-09,FOODS_1,168.0,3686.0,0.04557786218122626,1,2012,Monday
2012-01-10,FOODS_1,196.0,3686.0,0.05317417254476397,1,2012,Tuesday
2012-01-11,FOODS_1,218.0,3686.0,0.05914270211611503,1,2012,Wednesday
2012-01-12,FOODS_1,201.0,3686.0,0.05453065653825285,1,2012,Thursday
2012-01-13,FOODS_1,291.0,3686.0,0.07894736842105263,1,2012,Friday
2012-01-14,FOODS_1,299.0,3802.0,0.07864281956864808,1,2012,Saturday
2012-01-15,FOODS_1,251.0,3800.0,0.06605263157894736,1,2012,Sunday
2012-01-16,FOODS_1,208.0,3798.0,0.05476566614007372,1,2012,Monday
2012-01-17,FOODS_1,170.0,3798.0,0.04476040021063718,1,2012,Tuesday
2012-01-18,FOODS_1,187.0,3798.0,0.049236440231700894,1,2012,Wednesday
2012-01-19,FOODS_1,183.0,3750.0,0.0488,1,2012,Thursday
2012-01-20,FOODS_1,203.0,3750.0,0.05413333333333333,1,2012,Friday
2012-01-21,FOODS_1,307.0,3750.0,0.08186666666666667,1,2012,Saturday
2012-01-22,FOODS_1,251.0,3750.0,0.06693333333333333,1,2012,Sunday
2012-01-23,FOODS_1,152.0,3750.0,0.04053333333333333,1,2012,Monday
2012-01-24,FOODS_1,189.0,3815.0,0.04954128440366973,1,2012,Tuesday
2012-01-25,FOODS_1,215.0,3814.0,0.056371263765076035,1,2012,Wednesday
2012-01-26,FOODS_1,233.0,3808.0,0.061186974789915964,1,2012,Thursday
2012-01-27,FOODS_1,292.0,3808.0,0.07668067226890757,1,2012,Friday
2012-01-28,FOODS_1,352.0,3808.0,0.09243697478991597,1,2012,Saturday
2012-01-29,FOODS_1,261.0,3736.0,0.06986081370449679,1,2012,Sunday
2012-01-30,FOODS_1,181.0,3736.0,0.0484475374732334,1,2012,Monday
2012-01-31,FOODS_1,206.0,3736.0,0.05513918629550321,1,2012,Tuesday
2012-02-01,FOODS_1,217.0,3736.0,0.05808351177730193,2,2012,Wednesday
2012-02-02,FOODS_1,227.0,3736.0,0.06076017130620985,2,2012,Thursday
2012-02-03,FOODS_1,292.0,3826.0,0.07631991636173549,2,2012,Friday
2012-02-04,FOODS_1,341.0,3822.0,0.0892203035060178,2,2012,Saturday
2012-02-05,FOODS_1,315.0,3818.0,0.08250392875851231,2,2012,Sunday
2012-02-06,FOODS_1,224.0,3818.0,0.058669460450497646,2,2012,Monday
2012-02-07,FOODS_1,200.0,3818.0,0.05238344683080147,2,2012,Tuesday
2012-02-08,FOODS_1,215.0,3732.0,0.05760986066452305,2,2012,Wednesday
2012-02-09,FOODS_1,217.0,3732.0,0.05814576634512326,2,2012,Thursday
2012-02-10,FOODS_1,304.0,3732.0,0.08145766345123258,2,2012,Friday
2012-02-11,FOODS_1,462.0,3732.0,0.12379421221864952,2,2012,Saturday
2012-02-12,FOODS_1,388.0,3732.0,0.10396570203644159,2,2012,Sunday
2012-02-13,FOODS_1,478.0,3824.0,0.125,2,2012,Monday
2012-02-14,FOODS_1,347.0,3821.0,0.09081392305679141,2,2012,Tuesday
2012-02-15,FOODS_1,210.0,3816.0,0.055031446540880505,2,2012,Wednesday
2012-02-16,FOODS_1,198.0,3816.0,0.05188679245283019,2,2012,Thursday
2012-02-17,FOODS_1,218.0,3816.0,0.05712788259958071,2,2012,Friday
2012-02-18,FOODS_1,271.0,3740.0,0.07245989304812835,2,2012,Saturday
2012-02-19,FOODS_1,271.0,3740.0,0.07245989304812835,2,2012,Sunday
2012-02-20,FOODS_1,183.0,3740.0,0.04893048128342246,2,2012,Monday
2012-02-21,FOODS_1,158.0,3740.0,0.04224598930481283,2,2012,Tuesday
2012-02-22,FOODS_1,172.0,3740.0,0.045989304812834225,2,2012,Wednesday
2012-02-23,FOODS_1,176.0,3825.0,0.046013071895424834,2,2012,Thursday
2012-02-24,FOODS_1,226.0,3822.0,0.05913134484563056,2,2012,Friday
2012-02-25,FOODS_1,375.0,3819.0,0.09819324430479183,2,2012,Saturday
2012-02-26,FOODS_1,281.0,3819.0,0.07357947106572402,2,2012,Sunday
2012-02-27,FOODS_1,186.0,3819.0,0.04870384917517675,2,2012,Monday
2012-02-28,FOODS_1,207.0,3750.0,0.0552,2,2012,Tuesday
2012-02-29,FOODS_1,207.0,3750.0,0.0552,2,2012,Wednesday
2012-03-01,FOODS_1,250.0,3750.0,0.06666666666666667,3,2012,Thursday
2012-03-02,FOODS_1,334.0,3750.0,0.08906666666666667,3,2012,Friday
2012-03-03,FOODS_1,325.0,3750.0,0.08666666666666667,3,2012,Saturday
2012-03-04,FOODS_1,302.0,3841.0,0.07862535797969279,3,2012,Sunday
2012-03-05,FOODS_1,203.0,3832.0,0.052974947807933194,3,2012,Monday
2012-03-06,FOODS_1,215.0,3828.0,0.05616509926854754,3,2012,Tuesday
2012-03-07,FOODS_1,200.0,3828.0,0.0522466039707419,3,2012,Wednesday
2012-03-08,FOODS_1,195.0,3828.0,0.050940438871473356,3,2012,Thursday
2012-03-09,FOODS_1,261.0,3762.0,0.06937799043062201,3,2012,Friday
2012-03-10,FOODS_1,325.0,3762.0,0.08639021796916534,3,2012,Saturday
2012-03-11,FOODS_1,279.0,3762.0,0.07416267942583732,3,2012,Sunday
2012-03-12,FOODS_1,206.0,3762.0,0.05475810738968634,3,2012,Monday
2012-03-13,FOODS_1,248.0,3762.0,0.0659223817118554,3,2012,Tuesday
2012-03-14,FOODS_1,180.0,3859.0,0.046644208344130605,3,2012,Wednesday
2012-03-15,FOODS_1,216.0,3855.0,0.05603112840466926,3,2012,Thursday
2012-03-16,FOODS_1,376.0,3848.0,0.09771309771309772,3,2012,Friday
2012-03-17,FOODS_1,436.0,3848.0,0.11330561330561331,3,2012,Saturday
2012-03-18,FOODS_1,365.0,3848.0,0.09485446985446985,3,2012,Sunday
2012-03-19,FOODS_1,252.0,3781.0,0.0666490346469188,3,2012,Monday
2012-03-20,FOODS_1,203.0,3781.0,0.05368950013224015,3,2012,Tuesday
2012-03-21,FOODS_1,197.0,3781.0,0.05210261835493256,3,2012,Wednesday
2012-03-22,FOODS_1,277.0,3781.0,0.0732610420523671,3,2012,Thursday
2012-03-23,FOODS_1,321.0,3781.0,0.0848981750859561,3,2012,Friday
2012-03-24,FOODS_1,399.0,3869.0,0.10312742310674593,3,2012,Saturday
2012-03-25,FOODS_1,357.0,3864.0,0.09239130434782608,3,2012,Sunday
2012-03-26,FOODS_1,229.0,3856.0,0.05938796680497925,3,2012,Monday
2012-03-27,FOODS_1,249.0,3856.0,0.0645746887966805,3,2012,Tuesday
2012-03-28,FOODS_1,231.0,3856.0,0.05990663900414938,3,2012,Wednesday
2012-03-29,FOODS_1,201.0,3792.0,0.05300632911392405,3,2012,Thursday
2012-03-30,FOODS_1,383.0,3792.0,0.10100210970464135,3,2012,Friday
2012-03-31,FOODS_1,409.0,3792.0,0.10785864978902954,3,2012,Saturday
2012-04-01,FOODS_1,415.0,3792.0,0.10944092827004219,4,2012,Sunday
2012-04-02,FOODS_1,295.0,3792.0,0.07779535864978902,4,2012,Monday
2012-04-03,FOODS_1,359.0,3864.0,0.09290890269151139,4,2012,Tuesday
2012-04-04,FOODS_1,425.0,3861.0,0.11007511007511007,4,2012,Wednesday
2012-04-05,FOODS_1,410.0,3858.0,0.10627268014515293,4,2012,Thursday
2012-04-06,FOODS_1,537.0,3858.0,0.13919129082426127,4,2012,Friday
2012-04-07,FOODS_1,670.0,3858.0,0.17366511145671332,4,2012,Saturday
2012-04-08,FOODS_1,316.0,3776.0,0.0836864406779661,4,2012,Sunday
2012-04-09,FOODS_1,266.0,3776.0,0.0704449152542373,4,2012,Monday
2012-04-10,FOODS_1,254.0,3776.0,0.06726694915254237,4,2012,Tuesday
2012-04-11,FOODS_1,204.0,3776.0,0.05402542372881356,4,2012,Wednesday
2012-04-12,FOODS_1,225.0,3776.0,0.05958686440677966,4,2012,Thursday
2012-04-13,FOODS_1,254.0,3857.0,0.06585429089966295,4,2012,Friday
2012-04-14,FOODS_1,319.0,3852.0,0.0828141225337487,4,2012,Saturday
2012-04-15,FOODS_1,231.0,3850.0,0.06,4,2012,Sunday
2012-04-16,FOODS_1,218.0,3850.0,0.056623376623376624,4,2012,Monday
2012-04-17,FOODS_1,191.0,3850.0,0.04961038961038961,4,2012,Tuesday
2012-04-18,FOODS_1,263.0,3783.0,0.06952154374834787,4,2012,Wednesday
2012-04-19,FOODS_1,187.0,3783.0,0.04943166798836902,4,2012,Thursday
2012-04-20,FOODS_1,206.0,3783.0,0.05445413692836373,4,2012,Friday
2012-04-21,FOODS_1,300.0,3783.0,0.07930214115781126,4,2012,Saturday
2012-04-22,FOODS_1,243.0,3783.0,0.06423473433782712,4,2012,Sunday
2012-04-23,FOODS_1,165.0,3858.0,0.042768273716951785,4,2012,Monday
2012-04-24,FOODS_1,206.0,3855.0,0.053437094682230867,4,2012,Tuesday
2012-04-25,FOODS_1,224.0,3853.0,0.05813651699974046,4,2012,Wednesday
2012-04-26,FOODS_1,213.0,3853.0,0.055281598754217495,4,2012,Thursday
2012-04-27,FOODS_1,278.0,3853.0,0.07215157020503504,4,2012,Friday
2012-04-28,FOODS_1,284.0,3786.0,0.07501320655044902,4,2012,Saturday
2012-04-29,FOODS_1,282.0,3786.0,0.07448494453248812,4,2012,Sunday
2012-04-30,FOODS_1,218.0,3786.0,0.05758055995773904,4,2012,Monday
2012-05-01,FOODS_1,232.0,3786.0,0.0612783940834654,5,2012,Tuesday
2012-05-02,FOODS_1,240.0,3786.0,0.06339144215530904,5,2012,Wednesday
2012-05-03,FOODS_1,218.0,3845.0,0.056697009102730817,5,2012,Thursday
2012-05-04,FOODS_1,285.0,3842.0,0.07418011452368559,5,2012,Friday
2012-05-05,FOODS_1,273.0,3836.0,0.07116788321167883,5,2012,Saturday
2012-05-06,FOODS_1,323.0,3836.0,0.08420229405630865,5,2012,Sunday
2012-05-07,FOODS_1,209.0,3836.0,0.05448383733055266,5,2012,Monday
2012-05-08,FOODS_1,192.0,3760.0,0.05106382978723404,5,2012,Tuesday
2012-05-09,FOODS_1,206.0,3760.0,0.054787234042553194,5,2012,Wednesday
2012-05-10,FOODS_1,255.0,3760.0,0.0678191489361702,5,2012,Thursday
2012-05-11,FOODS_1,296.0,3760.0,0.07872340425531915,5,2012,Friday
2012-05-12,FOODS_1,420.0,3760.0,0.11170212765957446,5,2012,Saturday
2012-05-13,FOODS_1,368.0,3832.0,0.09603340292275574,5,2012,Sunday
2012-05-14,FOODS_1,241.0,3827.0,0.062973608570682,5,2012,Monday
2012-05-15,FOODS_1,222.0,3825.0,0.05803921568627451,5,2012,Tuesday
2012-05-16,FOODS_1,215.0,3825.0,0.05620915032679739,5,2012,Wednesday
2012-05-17,FOODS_1,252.0,3825.0,0.06588235294117648,5,2012,Thursday
2012-05-18,FOODS_1,314.0,3752.0,0.08368869936034115,5,2012,Friday
2012-05-19,FOODS_1,346.0,3752.0,0.09221748400852879,5,2012,Saturday
2012-05-20,FOODS_1,293.0,3752.0,0.07809168443496801,5,2012,Sunday
2012-05-21,FOODS_1,211.0,3752.0,0.05623667377398721,5,2012,Monday
2012-05-22,FOODS_1,186.0,3752.0,0.04957356076759062,5,2012,Tuesday
2012-05-23,FOODS_1,268.0,3829.0,0.06999216505615043,5,2012,Wednesday
2012-05-24,FOODS_1,235.0,3825.0,0.06143790849673202,5,2012,Thursday
2012-05-25,FOODS_1,314.0,3821.0,0.0821774404606124,5,2012,Friday
2012-05-26,FOODS_1,443.0,3821.0,0.11593823606385763,5,2012,Saturday
2012-05-27,FOODS_1,373.0,3821.0,0.09761842449620518,5,2012,Sunday
2012-05-28,FOODS_1,324.0,3742.0,0.0865847140566542,5,2012,Monday
2012-05-29,FOODS_1,269.0,3742.0,0.07188669160876536,5,2012,Tuesday
2012-05-30,FOODS_1,254.0,3742.0,0.06787814003206841,5,2012,Wednesday
2012-05-31,FOODS_1,309.0,3742.0,0.08257616247995724,5,2012,Thursday
2012-06-01,FOODS_1,330.0,3742.0,0.08818813468733298,6,2012,Friday
2012-06-02,FOODS_1,394.0,3826.0,0.10297961317302666,6,2012,Saturday
2012-06-03,FOODS_1,272.0,3823.0,0.07114831284331677,6,2012,Sunday
2012-06-04,FOODS_1,205.0,3822.0,0.053636839351125065,6,2012,Monday
2012-06-05,FOODS_1,215.0,3822.0,0.05625327053898482,6,2012,Tuesday
2012-06-06,FOODS_1,199.0,3822.0,0.05206698063840921,6,2012,Wednesday
2012-06-07,FOODS_1,234.0,3750.0,0.0624,6,2012,Thursday
2012-06-08,FOODS_1,223.0,3750.0,0.05946666666666667,6,2012,Friday
2012-06-09,FOODS_1,350.0,3750.0,0.09333333333333334,6,2012,Saturday
2012-06-10,FOODS_1,291.0,3750.0,0.0776,6,2012,Sunday
2012-06-11,FOODS_1,228.0,3750.0,0.0608,6,2012,Monday
2012-06-12,FOODS_1,252.0,3861.0,0.06526806526806526,6,2012,Tuesday
2012-06-13,FOODS_1,261.0,3861.0,0.0675990675990676,6,2012,Wednesday
2012-06-14,FOODS_1,291.0,3853.0,0.07552556449519855,6,2012,Thursday
2012-06-15,FOODS_1,320.0,3853.0,0.08305216714248638,6,2012,Friday
2012-06-16,FOODS_1,361.0,3853.0,0.09369322605761744,6,2012,Saturday
2012-06-17,FOODS_1,313.0,3780.0,0.08280423280423281,6,2012,Sunday
2012-06-18,FOODS_1,223.0,3780.0,0.058994708994708996,6,2012,Monday
2012-06-19,FOODS_1,235.0,3780.0,0.062169312169312166,6,2012,Tuesday
2012-06-20,FOODS_1,232.0,3780.0,0.061375661375661375,6,2012,Wednesday
2012-06-21,FOODS_1,215.0,3780.0,0.056878306878306875,6,2012,Thursday
2012-06-22,FOODS_1,264.0,3885.0,0.06795366795366796,6,2012,Friday
2012-06-23,FOODS_1,436.0,3881.0,0.11234217985055397,6,2012,Saturday
2012-06-24,FOODS_1,401.0,3878.0,0.1034038164002063,6,2012,Sunday
2012-06-25,FOODS_1,291.0,3878.0,0.07503867973182053,6,2012,Monday
2012-06-26,FOODS_1,223.0,3878.0,0.057503867973182056,6,2012,Tuesday
2012-06-27,FOODS_1,224.0,3799.0,0.058962884969728874,6,2012,Wednesday
2012-06-28,FOODS_1,225.0,3799.0,0.05922611213477231,6,2012,Thursday
2012-06-29,FOODS_1,308.0,3799.0,0.0810739668333772,6,2012,Friday
2012-06-30,FOODS_1,357.0,3799.0,0.0939720979205054,6,2012,Saturday
2012-07-01,FOODS_1,373.0,3799.0,0.09818373256120032,7,2012,Sunday
2012-07-02,FOODS_1,293.0,3876.0,0.07559339525283798,7,2012,Monday
2012-07-03,FOODS_1,331.0,3870.0,0.0855297157622739,7,2012,Tuesday
2012-07-04,FOODS_1,252.0,3865.0,0.06520051746442432,7,2012,Wednesday
2012-07-05,FOODS_1,260.0,3865.0,0.06727037516170763,7,2012,Thursday
2012-07-06,FOODS_1,281.0,3865.0,0.07270375161707633,7,2012,Friday
2012-07-07,FOODS_1,346.0,3786.0,0.09138932910723718,7,2012,Saturday
2012-07-08,FOODS_1,330.0,3786.0,0.08716323296354993,7,2012,Sunday
2012-07-09,FOODS_1,255.0,3786.0,0.06735340729001585,7,2012,Monday
2012-07-10,FOODS_1,241.0,3786.0,0.06365557316428949,7,2012,Tuesday
2012-07-11,FOODS_1,221.0,3786.0,0.0583729529846804,7,2012,Wednesday
2012-07-12,FOODS_1,252.0,3856.0,0.06535269709543569,7,2012,Thursday
2012-07-13,FOODS_1,368.0,3854.0,0.09548521017125065,7,2012,Friday
2012-07-14,FOODS_1,405.0,3848.0,0.10524948024948025,7,2012,Saturday
2012-07-15,FOODS_1,353.0,3848.0,0.09173596673596673,7,2012,Sunday
2012-07-16,FOODS_1,295.0,3848.0,0.07666320166320166,7,2012,Monday
2012-07-17,FOODS_1,323.0,3771.0,0.08565367276584461,7,2012,Tuesday
2012-07-18,FOODS_1,304.0,3771.0,0.08061522142667728,7,2012,Wednesday
2012-07-19,FOODS_1,293.0,3771.0,0.07769822328294881,7,2012,Thursday
2012-07-20,FOODS_1,363.0,3771.0,0.09626093874303898,7,2012,Friday
2012-07-21,FOODS_1,448.0,3771.0,0.11880137894457704,7,2012,Saturday
2012-07-22,FOODS_1,345.0,3852.0,0.0895638629283489,7,2012,Sunday
2012-07-23,FOODS_1,321.0,3850.0,0.08337662337662338,7,2012,Monday
2012-07-24,FOODS_1,348.0,3846.0,0.0904836193447738,7,2012,Tuesday
2012-07-25,FOODS_1,284.0,3846.0,0.07384295371814872,7,2012,Wednesday
2012-07-26,FOODS_1,301.0,3846.0,0.078263130525221,7,2012,Thursday
2012-07-27,FOODS_1,313.0,3755.0,0.0833555259653795,7,2012,Friday
2012-07-28,FOODS_1,326.0,3755.0,0.08681757656458056,7,2012,Saturday
2012-07-29,FOODS_1,300.0,3755.0,0.07989347536617843,7,2012,Sunday
2012-07-30,FOODS_1,264.0,3755.0,0.07030625832223701,7,2012,Monday
2012-07-31,FOODS_1,352.0,3755.0,0.09374167776298269,7,2012,Tuesday
2012-08-01,FOODS_1,404.0,3845.0,0.10507152145643693,8,2012,Wednesday
2012-08-02,FOODS_1,385.0,3842.0,0.10020822488287351,8,2012,Thursday
2012-08-03,FOODS_1,345.0,3838.0,0.08989056800416884,8,2012,Friday
2012-08-04,FOODS_1,489.0,3838.0,0.12741010943199582,8,2012,Saturday
2012-08-05,FOODS_1,454.0,3838.0,0.11829077644606566,8,2012,Sunday
2012-08-06,FOODS_1,276.0,3757.0,0.07346286931062018,8,2012,Monday
2012-08-07,FOODS_1,243.0,3757.0,0.06467926537130689,8,2012,Tuesday
2012-08-08,FOODS_1,307.0,3757.0,0.0817141336172478,8,2012,Wednesday
2012-08-09,FOODS_1,306.0,3757.0,0.08144796380090498,8,2012,Thursday
2012-08-10,FOODS_1,348.0,3757.0,0.0926270960873037,8,2012,Friday
2012-08-11,FOODS_1,439.0,3850.0,0.11402597402597403,8,2012,Saturday
2012-08-12,FOODS_1,363.0,3848.0,0.09433471933471933,8,2012,Sunday
2012-08-13,FOODS_1,273.0,3847.0,0.07096438783467637,8,2012,Monday
2012-08-14,FOODS_1,384.0,3847.0,0.09981804003119314,8,2012,Tuesday
2012-08-15,FOODS_1,297.0,3847.0,0.07720301533662595,8,2012,Wednesday
2012-08-16,FOODS_1,253.0,3785.0,0.06684280052840158,8,2012,Thursday
2012-08-17,FOODS_1,296.0,3785.0,0.07820343461030384,8,2012,Friday
2012-08-18,FOODS_1,452.0,3785.0,0.11941875825627477,8,2012,Saturday
2012-08-19,FOODS_1,358.0,3785.0,0.09458388375165125,8,2012,Sunday
2012-08-20,FOODS_1,286.0,3785.0,0.07556142668428005,8,2012,Monday
2012-08-21,FOODS_1,268.0,3853.0,0.06955618998183234,8,2012,Tuesday
2012-08-22,FOODS_1,271.0,3845.0,0.07048114434330299,8,2012,Wednesday
2012-08-23,FOODS_1,262.0,3841.0,0.06821140328039572,8,2012,Thursday
2012-08-24,FOODS_1,280.0,3841.0,0.0728976828950794,8,2012,Friday
2012-08-25,FOODS_1,436.0,3841.0,0.11351210622233793,8,2012,Saturday
2012-08-26,FOODS_1,273.0,3763.0,0.07254849853840022,8,2012,Sunday
2012-08-27,FOODS_1,178.0,3763.0,0.047302684028700505,8,2012,Monday
2012-08-28,FOODS_1,224.0,3763.0,0.059526973159713,8,2012,Tuesday
2012-08-29,FOODS_1,278.0,3763.0,0.07387722561785809,8,2012,Wednesday
2012-08-30,FOODS_1,310.0,3763.0,0.08238107892638852,8,2012,Thursday
2012-08-31,FOODS_1,369.0,3850.0,0.09584415584415584,8,2012,Friday
2012-09-01,FOODS_1,515.0,3841.0,0.13407966675344962,9,2012,Saturday
2012-09-02,FOODS_1,327.0,3835.0,0.08526727509778358,9,2012,Sunday
2012-09-03,FOODS_1,359.0,3835.0,0.09361147327249023,9,2012,Monday
2012-09-04,FOODS_1,278.0,3835.0,0.07249022164276402,9,2012,Tuesday
2012-09-05,FOODS_1,279.0,3768.0,0.07404458598726114,9,2012,Wednesday
2012-09-06,FOODS_1,254.0,3768.0,0.06740976645435244,9,2012,Thursday
2012-09-07,FOODS_1,333.0,3768.0,0.08837579617834394,9,2012,Friday
2012-09-08,FOODS_1,383.0,3768.0,0.10164543524416136,9,2012,Saturday
2012-09-09,FOODS_1,368.0,3768.0,0.09766454352441614,9,2012,Sunday
2012-09-10,FOODS_1,298.0,3843.0,0.07754358574030705,9,2012,Monday
2012-09-11,FOODS_1,231.0,3840.0,0.06015625,9,2012,Tuesday
2012-09-12,FOODS_1,220.0,3836.0,0.05735140771637122,9,2012,Wednesday
2012-09-13,FOODS_1,290.0,3836.0,0.07559958289885298,9,2012,Thursday
2012-09-14,FOODS_1,392.0,3836.0,0.10218978102189781,9,2012,Friday
2012-09-15,FOODS_1,423.0,3752.0,0.11273987206823027,9,2012,Saturday
2012-09-16,FOODS_1,337.0,3752.0,0.08981876332622601,9,2012,Sunday
2012-09-17,FOODS_1,264.0,3752.0,0.07036247334754797,9,2012,Monday
2012-09-18,FOODS_1,284.0,3752.0,0.07569296375266525,9,2012,Tuesday
2012-09-19,FOODS_1,280.0,3752.0,0.07462686567164178,9,2012,Wednesday
2012-09-20,FOODS_1,259.0,3818.0,0.0678365636458879,9,2012,Thursday
2012-09-21,FOODS_1,336.0,3815.0,0.08807339449541285,9,2012,Friday
2012-09-22,FOODS_1,465.0,3811.0,0.12201521910259774,9,2012,Saturday
2012-09-23,FOODS_1,351.0,3811.0,0.09210181054841249,9,2012,Sunday
2012-09-24,FOODS_1,239.0,3811.0,0.06271319863552874,9,2012,Monday
2012-09-25,FOODS_1,228.0,3744.0,0.060897435897435896,9,2012,Tuesday
2012-09-26,FOODS_1,265.0,3744.0,0.07077991452991453,9,2012,Wednesday
2012-09-27,FOODS_1,259.0,3744.0,0.06917735042735043,9,2012,Thursday
2012-09-28,FOODS_1,284.0,3744.0,0.07585470085470085,9,2012,Friday
2012-09-29,FOODS_1,388.0,3744.0,0.10363247863247864,9,2012,Saturday
2012-09-30,FOODS_1,301.0,3835.0,0.07848761408083442,9,2012,Sunday
2012-10-01,FOODS_1,242.0,3828.0,0.06321839080459771,10,2012,Monday
2012-10-02,FOODS_1,222.0,3825.0,0.05803921568627451,10,2012,Tuesday
2012-10-03,FOODS_1,238.0,3825.0,0.06222222222222222,10,2012,Wednesday
2012-10-04,FOODS_1,220.0,3825.0,0.05751633986928104,10,2012,Thursday
2012-10-05,FOODS_1,216.0,3745.0,0.05767690253671562,10,2012,Friday
2012-10-06,FOODS_1,360.0,3745.0,0.09612817089452604,10,2012,Saturday
2012-10-07,FOODS_1,369.0,3745.0,0.09853137516688919,10,2012,Sunday
2012-10-08,FOODS_1,278.0,3745.0,0.07423230974632844,10,2012,Monday
2012-10-09,FOODS_1,265.0,3745.0,0.07076101468624833,10,2012,Tuesday
2012-10-10,FOODS_1,222.0,3836.0,0.05787278415015641,10,2012,Wednesday
2012-10-11,FOODS_1,245.0,3834.0,0.0639019300991132,10,2012,Thursday
2012-10-12,FOODS_1,275.0,3830.0,0.07180156657963446,10,2012,Friday
2012-10-13,FOODS_1,348.0,3830.0,0.09086161879895562,10,2012,Saturday
2012-10-14,FOODS_1,298.0,3830.0,0.07780678851174935,10,2012,Sunday
2012-10-15,FOODS_1,256.0,3757.0,0.06813947298376365,10,2012,Monday
2012-10-16,FOODS_1,219.0,3757.0,0.05829118977907905,10,2012,Tuesday
2012-10-17,FOODS_1,235.0,3757.0,0.06254990684056427,10,2012,Wednesday
2012-10-18,FOODS_1,230.0,3757.0,0.06121905775885015,10,2012,Thursday
2012-10-19,FOODS_1,181.0,3757.0,0.04817673675805164,10,2012,Friday
2012-10-20,FOODS_1,331.0,3843.0,0.08613062711423367,10,2012,Saturday
2012-10-21,FOODS_1,292.0,3838.0,0.0760812923397603,10,2012,Sunday
2012-10-22,FOODS_1,221.0,3832.0,0.05767223382045929,10,2012,Monday
2012-10-23,FOODS_1,224.0,3832.0,0.05845511482254697,10,2012,Tuesday
2012-10-24,FOODS_1,224.0,3832.0,0.05845511482254697,10,2012,Wednesday
2012-10-25,FOODS_1,218.0,3758.0,0.05800957956359766,10,2012,Thursday
2012-10-26,FOODS_1,272.0,3758.0,0.07237892496008515,10,2012,Friday
2012-10-27,FOODS_1,354.0,3758.0,0.09419904204364024,10,2012,Saturday
2012-10-28,FOODS_1,231.0,3758.0,0.06146886641830761,10,2012,Sunday
2012-10-29,FOODS_1,215.0,3758.0,0.05721128259712613,10,2012,Monday
2012-10-30,FOODS_1,250.0,3835.0,0.0651890482398957,10,2012,Tuesday
2012-10-31,FOODS_1,252.0,3829.0,0.06581352833638025,10,2012,Wednesday
2012-11-01,FOODS_1,217.0,3827.0,0.05670237784165143,11,2012,Thursday
2012-11-02,FOODS_1,192.0,3827.0,0.050169845832244576,11,2012,Friday
2012-11-03,FOODS_1,237.0,3827.0,0.061928403449176904,11,2012,Saturday
2012-11-04,FOODS_1,260.0,3756.0,0.06922257720979766,11,2012,Sunday
2012-11-05,FOODS_1,222.0,3756.0,0.05910543130990415,11,2012,Monday
2012-11-06,FOODS_1,178.0,3756.0,0.04739084132055378,11,2012,Tuesday
2012-11-07,FOODS_1,211.0,3756.0,0.056176783812566564,11,2012,Wednesday
2012-11-08,FOODS_1,189.0,3756.0,0.050319488817891375,11,2012,Thursday
2012-11-09,FOODS_1,276.0,3851.0,0.07166969618280966,11,2012,Friday
2012-11-10,FOODS_1,338.0,3846.0,0.08788351534061363,11,2012,Saturday
2012-11-11,FOODS_1,229.0,3841.0,0.05961989065347566,11,2012,Sunday
2012-11-12,FOODS_1,219.0,3841.0,0.05701640197865139,11,2012,Monday
2012-11-13,FOODS_1,190.0,3841.0,0.04946628482166102,11,2012,Tuesday
2012-11-14,FOODS_1,203.0,3773.0,0.05380333951762523,11,2012,Wednesday
2012-11-15,FOODS_1,224.0,3773.0,0.059369202226345084,11,2012,Thursday
2012-11-16,FOODS_1,302.0,3773.0,0.08004240657301882,11,2012,Friday
2012-11-17,FOODS_1,292.0,3773.0,0.0773919957593427,11,2012,Saturday
2012-11-18,FOODS_1,283.0,3773.0,0.07500662602703419,11,2012,Sunday
2012-11-19,FOODS_1,218.0,3872.0,0.05630165289256198,11,2012,Monday
2012-11-20,FOODS_1,257.0,3865.0,0.06649417852522639,11,2012,Tuesday
2012-11-21,FOODS_1,239.0,3856.0,0.06198132780082988,11,2012,Wednesday
2012-11-22,FOODS_1,109.0,3856.0,0.028267634854771784,11,2012,Thursday
2012-11-23,FOODS_1,254.0,3856.0,0.06587136929460581,11,2012,Friday
2012-11-24,FOODS_1,220.0,3777.0,0.05824728620598359,11,2012,Saturday
2012-11-25,FOODS_1,206.0,3777.0,0.05454064072014827,11,2012,Sunday
2012-11-26,FOODS_1,181.0,3777.0,0.04792163092401377,11,2012,Monday
2012-11-27,FOODS_1,209.0,3777.0,0.055334921895684404,11,2012,Tuesday
2012-11-28,FOODS_1,190.0,3777.0,0.05030447445062219,11,2012,Wednesday
2012-11-29,FOODS_1,159.0,3841.0,0.0413954699297058,11,2012,Thursday
2012-11-30,FOODS_1,223.0,3838.0,0.05810317873892652,11,2012,Friday
2012-12-01,FOODS_1,396.0,3833.0,0.10331333159405166,12,2012,Saturday
2012-12-02,FOODS_1,294.0,3833.0,0.07670232194103835,12,2012,Sunday
2012-12-03,FOODS_1,234.0,3833.0,0.061048786851030525,12,2012,Monday
2012-12-04,FOODS_1,238.0,3770.0,0.06312997347480107,12,2012,Tuesday
2012-12-05,FOODS_1,204.0,3770.0,0.05411140583554377,12,2012,Wednesday
2012-12-06,FOODS_1,252.0,3770.0,0.06684350132625995,12,2012,Thursday
2012-12-07,FOODS_1,290.0,3770.0,0.07692307692307693,12,2012,Friday
2012-12-08,FOODS_1,393.0,3770.0,0.10424403183023873,12,2012,Saturday
2012-12-09,FOODS_1,321.0,3867.0,0.08301008533747091,12,2012,Sunday
2012-12-10,FOODS_1,199.0,3863.0,0.05151436707222366,12,2012,Monday
2012-12-11,FOODS_1,218.0,3860.0,0.05647668393782383,12,2012,Tuesday
2012-12-12,FOODS_1,228.0,3860.0,0.05906735751295337,12,2012,Wednesday
2012-12-13,FOODS_1,250.0,3860.0,0.06476683937823834,12,2012,Thursday
2012-12-14,FOODS_1,283.0,3794.0,0.07459146020031629,12,2012,Friday
2012-12-15,FOODS_1,404.0,3794.0,0.10648392198207696,12,2012,Saturday
2012-12-16,FOODS_1,296.0,3794.0,0.07801792303637323,12,2012,Sunday
2012-12-17,FOODS_1,271.0,3794.0,0.07142857142857142,12,2012,Monday
2012-12-18,FOODS_1,337.0,3794.0,0.08882445967316815,12,2012,Tuesday
2012-12-19,FOODS_1,281.0,3873.0,0.07255357603924606,12,2012,Wednesday
2012-12-20,FOODS_1,381.0,3867.0,0.09852598913886734,12,2012,Thursday
2012-12-21,FOODS_1,457.0,3863.0,0.11830183794977997,12,2012,Friday
2012-12-22,FOODS_1,409.0,3863.0,0.10587626197256018,12,2012,Saturday
2012-12-23,FOODS_1,483.0,3863.0,0.125032358270774,12,2012,Sunday
2012-12-24,FOODS_1,439.0,3791.0,0.11580058032181482,12,2012,Monday
2012-12-25,FOODS_1,0.0,3791.0,0.0,12,2012,Tuesday
2012-12-26,FOODS_1,166.0,3791.0,0.04378791875494593,12,2012,Wednesday
2012-12-27,FOODS_1,232.0,3791.0,0.06119757319968346,12,2012,Thursday
2012-12-28,FOODS_1,206.0,3791.0,0.05433922447902928,12,2012,Friday
2012-12-29,FOODS_1,267.0,3864.0,0.06909937888198758,12,2012,Saturday
2012-12-30,FOODS_1,293.0,3861.0,0.07588707588707588,12,2012,Sunday
2012-12-31,FOODS_1,241.0,3856.0,0.0625,12,2012,Monday
2013-01-01,FOODS_1,183.0,3856.0,0.04745850622406639,1,2013,Tuesday
2013-01-02,FOODS_1,278.0,3856.0,0.0720954356846473,1,2013,Wednesday
2013-01-03,FOODS_1,224.0,3773.0,0.059369202226345084,1,2013,Thursday
2013-01-04,FOODS_1,278.0,3773.0,0.07368142062019613,1,2013,Friday
2013-01-05,FOODS_1,328.0,3773.0,0.08693347468857673,1,2013,Saturday
2013-01-06,FOODS_1,273.0,3773.0,0.07235621521335807,1,2013,Sunday
2013-01-07,FOODS_1,302.0,3773.0,0.08004240657301882,1,2013,Monday
2013-01-08,FOODS_1,248.0,3850.0,0.06441558441558441,1,2013,Tuesday
2013-01-09,FOODS_1,221.0,3846.0,0.05746229849193968,1,2013,Wednesday
2013-01-10,FOODS_1,268.0,3840.0,0.06979166666666667,1,2013,Thursday
2013-01-11,FOODS_1,295.0,3840.0,0.07682291666666667,1,2013,Friday
2013-01-12,FOODS_1,403.0,3840.0,0.10494791666666667,1,2013,Saturday
2013-01-13,FOODS_1,300.0,3749.0,0.08002133902373966,1,2013,Sunday
2013-01-14,FOODS_1,220.0,3749.0,0.058682315284075755,1,2013,Monday
2013-01-15,FOODS_1,233.0,3749.0,0.06214990664177114,1,2013,Tuesday
2013-01-16,FOODS_1,180.0,3749.0,0.0480128034142438,1,2013,Wednesday
2013-01-17,FOODS_1,246.0,3749.0,0.06561749799946652,1,2013,Thursday
2013-01-18,FOODS_1,267.0,3829.0,0.0697310002611648,1,2013,Friday
2013-01-19,FOODS_1,338.0,3825.0,0.08836601307189543,1,2013,Saturday
2013-01-20,FOODS_1,273.0,3818.0,0.071503404924044,1,2013,Sunday
2013-01-21,FOODS_1,189.0,3818.0,0.04950235725510738,1,2013,Monday
2013-01-22,FOODS_1,237.0,3818.0,0.062074384494499736,1,2013,Tuesday
2013-01-23,FOODS_1,246.0,3748.0,0.06563500533617929,1,2013,Wednesday
2013-01-24,FOODS_1,282.0,3748.0,0.07524012806830309,1,2013,Thursday
2013-01-25,FOODS_1,296.0,3748.0,0.07897545357524013,1,2013,Friday
2013-01-26,FOODS_1,359.0,3748.0,0.09578441835645678,1,2013,Saturday
2013-01-27,FOODS_1,313.0,3748.0,0.08351120597652081,1,2013,Sunday
2013-01-28,FOODS_1,205.0,3818.0,0.0536930330015715,1,2013,Monday
2013-01-29,FOODS_1,245.0,3813.0,0.06425386834513507,1,2013,Tuesday
2013-01-30,FOODS_1,202.0,3806.0,0.05307409353652128,1,2013,Wednesday
2013-01-31,FOODS_1,259.0,3806.0,0.06805044666316343,1,2013,Thursday
2013-02-01,FOODS_1,345.0,3806.0,0.0906463478717814,2,2013,Friday
2013-02-02,FOODS_1,411.0,3741.0,0.10986367281475541,2,2013,Saturday
2013-02-03,FOODS_1,225.0,3741.0,0.060144346431435444,2,2013,Sunday
2013-02-04,FOODS_1,201.0,3741.0,0.053728949478749,2,2013,Monday
2013-02-05,FOODS_1,247.0,3741.0,0.06602512697139802,2,2013,Tuesday
2013-02-06,FOODS_1,248.0,3741.0,0.06629243517775996,2,2013,Wednesday
2013-02-07,FOODS_1,338.0,3820.0,0.08848167539267016,2,2013,Thursday
2013-02-08,FOODS_1,406.0,3817.0,0.106366256222164,2,2013,Friday
2013-02-09,FOODS_1,478.0,3813.0,0.12536060844479413,2,2013,Saturday
2013-02-10,FOODS_1,380.0,3813.0,0.0996590611067401,2,2013,Sunday
2013-02-11,FOODS_1,323.0,3813.0,0.08471020194072909,2,2013,Monday
2013-02-12,FOODS_1,279.0,3739.0,0.07461888205402514,2,2013,Tuesday
2013-02-13,FOODS_1,507.0,3739.0,0.13559775341000269,2,2013,Wednesday
2013-02-14,FOODS_1,354.0,3739.0,0.09467772131585986,2,2013,Thursday
2013-02-15,FOODS_1,326.0,3739.0,0.08718908799144157,2,2013,Friday
2013-02-16,FOODS_1,293.0,3739.0,0.07836319871623429,2,2013,Saturday
2013-02-17,FOODS_1,288.0,3816.0,0.07547169811320754,2,2013,Sunday
2013-02-18,FOODS_1,250.0,3813.0,0.06556517178075007,2,2013,Monday
2013-02-19,FOODS_1,191.0,3806.0,0.05018392012611666,2,2013,Tuesday
2013-02-20,FOODS_1,273.0,3806.0,0.07172884918549659,2,2013,Wednesday
2013-02-21,FOODS_1,310.0,3806.0,0.0814503415659485,2,2013,Thursday
2013-02-22,FOODS_1,313.0,3732.0,0.08386923901393355,2,2013,Friday
2013-02-23,FOODS_1,341.0,3732.0,0.09137191854233655,2,2013,Saturday
2013-02-24,FOODS_1,293.0,3732.0,0.0785101822079314,2,2013,Sunday
2013-02-25,FOODS_1,192.0,3732.0,0.05144694533762058,2,2013,Monday
2013-02-26,FOODS_1,202.0,3732.0,0.05412647374062165,2,2013,Tuesday
2013-02-27,FOODS_1,197.0,3810.0,0.05170603674540682,2,2013,Wednesday
2013-02-28,FOODS_1,210.0,3806.0,0.055176037834997374,2,2013,Thursday
2013-03-01,FOODS_1,260.0,3806.0,0.06831318970047294,3,2013,Friday
2013-03-02,FOODS_1,336.0,3806.0,0.0882816605359958,3,2013,Saturday
2013-03-03,FOODS_1,326.0,3806.0,0.08565423016290068,3,2013,Sunday
2013-03-04,FOODS_1,193.0,3733.0,0.05170104473613715,3,2013,Monday
2013-03-05,FOODS_1,243.0,3733.0,0.0650950977765872,3,2013,Tuesday
2013-03-06,FOODS_1,262.0,3733.0,0.0701848379319582,3,2013,Wednesday
2013-03-07,FOODS_1,228.0,3733.0,0.06107688186445218,3,2013,Thursday
2013-03-08,FOODS_1,331.0,3733.0,0.08866863112777927,3,2013,Friday
2013-03-09,FOODS_1,443.0,3805.0,0.1164257555847569,3,2013,Saturday
2013-03-10,FOODS_1,310.0,3797.0,0.08164340268633132,3,2013,Sunday
2013-03-11,FOODS_1,242.0,3792.0,0.06381856540084388,3,2013,Monday
2013-03-12,FOODS_1,191.0,3792.0,0.05036919831223629,3,2013,Tuesday
2013-03-13,FOODS_1,250.0,3792.0,0.06592827004219409,3,2013,Wednesday
2013-03-14,FOODS_1,256.0,3721.0,0.06879871002418704,3,2013,Thursday
2013-03-15,FOODS_1,402.0,3721.0,0.10803547433485622,3,2013,Friday
2013-03-16,FOODS_1,441.0,3721.0,0.11851652781510347,3,2013,Saturday
2013-03-17,FOODS_1,308.0,3721.0,0.08277344799785004,3,2013,Sunday
2013-03-18,FOODS_1,173.0,3721.0,0.046492878258532655,3,2013,Monday
2013-03-19,FOODS_1,235.0,3791.0,0.06198892112898971,3,2013,Tuesday
2013-03-20,FOODS_1,216.0,3787.0,0.05703723263797201,3,2013,Wednesday
2013-03-21,FOODS_1,251.0,3778.0,0.0664372683959767,3,2013,Thursday
2013-03-22,FOODS_1,371.0,3778.0,0.09820010587612493,3,2013,Friday
2013-03-23,FOODS_1,396.0,3778.0,0.10481736368448914,3,2013,Saturday
2013-03-24,FOODS_1,375.0,3698.0,0.10140616549486209,3,2013,Sunday
2013-03-25,FOODS_1,330.0,3698.0,0.08923742563547864,3,2013,Monday
2013-03-26,FOODS_1,281.0,3698.0,0.07598702001081666,3,2013,Tuesday
2013-03-27,FOODS_1,302.0,3698.0,0.08166576527852894,3,2013,Wednesday
2013-03-28,FOODS_1,394.0,3698.0,0.1065440778799351,3,2013,Thursday
2013-03-29,FOODS_1,398.0,3797.0,0.10481959441664472,3,2013,Friday
2013-03-30,FOODS_1,615.0,3790.0,0.16226912928759896,3,2013,Saturday
2013-03-31,FOODS_1,349.0,3786.0,0.09218172213417855,3,2013,Sunday
2013-04-01,FOODS_1,199.0,3786.0,0.05256207078711041,4,2013,Monday
2013-04-02,FOODS_1,217.0,3786.0,0.05731642894875858,4,2013,Tuesday
2013-04-03,FOODS_1,181.0,3711.0,0.048773915386688224,4,2013,Wednesday
2013-04-04,FOODS_1,246.0,3711.0,0.06628940986257073,4,2013,Thursday
2013-04-05,FOODS_1,320.0,3711.0,0.08623012665049852,4,2013,Friday
2013-04-06,FOODS_1,340.0,3711.0,0.09161950956615468,4,2013,Saturday
2013-04-07,FOODS_1,273.0,3711.0,0.07356507679870655,4,2013,Sunday
2013-04-08,FOODS_1,190.0,3797.0,0.05003950487226758,4,2013,Monday
2013-04-09,FOODS_1,210.0,3797.0,0.05530682117461153,4,2013,Tuesday
2013-04-10,FOODS_1,250.0,3794.0,0.06589351607801792,4,2013,Wednesday
2013-04-11,FOODS_1,294.0,3794.0,0.07749077490774908,4,2013,Thursday
2013-04-12,FOODS_1,285.0,3794.0,0.07511860832894043,4,2013,Friday
2013-04-13,FOODS_1,327.0,3722.0,0.08785599140247179,4,2013,Saturday
2013-04-14,FOODS_1,310.0,3722.0,0.08328855454056959,4,2013,Sunday
2013-04-15,FOODS_1,205.0,3722.0,0.05507791509940892,4,2013,Monday
2013-04-16,FOODS_1,208.0,3722.0,0.05588393336915637,4,2013,Tuesday
2013-04-17,FOODS_1,216.0,3722.0,0.05803331542181623,4,2013,Wednesday
2013-04-18,FOODS_1,205.0,3793.0,0.054046928552596886,4,2013,Thursday
2013-04-19,FOODS_1,279.0,3788.0,0.07365364308342133,4,2013,Friday
2013-04-20,FOODS_1,332.0,3785.0,0.08771466314398943,4,2013,Saturday
2013-04-21,FOODS_1,271.0,3785.0,0.07159841479524438,4,2013,Sunday
2013-04-22,FOODS_1,199.0,3785.0,0.052575957727873185,4,2013,Monday
2013-04-23,FOODS_1,200.0,3704.0,0.05399568034557235,4,2013,Tuesday
2013-04-24,FOODS_1,220.0,3704.0,0.05939524838012959,4,2013,Wednesday
2013-04-25,FOODS_1,256.0,3704.0,0.06911447084233262,4,2013,Thursday
2013-04-26,FOODS_1,322.0,3704.0,0.08693304535637149,4,2013,Friday
2013-04-27,FOODS_1,326.0,3704.0,0.08801295896328294,4,2013,Saturday
2013-04-28,FOODS_1,258.0,3797.0,0.06794838030023703,4,2013,Sunday
2013-04-29,FOODS_1,152.0,3790.0,0.04010554089709763,4,2013,Monday
2013-04-30,FOODS_1,233.0,3789.0,0.061493797835840594,4,2013,Tuesday
2013-05-01,FOODS_1,217.0,3789.0,0.05727104776986012,5,2013,Wednesday
2013-05-02,FOODS_1,208.0,3789.0,0.05489575085774611,5,2013,Thursday
2013-05-03,FOODS_1,310.0,3716.0,0.08342303552206674,5,2013,Friday
2013-05-04,FOODS_1,380.0,3716.0,0.10226049515608181,5,2013,Saturday
2013-05-05,FOODS_1,307.0,3716.0,0.0826157158234661,5,2013,Sunday
2013-05-06,FOODS_1,291.0,3716.0,0.07831001076426265,5,2013,Monday
2013-05-07,FOODS_1,272.0,3716.0,0.07319698600645856,5,2013,Tuesday
2013-05-08,FOODS_1,271.0,3796.0,0.071390937829294,5,2013,Wednesday
2013-05-09,FOODS_1,318.0,3790.0,0.08390501319261214,5,2013,Thursday
2013-05-10,FOODS_1,377.0,3787.0,0.09955109585423819,5,2013,Friday
2013-05-11,FOODS_1,464.0,3787.0,0.12252442566675469,5,2013,Saturday
2013-05-12,FOODS_1,318.0,3787.0,0.08397148138368102,5,2013,Sunday
2013-05-13,FOODS_1,221.0,3711.0,0.05955268121800054,5,2013,Monday
2013-05-14,FOODS_1,273.0,3711.0,0.07356507679870655,5,2013,Tuesday
2013-05-15,FOODS_1,234.0,3711.0,0.06305578011317704,5,2013,Wednesday
2013-05-16,FOODS_1,345.0,3711.0,0.09296685529506872,5,2013,Thursday
2013-05-17,FOODS_1,368.0,3711.0,0.0991646456480733,5,2013,Friday
2013-05-18,FOODS_1,367.0,3794.0,0.09673168160253032,5,2013,Saturday
2013-05-19,FOODS_1,336.0,3789.0,0.08867775138558986,5,2013,Sunday
2013-05-20,FOODS_1,236.0,3786.0,0.06233491811938722,5,2013,Monday
2013-05-21,FOODS_1,317.0,3786.0,0.08372952984680401,5,2013,Tuesday
2013-05-22,FOODS_1,298.0,3786.0,0.07871104067617539,5,2013,Wednesday
2013-05-23,FOODS_1,374.0,3720.0,0.10053763440860215,5,2013,Thursday
2013-05-24,FOODS_1,474.0,3720.0,0.12741935483870967,5,2013,Friday
2013-05-25,FOODS_1,439.0,3720.0,0.11801075268817204,5,2013,Saturday
2013-05-26,FOODS_1,385.0,3720.0,0.10349462365591398,5,2013,Sunday
2013-05-27,FOODS_1,319.0,3720.0,0.08575268817204301,5,2013,Monday
2013-05-28,FOODS_1,329.0,3800.0,0.08657894736842105,5,2013,Tuesday
2013-05-29,FOODS_1,354.0,3796.0,0.09325605900948367,5,2013,Wednesday
2013-05-30,FOODS_1,301.0,3792.0,0.07937763713080169,5,2013,Thursday
2013-05-31,FOODS_1,451.0,3792.0,0.11893459915611815,5,2013,Friday
2013-06-01,FOODS_1,431.0,3792.0,0.11366033755274262,6,2013,Saturday
2013-06-02,FOODS_1,371.0,3730.0,0.09946380697050938,6,2013,Sunday
2013-06-03,FOODS_1,344.0,3730.0,0.09222520107238606,6,2013,Monday
2013-06-04,FOODS_1,286.0,3730.0,0.07667560321715818,6,2013,Tuesday
2013-06-05,FOODS_1,351.0,3730.0,0.09410187667560321,6,2013,Wednesday
2013-06-06,FOODS_1,295.0,3730.0,0.07908847184986595,6,2013,Thursday
2013-06-07,FOODS_1,396.0,3809.0,0.10396429509057495,6,2013,Friday
2013-06-08,FOODS_1,473.0,3806.0,0.12427745664739884,6,2013,Saturday
2013-06-09,FOODS_1,365.0,3802.0,0.09600210415570752,6,2013,Sunday
2013-06-10,FOODS_1,380.0,3802.0,0.09994739610731194,6,2013,Monday
2013-06-11,FOODS_1,288.0,3802.0,0.07574960547080484,6,2013,Tuesday
2013-06-12,FOODS_1,305.0,3711.0,0.0821880894637564,6,2013,Wednesday
2013-06-13,FOODS_1,335.0,3711.0,0.09027216383724064,6,2013,Thursday
2013-06-14,FOODS_1,429.0,3711.0,0.11560226354082458,6,2013,Friday
2013-06-15,FOODS_1,445.0,3711.0,0.11991376987334951,6,2013,Saturday
2013-06-16,FOODS_1,330.0,3711.0,0.0889248181083266,6,2013,Sunday
2013-06-17,FOODS_1,279.0,3792.0,0.07357594936708861,6,2013,Monday
2013-06-18,FOODS_1,279.0,3790.0,0.07361477572559366,6,2013,Tuesday
2013-06-19,FOODS_1,287.0,3785.0,0.07582562747688243,6,2013,Wednesday
2013-06-20,FOODS_1,343.0,3785.0,0.09062087186261558,6,2013,Thursday
2013-06-21,FOODS_1,359.0,3785.0,0.09484808454425363,6,2013,Friday
2013-06-22,FOODS_1,450.0,3720.0,0.12096774193548387,6,2013,Saturday
2013-06-23,FOODS_1,430.0,3720.0,0.11559139784946236,6,2013,Sunday
2013-06-24,FOODS_1,353.0,3720.0,0.09489247311827957,6,2013,Monday
2013-06-25,FOODS_1,297.0,3720.0,0.07983870967741935,6,2013,Tuesday
2013-06-26,FOODS_1,318.0,3720.0,0.08548387096774193,6,2013,Wednesday
2013-06-27,FOODS_1,270.0,3783.0,0.07137192704203013,6,2013,Thursday
2013-06-28,FOODS_1,318.0,3780.0,0.08412698412698413,6,2013,Friday
2013-06-29,FOODS_1,404.0,3779.0,0.10690658904472082,6,2013,Saturday
2013-06-30,FOODS_1,400.0,3779.0,0.10584810796507012,6,2013,Sunday
2013-07-01,FOODS_1,320.0,3779.0,0.0846784863720561,7,2013,Monday
2013-07-02,FOODS_1,362.0,3713.0,0.09749528683005655,7,2013,Tuesday
2013-07-03,FOODS_1,398.0,3713.0,0.10719095071370859,7,2013,Wednesday
2013-07-04,FOODS_1,354.0,3713.0,0.09534069485591166,7,2013,Thursday
2013-07-05,FOODS_1,495.0,3713.0,0.13331537840021546,7,2013,Friday
2013-07-06,FOODS_1,490.0,3713.0,0.1319687584163749,7,2013,Saturday
2013-07-07,FOODS_1,415.0,3819.0,0.10866719036396963,7,2013,Sunday
2013-07-08,FOODS_1,350.0,3815.0,0.09174311926605505,7,2013,Monday
2013-07-09,FOODS_1,367.0,3809.0,0.09635074822788134,7,2013,Tuesday
2013-07-10,FOODS_1,311.0,3809.0,0.08164872669992124,7,2013,Wednesday
2013-07-11,FOODS_1,344.0,3809.0,0.09031241795746915,7,2013,Thursday
2013-07-12,FOODS_1,437.0,3735.0,0.11700133868808568,7,2013,Friday
2013-07-13,FOODS_1,465.0,3735.0,0.12449799196787148,7,2013,Saturday
2013-07-14,FOODS_1,426.0,3735.0,0.1140562248995984,7,2013,Sunday
2013-07-15,FOODS_1,311.0,3735.0,0.08326639892904954,7,2013,Monday
2013-07-16,FOODS_1,314.0,3735.0,0.08406961178045515,7,2013,Tuesday
2013-07-17,FOODS_1,359.0,3823.0,0.09390530996599529,7,2013,Wednesday
2013-07-18,FOODS_1,323.0,3821.0,0.08453284480502486,7,2013,Thursday
2013-07-19,FOODS_1,421.0,3815.0,0.11035386631716906,7,2013,Friday
2013-07-20,FOODS_1,484.0,3815.0,0.12686762778505897,7,2013,Saturday
2013-07-21,FOODS_1,444.0,3815.0,0.1163826998689384,7,2013,Sunday
2013-07-22,FOODS_1,353.0,3753.0,0.09405808686384226,7,2013,Monday
2013-07-23,FOODS_1,341.0,3753.0,0.09086064481747935,7,2013,Tuesday
2013-07-24,FOODS_1,422.0,3753.0,0.11244337863042898,7,2013,Wednesday
2013-07-25,FOODS_1,346.0,3753.0,0.09219291233679723,7,2013,Thursday
2013-07-26,FOODS_1,433.0,3753.0,0.11537436717292833,7,2013,Friday
2013-07-27,FOODS_1,463.0,3833.0,0.1207931124445604,7,2013,Saturday
2013-07-28,FOODS_1,432.0,3830.0,0.11279373368146214,7,2013,Sunday
2013-07-29,FOODS_1,387.0,3828.0,0.10109717868338558,7,2013,Monday
2013-07-30,FOODS_1,408.0,3828.0,0.10658307210031348,7,2013,Tuesday
2013-07-31,FOODS_1,385.0,3828.0,0.10057471264367816,7,2013,Wednesday
2013-08-01,FOODS_1,371.0,3773.0,0.09833024118738404,8,2013,Thursday
2013-08-02,FOODS_1,549.0,3773.0,0.14550755367081897,8,2013,Friday
2013-08-03,FOODS_1,600.0,3773.0,0.1590246488205672,8,2013,Saturday
2013-08-04,FOODS_1,413.0,3773.0,0.10946196660482375,8,2013,Sunday
2013-08-05,FOODS_1,366.0,3773.0,0.09700503578054598,8,2013,Monday
2013-08-06,FOODS_1,374.0,3842.0,0.09734513274336283,8,2013,Tuesday
2013-08-07,FOODS_1,300.0,3842.0,0.07808433107756377,8,2013,Wednesday
2013-08-08,FOODS_1,392.0,3834.0,0.10224308815858112,8,2013,Thursday
2013-08-09,FOODS_1,365.0,3834.0,0.09520083463745435,8,2013,Friday
2013-08-10,FOODS_1,456.0,3834.0,0.1189358372456964,8,2013,Saturday
2013-08-11,FOODS_1,362.0,3762.0,0.0962254120148857,8,2013,Sunday
2013-08-12,FOODS_1,311.0,3762.0,0.08266879319510899,8,2013,Monday
2013-08-13,FOODS_1,284.0,3762.0,0.07549175970228601,8,2013,Tuesday
2013-08-14,FOODS_1,332.0,3762.0,0.08825093035619351,8,2013,Wednesday
2013-08-15,FOODS_1,304.0,3762.0,0.08080808080808081,8,2013,Thursday
2013-08-16,FOODS_1,401.0,3824.0,0.10486401673640168,8,2013,Friday
2013-08-17,FOODS_1,470.0,3823.0,0.12294009939837823,8,2013,Saturday
2013-08-18,FOODS_1,366.0,3820.0,0.09581151832460733,8,2013,Sunday
2013-08-19,FOODS_1,306.0,3820.0,0.08010471204188482,8,2013,Monday
2013-08-20,FOODS_1,338.0,3820.0,0.08848167539267016,8,2013,Tuesday
2013-08-21,FOODS_1,371.0,3758.0,0.09872272485364555,8,2013,Wednesday
2013-08-22,FOODS_1,326.0,3758.0,0.08674827035657265,8,2013,Thursday
2013-08-23,FOODS_1,411.0,3758.0,0.10936668440659926,8,2013,Friday
2013-08-24,FOODS_1,473.0,3758.0,0.1258648217136775,8,2013,Saturday
2013-08-25,FOODS_1,465.0,3758.0,0.12373602980308675,8,2013,Sunday
2013-08-26,FOODS_1,347.0,3852.0,0.09008307372793355,8,2013,Monday
2013-08-27,FOODS_1,345.0,3846.0,0.08970358814352575,8,2013,Tuesday
2013-08-28,FOODS_1,326.0,3842.0,0.08485163977095263,8,2013,Wednesday
2013-08-29,FOODS_1,335.0,3842.0,0.08719416970327955,8,2013,Thursday
2013-08-30,FOODS_1,410.0,3842.0,0.10671525247267048,8,2013,Friday
2013-08-31,FOODS_1,509.0,3770.0,0.1350132625994695,8,2013,Saturday
2013-09-01,FOODS_1,390.0,3770.0,0.10344827586206896,9,2013,Sunday
2013-09-02,FOODS_1,346.0,3770.0,0.09177718832891246,9,2013,Monday
2013-09-03,FOODS_1,282.0,3770.0,0.07480106100795755,9,2013,Tuesday
2013-09-04,FOODS_1,241.0,3770.0,0.06392572944297083,9,2013,Wednesday
2013-09-05,FOODS_1,288.0,3862.0,0.07457276022786122,9,2013,Thursday
2013-09-06,FOODS_1,350.0,3861.0,0.09065009065009065,9,2013,Friday
2013-09-07,FOODS_1,420.0,3857.0,0.1088929219600726,9,2013,Saturday
2013-09-08,FOODS_1,415.0,3857.0,0.10759657765102411,9,2013,Sunday
2013-09-09,FOODS_1,337.0,3857.0,0.08737360642986777,9,2013,Monday
2013-09-10,FOODS_1,298.0,3785.0,0.07873183619550858,9,2013,Tuesday
2013-09-11,FOODS_1,259.0,3785.0,0.06842800528401585,9,2013,Wednesday
2013-09-12,FOODS_1,262.0,3785.0,0.06922060766182299,9,2013,Thursday
2013-09-13,FOODS_1,380.0,3785.0,0.10039630118890357,9,2013,Friday
2013-09-14,FOODS_1,451.0,3785.0,0.11915455746367239,9,2013,Saturday
2013-09-15,FOODS_1,275.0,3885.0,0.07078507078507079,9,2013,Sunday
2013-09-16,FOODS_1,307.0,3882.0,0.07908294693456981,9,2013,Monday
2013-09-17,FOODS_1,246.0,3877.0,0.0634511220015476,9,2013,Tuesday
2013-09-18,FOODS_1,265.0,3877.0,0.06835181841630127,9,2013,Wednesday
2013-09-19,FOODS_1,244.0,3877.0,0.0629352592210472,9,2013,Thursday
2013-09-20,FOODS_1,375.0,3811.0,0.09839937024403043,9,2013,Friday
2013-09-21,FOODS_1,417.0,3811.0,0.10942009971136185,9,2013,Saturday
2013-09-22,FOODS_1,357.0,3811.0,0.09367620047231698,9,2013,Sunday
2013-09-23,FOODS_1,240.0,3811.0,0.06297559695617948,9,2013,Monday
2013-09-24,FOODS_1,312.0,3811.0,0.08186827604303333,9,2013,Tuesday
2013-09-25,FOODS_1,215.0,3894.0,0.055213148433487416,9,2013,Wednesday
2013-09-26,FOODS_1,270.0,3891.0,0.06939090208172706,9,2013,Thursday
2013-09-27,FOODS_1,289.0,3884.0,0.07440782698249228,9,2013,Friday
2013-09-28,FOODS_1,384.0,3884.0,0.09886714727085479,9,2013,Saturday
2013-09-29,FOODS_1,305.0,3884.0,0.07852729145211122,9,2013,Sunday
2013-09-30,FOODS_1,260.0,3805.0,0.0683311432325887,9,2013,Monday
2013-10-01,FOODS_1,292.0,3805.0,0.07674113009198423,10,2013,Tuesday
2013-10-02,FOODS_1,262.0,3805.0,0.06885676741130092,10,2013,Wednesday
2013-10-03,FOODS_1,263.0,3805.0,0.06911957950065703,10,2013,Thursday
2013-10-04,FOODS_1,326.0,3805.0,0.08567674113009198,10,2013,Friday
2013-10-05,FOODS_1,322.0,3893.0,0.08271256100693553,10,2013,Saturday
2013-10-06,FOODS_1,282.0,3889.0,0.07251221393674466,10,2013,Sunday
2013-10-07,FOODS_1,266.0,3885.0,0.06846846846846846,10,2013,Monday
2013-10-08,FOODS_1,267.0,3885.0,0.06872586872586872,10,2013,Tuesday
2013-10-09,FOODS_1,291.0,3885.0,0.0749034749034749,10,2013,Wednesday
2013-10-10,FOODS_1,268.0,3819.0,0.07017543859649122,10,2013,Thursday
2013-10-11,FOODS_1,402.0,3819.0,0.10526315789473684,10,2013,Friday
2013-10-12,FOODS_1,476.0,3819.0,0.12463995810421577,10,2013,Saturday
2013-10-13,FOODS_1,402.0,3819.0,0.10526315789473684,10,2013,Sunday
2013-10-14,FOODS_1,289.0,3819.0,0.07567426027755957,10,2013,Monday
2013-10-15,FOODS_1,254.0,3892.0,0.06526207605344296,10,2013,Tuesday
2013-10-16,FOODS_1,346.0,3886.0,0.08903757076685538,10,2013,Wednesday
2013-10-17,FOODS_1,236.0,3876.0,0.0608875128998968,10,2013,Thursday
2013-10-18,FOODS_1,322.0,3876.0,0.08307533539731682,10,2013,Friday
2013-10-19,FOODS_1,370.0,3876.0,0.09545923632610939,10,2013,Saturday
2013-10-20,FOODS_1,291.0,3813.0,0.07631785995279308,10,2013,Sunday
2013-10-21,FOODS_1,231.0,3813.0,0.06058221872541306,10,2013,Monday
2013-10-22,FOODS_1,247.0,3813.0,0.06477838971938106,10,2013,Tuesday
2013-10-23,FOODS_1,175.0,3813.0,0.04589562024652505,10,2013,Wednesday
2013-10-24,FOODS_1,243.0,3813.0,0.06372934697088907,10,2013,Thursday
2013-10-25,FOODS_1,331.0,3912.0,0.08461145194274029,10,2013,Friday
2013-10-26,FOODS_1,341.0,3909.0,0.087234586850857,10,2013,Saturday
2013-10-27,FOODS_1,335.0,3907.0,0.08574353724084975,10,2013,Sunday
2013-10-28,FOODS_1,264.0,3907.0,0.06757102636293831,10,2013,Monday
2013-10-29,FOODS_1,289.0,3907.0,0.07396979779882262,10,2013,Tuesday
2013-10-30,FOODS_1,366.0,3844.0,0.09521331945889698,10,2013,Wednesday
2013-10-31,FOODS_1,293.0,3844.0,0.07622268470343392,10,2013,Thursday
2013-11-01,FOODS_1,223.0,3844.0,0.05801248699271592,11,2013,Friday
2013-11-02,FOODS_1,267.0,3844.0,0.0694588969823101,11,2013,Saturday
2013-11-03,FOODS_1,272.0,3844.0,0.07075962539021852,11,2013,Sunday
2013-11-04,FOODS_1,159.0,3918.0,0.04058192955589587,11,2013,Monday
2013-11-05,FOODS_1,200.0,3910.0,0.05115089514066496,11,2013,Tuesday
2013-11-06,FOODS_1,167.0,3906.0,0.0427547363031234,11,2013,Wednesday
2013-11-07,FOODS_1,197.0,3906.0,0.050435227854582695,11,2013,Thursday
2013-11-08,FOODS_1,256.0,3906.0,0.06554019457245264,11,2013,Friday
2013-11-09,FOODS_1,288.0,3847.0,0.07486353002339485,11,2013,Saturday
2013-11-10,FOODS_1,271.0,3847.0,0.07044450220951391,11,2013,Sunday
2013-11-11,FOODS_1,220.0,3847.0,0.05718741876787107,11,2013,Monday
2013-11-12,FOODS_1,194.0,3847.0,0.05042890564075903,11,2013,Tuesday
2013-11-13,FOODS_1,177.0,3847.0,0.046009877826878084,11,2013,Wednesday
2013-11-14,FOODS_1,231.0,3945.0,0.05855513307984791,11,2013,Thursday
2013-11-15,FOODS_1,243.0,3938.0,0.0617064499746064,11,2013,Friday
2013-11-16,FOODS_1,349.0,3935.0,0.08869123252858958,11,2013,Saturday
2013-11-17,FOODS_1,233.0,3935.0,0.059212198221092756,11,2013,Sunday
2013-11-18,FOODS_1,209.0,3935.0,0.05311308767471411,11,2013,Monday
2013-11-19,FOODS_1,325.0,3865.0,0.08408796895213454,11,2013,Tuesday
2013-11-20,FOODS_1,185.0,3865.0,0.047865459249676584,11,2013,Wednesday
2013-11-21,FOODS_1,240.0,3865.0,0.062095730918499355,11,2013,Thursday
2013-11-22,FOODS_1,274.0,3865.0,0.07089262613195343,11,2013,Friday
2013-11-23,FOODS_1,355.0,3865.0,0.09184993531694696,11,2013,Saturday
2013-11-24,FOODS_1,300.0,3942.0,0.076103500761035,11,2013,Sunday
2013-11-25,FOODS_1,250.0,3938.0,0.06348400203148806,11,2013,Monday
2013-11-26,FOODS_1,291.0,3933.0,0.07398932112890923,11,2013,Tuesday
2013-11-27,FOODS_1,306.0,3933.0,0.07780320366132723,11,2013,Wednesday
2013-11-28,FOODS_1,161.0,3933.0,0.04093567251461988,11,2013,Thursday
2013-11-29,FOODS_1,233.0,3857.0,0.06040964480165932,11,2013,Friday
2013-11-30,FOODS_1,232.0,3857.0,0.06015037593984962,11,2013,Saturday
2013-12-01,FOODS_1,258.0,3857.0,0.06689136634690174,12,2013,Sunday
2013-12-02,FOODS_1,218.0,3857.0,0.05652061187451387,12,2013,Monday
2013-12-03,FOODS_1,245.0,3857.0,0.06352087114337568,12,2013,Tuesday
2013-12-04,FOODS_1,251.0,3921.0,0.06401428207090028,12,2013,Wednesday
2013-12-05,FOODS_1,261.0,3914.0,0.06668369954011241,12,2013,Thursday
2013-12-06,FOODS_1,375.0,3909.0,0.09593246354566386,12,2013,Friday
2013-12-07,FOODS_1,413.0,3909.0,0.10565361985162446,12,2013,Saturday
2013-12-08,FOODS_1,387.0,3909.0,0.09900230237912509,12,2013,Sunday
2013-12-09,FOODS_1,295.0,3822.0,0.0771847200418629,12,2013,Monday
2013-12-10,FOODS_1,317.0,3822.0,0.08294086865515438,12,2013,Tuesday
2013-12-11,FOODS_1,316.0,3822.0,0.08267922553636839,12,2013,Wednesday
2013-12-12,FOODS_1,307.0,3822.0,0.0803244374672946,12,2013,Thursday
2013-12-13,FOODS_1,422.0,3822.0,0.11041339612768185,12,2013,Friday
2013-12-14,FOODS_1,443.0,3888.0,0.113940329218107,12,2013,Saturday
2013-12-15,FOODS_1,342.0,3881.0,0.08812161813965473,12,2013,Sunday
2013-12-16,FOODS_1,306.0,3874.0,0.07898812596799173,12,2013,Monday
2013-12-17,FOODS_1,361.0,3874.0,0.09318533815178111,12,2013,Tuesday
2013-12-18,FOODS_1,436.0,3874.0,0.11254517294785751,12,2013,Wednesday
2013-12-19,FOODS_1,471.0,3797.0,0.12404529892020016,12,2013,Thursday
2013-12-20,FOODS_1,465.0,3797.0,0.12246510402949697,12,2013,Friday
2013-12-21,FOODS_1,625.0,3797.0,0.1646036344482486,12,2013,Saturday
2013-12-22,FOODS_1,571.0,3797.0,0.15038188043191994,12,2013,Sunday
2013-12-23,FOODS_1,535.0,3797.0,0.1409007110877008,12,2013,Monday
2013-12-24,FOODS_1,486.0,3877.0,0.125354655661594,12,2013,Tuesday
2013-12-25,FOODS_1,0.0,3874.0,0.0,12,2013,Wednesday
2013-12-26,FOODS_1,179.0,3874.0,0.046205472379969026,12,2013,Thursday
2013-12-27,FOODS_1,247.0,3874.0,0.06375838926174497,12,2013,Friday
2013-12-28,FOODS_1,303.0,3874.0,0.07821373257614868,12,2013,Saturday
2013-12-29,FOODS_1,344.0,3803.0,0.09045490402313963,12,2013,Sunday
2013-12-30,FOODS_1,303.0,3803.0,0.07967394162503287,12,2013,Monday
2013-12-31,FOODS_1,333.0,3803.0,0.0875624506968183,12,2013,Tuesday
2014-01-01,FOODS_1,191.0,3803.0,0.05022350775703392,1,2014,Wednesday
2014-01-02,FOODS_1,242.0,3803.0,0.06363397317906916,1,2014,Thursday
2014-01-03,FOODS_1,349.0,3880.0,0.08994845360824742,1,2014,Friday
2014-01-04,FOODS_1,312.0,3874.0,0.08053691275167785,1,2014,Saturday
2014-01-05,FOODS_1,269.0,3869.0,0.06952700956319463,1,2014,Sunday
2014-01-06,FOODS_1,230.0,3869.0,0.059446885500129235,1,2014,Monday
2014-01-07,FOODS_1,282.0,3869.0,0.07288705091754975,1,2014,Tuesday
2014-01-08,FOODS_1,277.0,3784.0,0.0732029598308668,1,2014,Wednesday
2014-01-09,FOODS_1,294.0,3784.0,0.0776955602536998,1,2014,Thursday
2014-01-10,FOODS_1,334.0,3784.0,0.08826638477801269,1,2014,Friday
2014-01-11,FOODS_1,311.0,3784.0,0.08218816067653277,1,2014,Saturday
2014-01-12,FOODS_1,321.0,3784.0,0.084830866807611,1,2014,Sunday
2014-01-13,FOODS_1,211.0,3880.0,0.05438144329896907,1,2014,Monday
2014-01-14,FOODS_1,217.0,3880.0,0.055927835051546394,1,2014,Tuesday
2014-01-15,FOODS_1,200.0,3874.0,0.05162622612287042,1,2014,Wednesday
2014-01-16,FOODS_1,198.0,3874.0,0.05110996386164171,1,2014,Thursday
2014-01-17,FOODS_1,342.0,3874.0,0.08828084667010841,1,2014,Friday
2014-01-18,FOODS_1,343.0,3805.0,0.09014454664914585,1,2014,Saturday
2014-01-19,FOODS_1,324.0,3805.0,0.08515111695137977,1,2014,Sunday
2014-01-20,FOODS_1,334.0,3805.0,0.08777923784494086,1,2014,Monday
2014-01-21,FOODS_1,224.0,3805.0,0.058869908015768725,1,2014,Tuesday
2014-01-22,FOODS_1,180.0,3805.0,0.04730617608409987,1,2014,Wednesday
2014-01-23,FOODS_1,229.0,3870.0,0.05917312661498708,1,2014,Thursday
2014-01-24,FOODS_1,316.0,3863.0,0.08180170851669687,1,2014,Friday
2014-01-25,FOODS_1,324.0,3858.0,0.08398133748055987,1,2014,Saturday
2014-01-26,FOODS_1,348.0,3858.0,0.09020217729393468,1,2014,Sunday
2014-01-27,FOODS_1,246.0,3858.0,0.06376360808709176,1,2014,Monday
2014-01-28,FOODS_1,206.0,3777.0,0.05454064072014827,1,2014,Tuesday
2014-01-29,FOODS_1,221.0,3777.0,0.058512046597828965,1,2014,Wednesday
2014-01-30,FOODS_1,226.0,3777.0,0.059835848557055864,1,2014,Thursday
2014-01-31,FOODS_1,354.0,3777.0,0.0937251787132645,1,2014,Friday
2014-02-01,FOODS_1,469.0,3777.0,0.12417262377548319,2,2014,Saturday
2014-02-02,FOODS_1,361.0,3848.0,0.09381496881496881,2,2014,Sunday
2014-02-03,FOODS_1,225.0,3844.0,0.05853277835587929,2,2014,Monday
2014-02-04,FOODS_1,249.0,3840.0,0.06484375,2,2014,Tuesday
2014-02-05,FOODS_1,253.0,3840.0,0.06588541666666667,2,2014,Wednesday
2014-02-06,FOODS_1,293.0,3840.0,0.07630208333333334,2,2014,Thursday
2014-02-07,FOODS_1,376.0,3784.0,0.09936575052854123,2,2014,Friday
2014-02-08,FOODS_1,490.0,3784.0,0.12949260042283298,2,2014,Saturday
2014-02-09,FOODS_1,426.0,3784.0,0.11257928118393234,2,2014,Sunday
2014-02-10,FOODS_1,384.0,3784.0,0.1014799154334038,2,2014,Monday
2014-02-11,FOODS_1,381.0,3784.0,0.10068710359408034,2,2014,Tuesday
2014-02-12,FOODS_1,352.0,3863.0,0.0911208904996117,2,2014,Wednesday
2014-02-13,FOODS_1,566.0,3858.0,0.14670813893208917,2,2014,Thursday
2014-02-14,FOODS_1,530.0,3855.0,0.13748378728923477,2,2014,Friday
2014-02-15,FOODS_1,361.0,3855.0,0.09364461738002594,2,2014,Saturday
2014-02-16,FOODS_1,368.0,3855.0,0.09546044098573281,2,2014,Sunday
2014-02-17,FOODS_1,263.0,3776.0,0.06965042372881355,2,2014,Monday
2014-02-18,FOODS_1,240.0,3776.0,0.0635593220338983,2,2014,Tuesday
2014-02-19,FOODS_1,248.0,3776.0,0.06567796610169492,2,2014,Wednesday
2014-02-20,FOODS_1,231.0,3776.0,0.061175847457627115,2,2014,Thursday
2014-02-21,FOODS_1,364.0,3776.0,0.09639830508474577,2,2014,Friday
2014-02-22,FOODS_1,370.0,3862.0,0.0958052822371828,2,2014,Saturday
2014-02-23,FOODS_1,309.0,3860.0,0.08005181347150259,2,2014,Sunday
2014-02-24,FOODS_1,266.0,3857.0,0.06896551724137931,2,2014,Monday
2014-02-25,FOODS_1,210.0,3857.0,0.0544464609800363,2,2014,Tuesday
2014-02-26,FOODS_1,203.0,3857.0,0.05263157894736842,2,2014,Wednesday
2014-02-27,FOODS_1,223.0,3786.0,0.05890121500264131,2,2014,Thursday
2014-02-28,FOODS_1,286.0,3786.0,0.07554146856840993,2,2014,Friday
2014-03-01,FOODS_1,418.0,3786.0,0.1104067617538299,3,2014,Saturday
2014-03-02,FOODS_1,374.0,3786.0,0.09878499735868991,3,2014,Sunday
2014-03-03,FOODS_1,232.0,3786.0,0.0612783940834654,3,2014,Monday
2014-03-04,FOODS_1,198.0,3872.0,0.05113636363636364,3,2014,Tuesday
2014-03-05,FOODS_1,225.0,3866.0,0.05819968960165546,3,2014,Wednesday
2014-03-06,FOODS_1,261.0,3864.0,0.06754658385093168,3,2014,Thursday
2014-03-07,FOODS_1,334.0,3864.0,0.08643892339544514,3,2014,Friday
2014-03-08,FOODS_1,368.0,3864.0,0.09523809523809523,3,2014,Saturday
2014-03-09,FOODS_1,270.0,3793.0,0.07118375955707883,3,2014,Sunday
2014-03-10,FOODS_1,274.0,3793.0,0.07223833377273926,3,2014,Monday
2014-03-11,FOODS_1,228.0,3793.0,0.06011073029264435,3,2014,Tuesday
2014-03-12,FOODS_1,218.0,3793.0,0.05747429475349328,3,2014,Wednesday
2014-03-13,FOODS_1,200.0,3793.0,0.052728710783021354,3,2014,Thursday
2014-03-14,FOODS_1,285.0,3880.0,0.07345360824742268,3,2014,Friday
2014-03-15,FOODS_1,441.0,3875.0,0.11380645161290323,3,2014,Saturday
2014-03-16,FOODS_1,339.0,3872.0,0.08755165289256199,3,2014,Sunday
2014-03-17,FOODS_1,248.0,3872.0,0.0640495867768595,3,2014,Monday
2014-03-18,FOODS_1,212.0,3872.0,0.05475206611570248,3,2014,Tuesday
2014-03-19,FOODS_1,235.0,3800.0,0.06184210526315789,3,2014,Wednesday
2014-03-20,FOODS_1,291.0,3800.0,0.07657894736842105,3,2014,Thursday
2014-03-21,FOODS_1,312.0,3800.0,0.08210526315789474,3,2014,Friday
2014-03-22,FOODS_1,336.0,3800.0,0.08842105263157894,3,2014,Saturday
2014-03-23,FOODS_1,318.0,3800.0,0.08368421052631579,3,2014,Sunday
2014-03-24,FOODS_1,255.0,3891.0,0.06553585196607556,3,2014,Monday
2014-03-25,FOODS_1,349.0,3887.0,0.08978646771288912,3,2014,Tuesday
2014-03-26,FOODS_1,238.0,3883.0,0.06129281483389132,3,2014,Wednesday
2014-03-27,FOODS_1,270.0,3883.0,0.0695338655678599,3,2014,Thursday
2014-03-28,FOODS_1,350.0,3883.0,0.09013649240278135,3,2014,Friday
2014-03-29,FOODS_1,413.0,3810.0,0.1083989501312336,3,2014,Saturday
2014-03-30,FOODS_1,392.0,3810.0,0.10288713910761155,3,2014,Sunday
2014-03-31,FOODS_1,271.0,3810.0,0.07112860892388452,3,2014,Monday
2014-04-01,FOODS_1,296.0,3810.0,0.07769028871391076,4,2014,Tuesday
2014-04-02,FOODS_1,411.0,3810.0,0.1078740157480315,4,2014,Wednesday
2014-04-03,FOODS_1,361.0,3901.0,0.09254037426300948,4,2014,Thursday
2014-04-04,FOODS_1,348.0,3898.0,0.08927655207798871,4,2014,Friday
2014-04-05,FOODS_1,385.0,3893.0,0.0988954533778577,4,2014,Saturday
2014-04-06,FOODS_1,383.0,3893.0,0.09838171076290779,4,2014,Sunday
2014-04-07,FOODS_1,248.0,3893.0,0.06370408425378885,4,2014,Monday
2014-04-08,FOODS_1,257.0,3811.0,0.0674363684072422,4,2014,Tuesday
2014-04-09,FOODS_1,279.0,3811.0,0.07320913146155865,4,2014,Wednesday
2014-04-10,FOODS_1,346.0,3811.0,0.09078981894515875,4,2014,Thursday
2014-04-11,FOODS_1,301.0,3811.0,0.0789818945158751,4,2014,Friday
2014-04-12,FOODS_1,496.0,3811.0,0.13014956704277092,4,2014,Saturday
2014-04-13,FOODS_1,363.0,3897.0,0.09314857582755966,4,2014,Sunday
2014-04-14,FOODS_1,269.0,3895.0,0.06906290115532734,4,2014,Monday
2014-04-15,FOODS_1,416.0,3890.0,0.10694087403598972,4,2014,Tuesday
2014-04-16,FOODS_1,457.0,3890.0,0.11748071979434448,4,2014,Wednesday
2014-04-17,FOODS_1,435.0,3890.0,0.11182519280205655,4,2014,Thursday
2014-04-18,FOODS_1,554.0,3828.0,0.14472309299895506,4,2014,Friday
2014-04-19,FOODS_1,676.0,3828.0,0.17659352142110762,4,2014,Saturday
2014-04-20,FOODS_1,360.0,3828.0,0.09404388714733543,4,2014,Sunday
2014-04-21,FOODS_1,193.0,3828.0,0.05041797283176593,4,2014,Monday
2014-04-22,FOODS_1,209.0,3828.0,0.05459770114942529,4,2014,Tuesday
2014-04-23,FOODS_1,268.0,3912.0,0.06850715746421268,4,2014,Wednesday
2014-04-24,FOODS_1,255.0,3907.0,0.06526746864601997,4,2014,Thursday
2014-04-25,FOODS_1,296.0,3904.0,0.07581967213114754,4,2014,Friday
2014-04-26,FOODS_1,388.0,3904.0,0.09938524590163934,4,2014,Saturday
2014-04-27,FOODS_1,314.0,3904.0,0.08043032786885246,4,2014,Sunday
2014-04-28,FOODS_1,250.0,3833.0,0.06522306287503261,4,2014,Monday
2014-04-29,FOODS_1,249.0,3833.0,0.06496217062353248,4,2014,Tuesday
2014-04-30,FOODS_1,240.0,3833.0,0.06261414036003131,4,2014,Wednesday
2014-05-01,FOODS_1,278.0,3833.0,0.07252804591703627,5,2014,Thursday
2014-05-02,FOODS_1,296.0,3833.0,0.07722410644403861,5,2014,Friday
2014-05-03,FOODS_1,368.0,3914.0,0.09402146142054164,5,2014,Saturday
2014-05-04,FOODS_1,387.0,3914.0,0.09887583035258048,5,2014,Sunday
2014-05-05,FOODS_1,206.0,3910.0,0.052685421994884914,5,2014,Monday
2014-05-06,FOODS_1,248.0,3910.0,0.06342710997442455,5,2014,Tuesday
2014-05-07,FOODS_1,273.0,3910.0,0.06982097186700767,5,2014,Wednesday
2014-05-08,FOODS_1,249.0,3818.0,0.06521739130434782,5,2014,Thursday
2014-05-09,FOODS_1,332.0,3818.0,0.08695652173913043,5,2014,Friday
2014-05-10,FOODS_1,370.0,3818.0,0.09690937663698271,5,2014,Saturday
2014-05-11,FOODS_1,253.0,3818.0,0.06626506024096386,5,2014,Sunday
2014-05-12,FOODS_1,202.0,3818.0,0.05290728129910948,5,2014,Monday
2014-05-13,FOODS_1,272.0,3896.0,0.06981519507186858,5,2014,Tuesday
2014-05-14,FOODS_1,228.0,3893.0,0.05856665810428975,5,2014,Wednesday
2014-05-15,FOODS_1,245.0,3890.0,0.06298200514138817,5,2014,Thursday
2014-05-16,FOODS_1,303.0,3890.0,0.07789203084832905,5,2014,Friday
2014-05-17,FOODS_1,337.0,3890.0,0.08663239074550129,5,2014,Saturday
2014-05-18,FOODS_1,347.0,3825.0,0.09071895424836601,5,2014,Sunday
2014-05-19,FOODS_1,308.0,3825.0,0.08052287581699347,5,2014,Monday
2014-05-20,FOODS_1,252.0,3825.0,0.06588235294117648,5,2014,Tuesday
2014-05-21,FOODS_1,294.0,3825.0,0.07686274509803921,5,2014,Wednesday
2014-05-22,FOODS_1,281.0,3825.0,0.0734640522875817,5,2014,Thursday
2014-05-23,FOODS_1,321.0,3888.0,0.08256172839506173,5,2014,Friday
2014-05-24,FOODS_1,343.0,3883.0,0.08833376255472573,5,2014,Saturday
2014-05-25,FOODS_1,379.0,3877.0,0.09775599690482331,5,2014,Sunday
2014-05-26,FOODS_1,250.0,3877.0,0.06448284756254836,5,2014,Monday
2014-05-27,FOODS_1,207.0,3877.0,0.05339179778179005,5,2014,Tuesday
2014-05-28,FOODS_1,197.0,3810.0,0.05170603674540682,5,2014,Wednesday
2014-05-29,FOODS_1,280.0,3810.0,0.07349081364829396,5,2014,Thursday
2014-05-30,FOODS_1,326.0,3810.0,0.08556430446194226,5,2014,Friday
2014-05-31,FOODS_1,461.0,3810.0,0.120997375328084,5,2014,Saturday
2014-06-01,FOODS_1,498.0,3810.0,0.13070866141732285,6,2014,Sunday
2014-06-02,FOODS_1,298.0,3898.0,0.07644946126218574,6,2014,Monday
2014-06-03,FOODS_1,281.0,3896.0,0.07212525667351129,6,2014,Tuesday
2014-06-04,FOODS_1,342.0,3894.0,0.08782742681047766,6,2014,Wednesday
2014-06-05,FOODS_1,278.0,3894.0,0.07139188495120699,6,2014,Thursday
2014-06-06,FOODS_1,356.0,3894.0,0.09142270159219312,6,2014,Friday
2014-06-07,FOODS_1,456.0,3820.0,0.1193717277486911,6,2014,Saturday
2014-06-08,FOODS_1,405.0,3820.0,0.10602094240837696,6,2014,Sunday
2014-06-09,FOODS_1,391.0,3820.0,0.10235602094240838,6,2014,Monday
2014-06-10,FOODS_1,304.0,3820.0,0.07958115183246073,6,2014,Tuesday
2014-06-11,FOODS_1,340.0,3820.0,0.08900523560209424,6,2014,Wednesday
2014-06-12,FOODS_1,413.0,3893.0,0.10608784998715644,6,2014,Thursday
2014-06-13,FOODS_1,427.0,3890.0,0.10976863753213367,6,2014,Friday
2014-06-14,FOODS_1,452.0,3886.0,0.11631497683993824,6,2014,Saturday
2014-06-15,FOODS_1,364.0,3886.0,0.09366958311888832,6,2014,Sunday
2014-06-16,FOODS_1,304.0,3886.0,0.0782295419454452,6,2014,Monday
2014-06-17,FOODS_1,224.0,3808.0,0.058823529411764705,6,2014,Tuesday
2014-06-18,FOODS_1,322.0,3808.0,0.08455882352941177,6,2014,Wednesday
2014-06-19,FOODS_1,244.0,3808.0,0.06407563025210083,6,2014,Thursday
2014-06-20,FOODS_1,382.0,3808.0,0.10031512605042017,6,2014,Friday
2014-06-21,FOODS_1,328.0,3808.0,0.0861344537815126,6,2014,Saturday
2014-06-22,FOODS_1,315.0,3880.0,0.08118556701030928,6,2014,Sunday
2014-06-23,FOODS_1,405.0,3876.0,0.1044891640866873,6,2014,Monday
2014-06-24,FOODS_1,316.0,3872.0,0.08161157024793389,6,2014,Tuesday
2014-06-25,FOODS_1,261.0,3872.0,0.06740702479338843,6,2014,Wednesday
2014-06-26,FOODS_1,267.0,3872.0,0.06895661157024793,6,2014,Thursday
2014-06-27,FOODS_1,307.0,3794.0,0.080917237743806,6,2014,Friday
2014-06-28,FOODS_1,350.0,3794.0,0.09225092250922509,6,2014,Saturday
2014-06-29,FOODS_1,307.0,3794.0,0.080917237743806,6,2014,Sunday
2014-06-30,FOODS_1,264.0,3794.0,0.06958355297838692,6,2014,Monday
2014-07-01,FOODS_1,292.0,3794.0,0.07696362677912494,7,2014,Tuesday
2014-07-02,FOODS_1,360.0,3897.0,0.09237875288683603,7,2014,Wednesday
2014-07-03,FOODS_1,507.0,3895.0,0.1301668806161746,7,2014,Thursday
2014-07-04,FOODS_1,342.0,3889.0,0.08794034456158395,7,2014,Friday
2014-07-05,FOODS_1,371.0,3889.0,0.09539727436358961,7,2014,Saturday
2014-07-06,FOODS_1,323.0,3889.0,0.08305476986371818,7,2014,Sunday
2014-07-07,FOODS_1,255.0,3812.0,0.06689401888772298,7,2014,Monday
2014-07-08,FOODS_1,305.0,3812.0,0.08001049317943337,7,2014,Tuesday
2014-07-09,FOODS_1,292.0,3812.0,0.07660020986358866,7,2014,Wednesday
2014-07-10,FOODS_1,329.0,3812.0,0.08630640083945436,7,2014,Thursday
2014-07-11,FOODS_1,390.0,3812.0,0.10230849947534103,7,2014,Friday
2014-07-12,FOODS_1,425.0,3897.0,0.10905824993584809,7,2014,Saturday
2014-07-13,FOODS_1,347.0,3895.0,0.08908857509627728,7,2014,Sunday
2014-07-14,FOODS_1,313.0,3891.0,0.0804420457465947,7,2014,Monday
2014-07-15,FOODS_1,273.0,3891.0,0.07016191210485737,7,2014,Tuesday
2014-07-16,FOODS_1,302.0,3891.0,0.07761500899511693,7,2014,Wednesday
2014-07-17,FOODS_1,362.0,3812.0,0.09496327387198321,7,2014,Thursday
2014-07-18,FOODS_1,369.0,3812.0,0.09679958027282266,7,2014,Friday
2014-07-19,FOODS_1,446.0,3812.0,0.11699895068205667,7,2014,Saturday
2014-07-20,FOODS_1,359.0,3812.0,0.09417628541448059,7,2014,Sunday
2014-07-21,FOODS_1,326.0,3812.0,0.08551941238195174,7,2014,Monday
2014-07-22,FOODS_1,303.0,3883.0,0.078032449137265,7,2014,Tuesday
2014-07-23,FOODS_1,335.0,3880.0,0.08634020618556701,7,2014,Wednesday
2014-07-24,FOODS_1,371.0,3876.0,0.0957172342621259,7,2014,Thursday
2014-07-25,FOODS_1,325.0,3876.0,0.08384932920536636,7,2014,Friday
2014-07-26,FOODS_1,360.0,3876.0,0.09287925696594428,7,2014,Saturday
2014-07-27,FOODS_1,387.0,3801.0,0.10181531176006314,7,2014,Sunday
2014-07-28,FOODS_1,274.0,3801.0,0.07208629308076822,7,2014,Monday
2014-07-29,FOODS_1,304.0,3801.0,0.0799789529071297,7,2014,Tuesday
2014-07-30,FOODS_1,277.0,3801.0,0.07287555906340437,7,2014,Wednesday
2014-07-31,FOODS_1,310.0,3801.0,0.081557484872402,7,2014,Thursday
2014-08-01,FOODS_1,396.0,3889.0,0.10182566212393931,8,2014,Friday
2014-08-02,FOODS_1,394.0,3885.0,0.10141570141570141,8,2014,Saturday
2014-08-03,FOODS_1,436.0,3883.0,0.11228431625032191,8,2014,Sunday
2014-08-04,FOODS_1,349.0,3883.0,0.08987895956734483,8,2014,Monday
2014-08-05,FOODS_1,342.0,3883.0,0.0880762297192892,8,2014,Tuesday
2014-08-06,FOODS_1,314.0,3810.0,0.08241469816272966,8,2014,Wednesday
2014-08-07,FOODS_1,303.0,3810.0,0.07952755905511812,8,2014,Thursday
2014-08-08,FOODS_1,397.0,3810.0,0.1041994750656168,8,2014,Friday
2014-08-09,FOODS_1,475.0,3810.0,0.12467191601049869,8,2014,Saturday
2014-08-10,FOODS_1,557.0,3810.0,0.14619422572178478,8,2014,Sunday
2014-08-11,FOODS_1,348.0,3910.0,0.08900255754475703,8,2014,Monday
2014-08-12,FOODS_1,314.0,3908.0,0.08034800409416581,8,2014,Tuesday
2014-08-13,FOODS_1,284.0,3905.0,0.07272727272727272,8,2014,Wednesday
2014-08-14,FOODS_1,340.0,3905.0,0.08706786171574904,8,2014,Thursday
2014-08-15,FOODS_1,289.0,3905.0,0.07400768245838668,8,2014,Friday
2014-08-16,FOODS_1,413.0,3822.0,0.10805860805860806,8,2014,Saturday
2014-08-17,FOODS_1,461.0,3822.0,0.1206174777603349,8,2014,Sunday
2014-08-18,FOODS_1,332.0,3822.0,0.08686551543694401,8,2014,Monday
2014-08-19,FOODS_1,310.0,3822.0,0.08110936682365254,8,2014,Tuesday
2014-08-20,FOODS_1,288.0,3822.0,0.07535321821036106,8,2014,Wednesday
2014-08-21,FOODS_1,316.0,3913.0,0.0807564528494761,8,2014,Thursday
2014-08-22,FOODS_1,335.0,3912.0,0.08563394683026584,8,2014,Friday
2014-08-23,FOODS_1,458.0,3905.0,0.11728553137003841,8,2014,Saturday
2014-08-24,FOODS_1,459.0,3905.0,0.1175416133162612,8,2014,Sunday
2014-08-25,FOODS_1,352.0,3905.0,0.09014084507042254,8,2014,Monday
2014-08-26,FOODS_1,335.0,3832.0,0.08742171189979123,8,2014,Tuesday
2014-08-27,FOODS_1,280.0,3832.0,0.07306889352818371,8,2014,Wednesday
2014-08-28,FOODS_1,285.0,3832.0,0.07437369519832986,8,2014,Thursday
2014-08-29,FOODS_1,350.0,3832.0,0.09133611691022965,8,2014,Friday
2014-08-30,FOODS_1,445.0,3832.0,0.11612734864300626,8,2014,Saturday
2014-08-31,FOODS_1,387.0,3916.0,0.0988253319713994,8,2014,Sunday
2014-09-01,FOODS_1,346.0,3913.0,0.08842320470227447,9,2014,Monday
2014-09-02,FOODS_1,280.0,3910.0,0.07161125319693094,9,2014,Tuesday
2014-09-03,FOODS_1,293.0,3910.0,0.07493606138107417,9,2014,Wednesday
2014-09-04,FOODS_1,293.0,3910.0,0.07493606138107417,9,2014,Thursday
2014-09-05,FOODS_1,423.0,3842.0,0.11009890681936492,9,2014,Friday
2014-09-06,FOODS_1,466.0,3842.0,0.12129099427381572,9,2014,Saturday
2014-09-07,FOODS_1,376.0,3842.0,0.09786569495054659,9,2014,Sunday
2014-09-08,FOODS_1,268.0,3842.0,0.06975533576262363,9,2014,Monday
2014-09-09,FOODS_1,273.0,3842.0,0.07105674128058304,9,2014,Tuesday
2014-09-10,FOODS_1,286.0,3910.0,0.0731457800511509,9,2014,Wednesday
2014-09-11,FOODS_1,307.0,3900.0,0.07871794871794872,9,2014,Thursday
2014-09-12,FOODS_1,346.0,3894.0,0.08885464817668208,9,2014,Friday
2014-09-13,FOODS_1,396.0,3894.0,0.1016949152542373,9,2014,Saturday
2014-09-14,FOODS_1,406.0,3894.0,0.10426296866974834,9,2014,Sunday
2014-09-15,FOODS_1,273.0,3818.0,0.071503404924044,9,2014,Monday
2014-09-16,FOODS_1,274.0,3818.0,0.071765322158198,9,2014,Tuesday
2014-09-17,FOODS_1,303.0,3818.0,0.07936092194866422,9,2014,Wednesday
2014-09-18,FOODS_1,263.0,3818.0,0.06888423258250392,9,2014,Thursday
2014-09-19,FOODS_1,347.0,3818.0,0.09088528025144055,9,2014,Friday
2014-09-20,FOODS_1,415.0,3898.0,0.1064648537711647,9,2014,Saturday
2014-09-21,FOODS_1,347.0,3893.0,0.0891343436938094,9,2014,Sunday
2014-09-22,FOODS_1,288.0,3887.0,0.07409313094931824,9,2014,Monday
2014-09-23,FOODS_1,290.0,3887.0,0.07460766658091073,9,2014,Tuesday
2014-09-24,FOODS_1,265.0,3887.0,0.06817597118600463,9,2014,Wednesday
2014-09-25,FOODS_1,311.0,3805.0,0.08173455978975033,9,2014,Thursday
2014-09-26,FOODS_1,321.0,3805.0,0.08436268068331143,9,2014,Friday
2014-09-27,FOODS_1,375.0,3805.0,0.09855453350854139,9,2014,Saturday
2014-09-28,FOODS_1,359.0,3805.0,0.09434954007884362,9,2014,Sunday
2014-09-29,FOODS_1,241.0,3805.0,0.0633377135348226,9,2014,Monday
2014-09-30,FOODS_1,283.0,3904.0,0.07248975409836066,9,2014,Tuesday
2014-10-01,FOODS_1,318.0,3897.0,0.08160123171670516,10,2014,Wednesday
2014-10-02,FOODS_1,305.0,3889.0,0.07842633067626639,10,2014,Thursday
2014-10-03,FOODS_1,351.0,3889.0,0.09025456415530984,10,2014,Friday
2014-10-04,FOODS_1,414.0,3889.0,0.1064541013113911,10,2014,Saturday
2014-10-05,FOODS_1,392.0,3814.0,0.10277923439958049,10,2014,Sunday
2014-10-06,FOODS_1,294.0,3814.0,0.07708442579968537,10,2014,Monday
2014-10-07,FOODS_1,304.0,3814.0,0.07970634504457262,10,2014,Tuesday
2014-10-08,FOODS_1,288.0,3814.0,0.07551127425275302,10,2014,Wednesday
2014-10-09,FOODS_1,311.0,3814.0,0.08154168851599371,10,2014,Thursday
2014-10-10,FOODS_1,302.0,3879.0,0.07785511729827276,10,2014,Friday
2014-10-11,FOODS_1,411.0,3876.0,0.10603715170278638,10,2014,Saturday
2014-10-12,FOODS_1,368.0,3873.0,0.09501678285566745,10,2014,Sunday
2014-10-13,FOODS_1,322.0,3873.0,0.08313968499870901,10,2014,Monday
2014-10-14,FOODS_1,239.0,3873.0,0.06170926930028402,10,2014,Tuesday
2014-10-15,FOODS_1,270.0,3784.0,0.07135306553911205,10,2014,Wednesday
2014-10-16,FOODS_1,245.0,3784.0,0.06474630021141649,10,2014,Thursday
2014-10-17,FOODS_1,405.0,3784.0,0.10702959830866808,10,2014,Friday
2014-10-18,FOODS_1,461.0,3784.0,0.12182875264270614,10,2014,Saturday
2014-10-19,FOODS_1,356.0,3784.0,0.09408033826638477,10,2014,Sunday
2014-10-20,FOODS_1,262.0,3884.0,0.0674562306900103,10,2014,Monday
2014-10-21,FOODS_1,227.0,3882.0,0.058475012879958786,10,2014,Tuesday
2014-10-22,FOODS_1,253.0,3874.0,0.06530717604543108,10,2014,Wednesday
2014-10-23,FOODS_1,296.0,3874.0,0.07640681466184822,10,2014,Thursday
2014-10-24,FOODS_1,325.0,3874.0,0.08389261744966443,10,2014,Friday
2014-10-25,FOODS_1,380.0,3791.0,0.10023740437879188,10,2014,Saturday
2014-10-26,FOODS_1,436.0,3791.0,0.11500923239250857,10,2014,Sunday
2014-10-27,FOODS_1,346.0,3791.0,0.09126879451332102,10,2014,Monday
2014-10-28,FOODS_1,355.0,3791.0,0.09364283830123978,10,2014,Tuesday
2014-10-29,FOODS_1,334.0,3791.0,0.08810340279609602,10,2014,Wednesday
2014-10-30,FOODS_1,379.0,3890.0,0.0974293059125964,10,2014,Thursday
2014-10-31,FOODS_1,501.0,3885.0,0.12895752895752896,10,2014,Friday
2014-11-01,FOODS_1,364.0,3882.0,0.09376609994848016,11,2014,Saturday
2014-11-02,FOODS_1,297.0,3882.0,0.07650695517774343,11,2014,Sunday
2014-11-03,FOODS_1,258.0,3882.0,0.06646058732612056,11,2014,Monday
2014-11-04,FOODS_1,228.0,3813.0,0.05979543666404406,11,2014,Tuesday
2014-11-05,FOODS_1,158.0,3813.0,0.04143718856543404,11,2014,Wednesday
2014-11-06,FOODS_1,285.0,3813.0,0.07474429583005507,11,2014,Thursday
2014-11-07,FOODS_1,277.0,3813.0,0.07264621033307107,11,2014,Friday
2014-11-08,FOODS_1,310.0,3813.0,0.08130081300813008,11,2014,Saturday
2014-11-09,FOODS_1,386.0,3898.0,0.09902514109799897,11,2014,Sunday
2014-11-10,FOODS_1,290.0,3895.0,0.07445442875481387,11,2014,Monday
2014-11-11,FOODS_1,263.0,3893.0,0.06755715386591318,11,2014,Tuesday
2014-11-12,FOODS_1,252.0,3893.0,0.06473156948368868,11,2014,Wednesday
2014-11-13,FOODS_1,285.0,3893.0,0.07320832263036219,11,2014,Thursday
2014-11-14,FOODS_1,293.0,3810.0,0.07690288713910762,11,2014,Friday
2014-11-15,FOODS_1,380.0,3810.0,0.09973753280839895,11,2014,Saturday
2014-11-16,FOODS_1,396.0,3810.0,0.10393700787401575,11,2014,Sunday
2014-11-17,FOODS_1,275.0,3810.0,0.07217847769028872,11,2014,Monday
2014-11-18,FOODS_1,248.0,3810.0,0.06509186351706037,11,2014,Tuesday
2014-11-19,FOODS_1,285.0,3896.0,0.07315195071868583,11,2014,Wednesday
2014-11-20,FOODS_1,258.0,3893.0,0.0662727973285384,11,2014,Thursday
2014-11-21,FOODS_1,349.0,3890.0,0.0897172236503856,11,2014,Friday
2014-11-22,FOODS_1,394.0,3890.0,0.1012853470437018,11,2014,Saturday
2014-11-23,FOODS_1,370.0,3890.0,0.09511568123393316,11,2014,Sunday
2014-11-24,FOODS_1,320.0,3822.0,0.0837257980115123,11,2014,Monday
2014-11-25,FOODS_1,274.0,3822.0,0.0716902145473574,11,2014,Tuesday
2014-11-26,FOODS_1,262.0,3822.0,0.0685504971219257,11,2014,Wednesday
2014-11-27,FOODS_1,188.0,3822.0,0.049188906331763475,11,2014,Thursday
2014-11-28,FOODS_1,387.0,3822.0,0.10125588697017268,11,2014,Friday
2014-11-29,FOODS_1,360.0,3891.0,0.09252120277563608,11,2014,Saturday
2014-11-30,FOODS_1,284.0,3888.0,0.07304526748971193,11,2014,Sunday
2014-12-01,FOODS_1,313.0,3884.0,0.0805870236869207,12,2014,Monday
2014-12-02,FOODS_1,288.0,3884.0,0.07415036045314109,12,2014,Tuesday
2014-12-03,FOODS_1,307.0,3884.0,0.0790422245108136,12,2014,Wednesday
2014-12-04,FOODS_1,323.0,3807.0,0.08484370895718414,12,2014,Thursday
2014-12-05,FOODS_1,370.0,3807.0,0.09718938796952982,12,2014,Friday
2014-12-06,FOODS_1,425.0,3807.0,0.11163645915418965,12,2014,Saturday
2014-12-07,FOODS_1,354.0,3807.0,0.09298660362490149,12,2014,Sunday
2014-12-08,FOODS_1,375.0,3807.0,0.09850275807722617,12,2014,Monday
2014-12-09,FOODS_1,361.0,3901.0,0.09254037426300948,12,2014,Tuesday
2014-12-10,FOODS_1,411.0,3895.0,0.10551989730423621,12,2014,Wednesday
2014-12-11,FOODS_1,212.0,3892.0,0.05447070914696814,12,2014,Thursday
2014-12-12,FOODS_1,383.0,3892.0,0.09840698869475847,12,2014,Friday
2014-12-13,FOODS_1,580.0,3892.0,0.14902363823227133,12,2014,Saturday
2014-12-14,FOODS_1,566.0,3823.0,0.14805126863719592,12,2014,Sunday
2014-12-15,FOODS_1,437.0,3823.0,0.11430813497253466,12,2014,Monday
2014-12-16,FOODS_1,421.0,3823.0,0.11012294009939838,12,2014,Tuesday
2014-12-17,FOODS_1,434.0,3823.0,0.11352341093382161,12,2014,Wednesday
2014-12-18,FOODS_1,495.0,3823.0,0.12947946638765367,12,2014,Thursday
2014-12-19,FOODS_1,477.0,3891.0,0.12259059367771781,12,2014,Friday
2014-12-20,FOODS_1,554.0,3887.0,0.14252636995111911,12,2014,Saturday
2014-12-21,FOODS_1,795.0,3884.0,0.20468589083419156,12,2014,Sunday
2014-12-22,FOODS_1,689.0,3884.0,0.177394438722966,12,2014,Monday
2014-12-23,FOODS_1,761.0,3884.0,0.1959320288362513,12,2014,Tuesday
2014-12-24,FOODS_1,616.0,3822.0,0.16117216117216118,12,2014,Wednesday
2014-12-25,FOODS_1,0.0,3822.0,0.0,12,2014,Thursday
2014-12-26,FOODS_1,283.0,3822.0,0.07404500261643118,12,2014,Friday
2014-12-27,FOODS_1,386.0,3822.0,0.10099424385138671,12,2014,Saturday
2014-12-28,FOODS_1,330.0,3822.0,0.08634222919937205,12,2014,Sunday
2014-12-29,FOODS_1,334.0,3890.0,0.08586118251928021,12,2014,Monday
2014-12-30,FOODS_1,303.0,3883.0,0.078032449137265,12,2014,Tuesday
2014-12-31,FOODS_1,346.0,3877.0,0.08924426102656693,12,2014,Wednesday
2015-01-01,FOODS_1,283.0,3877.0,0.07299458344080474,1,2015,Thursday
2015-01-02,FOODS_1,354.0,3877.0,0.09130771214856848,1,2015,Friday
2015-01-03,FOODS_1,399.0,3800.0,0.105,1,2015,Saturday
2015-01-04,FOODS_1,301.0,3800.0,0.07921052631578947,1,2015,Sunday
2015-01-05,FOODS_1,285.0,3800.0,0.075,1,2015,Monday
2015-01-06,FOODS_1,292.0,3800.0,0.07684210526315789,1,2015,Tuesday
2015-01-07,FOODS_1,245.0,3800.0,0.06447368421052632,1,2015,Wednesday
2015-01-08,FOODS_1,278.0,3876.0,0.0717234262125903,1,2015,Thursday
2015-01-09,FOODS_1,348.0,3869.0,0.08994572240889119,1,2015,Friday
2015-01-10,FOODS_1,420.0,3868.0,0.10858324715615306,1,2015,Saturday
2015-01-11,FOODS_1,403.0,3868.0,0.10418821096173733,1,2015,Sunday
2015-01-12,FOODS_1,302.0,3868.0,0.07807652533609101,1,2015,Monday
2015-01-13,FOODS_1,281.0,3800.0,0.07394736842105264,1,2015,Tuesday
2015-01-14,FOODS_1,318.0,3800.0,0.08368421052631579,1,2015,Wednesday
2015-01-15,FOODS_1,329.0,3800.0,0.08657894736842105,1,2015,Thursday
2015-01-16,FOODS_1,338.0,3800.0,0.08894736842105264,1,2015,Friday
2015-01-17,FOODS_1,471.0,3800.0,0.12394736842105263,1,2015,Saturday
2015-01-18,FOODS_1,385.0,3869.0,0.09950891703282502,1,2015,Sunday
2015-01-19,FOODS_1,375.0,3864.0,0.09704968944099379,1,2015,Monday
2015-01-20,FOODS_1,260.0,3859.0,0.06737496760818865,1,2015,Tuesday
2015-01-21,FOODS_1,340.0,3859.0,0.0881057268722467,1,2015,Wednesday
2015-01-22,FOODS_1,291.0,3859.0,0.07540813682301115,1,2015,Thursday
2015-01-23,FOODS_1,407.0,3788.0,0.10744456177402323,1,2015,Friday
2015-01-24,FOODS_1,460.0,3788.0,0.12143611404435058,1,2015,Saturday
2015-01-25,FOODS_1,444.0,3788.0,0.11721224920802534,1,2015,Sunday
2015-01-26,FOODS_1,255.0,3788.0,0.06731784582893348,1,2015,Monday
2015-01-27,FOODS_1,273.0,3788.0,0.07206969376979937,1,2015,Tuesday
2015-01-28,FOODS_1,285.0,3868.0,0.07368148914167529,1,2015,Wednesday
2015-01-29,FOODS_1,397.0,3866.0,0.10269011898603207,1,2015,Thursday
2015-01-30,FOODS_1,369.0,3857.0,0.09567021000777806,1,2015,Friday
2015-01-31,FOODS_1,497.0,3857.0,0.12885662431941924,1,2015,Saturday
2015-02-01,FOODS_1,348.0,3857.0,0.09022556390977443,2,2015,Sunday
2015-02-02,FOODS_1,322.0,3774.0,0.08532061473237944,2,2015,Monday
2015-02-03,FOODS_1,315.0,3774.0,0.0834658187599364,2,2015,Tuesday
2015-02-04,FOODS_1,406.0,3774.0,0.10757816640169582,2,2015,Wednesday
2015-02-05,FOODS_1,403.0,3774.0,0.10678325384207737,2,2015,Thursday
2015-02-06,FOODS_1,422.0,3774.0,0.11181770005299417,2,2015,Friday
2015-02-07,FOODS_1,517.0,3860.0,0.1339378238341969,2,2015,Saturday
2015-02-08,FOODS_1,421.0,3855.0,0.10920881971465629,2,2015,Sunday
2015-02-09,FOODS_1,358.0,3852.0,0.09293873312564901,2,2015,Monday
2015-02-10,FOODS_1,345.0,3852.0,0.0895638629283489,2,2015,Tuesday
2015-02-11,FOODS_1,403.0,3852.0,0.10462097611630322,2,2015,Wednesday
2015-02-12,FOODS_1,518.0,3782.0,0.13696456901110524,2,2015,Thursday
2015-02-13,FOODS_1,581.0,3782.0,0.15362242199894235,2,2015,Friday
2015-02-14,FOODS_1,682.0,3782.0,0.18032786885245902,2,2015,Saturday
2015-02-15,FOODS_1,277.0,3782.0,0.07324167107350608,2,2015,Sunday
2015-02-16,FOODS_1,302.0,3782.0,0.07985193019566367,2,2015,Monday
2015-02-17,FOODS_1,284.0,3858.0,0.0736132711249352,2,2015,Tuesday
2015-02-18,FOODS_1,239.0,3855.0,0.06199740596627756,2,2015,Wednesday
2015-02-19,FOODS_1,251.0,3851.0,0.06517787587639574,2,2015,Thursday
2015-02-20,FOODS_1,412.0,3851.0,0.10698519864970138,2,2015,Friday
2015-02-21,FOODS_1,353.0,3851.0,0.09166450272656453,2,2015,Saturday
2015-02-22,FOODS_1,392.0,3778.0,0.10375860243515088,2,2015,Sunday
2015-02-23,FOODS_1,295.0,3778.0,0.07808364213869773,2,2015,Monday
2015-02-24,FOODS_1,285.0,3778.0,0.07543673901535204,2,2015,Tuesday
2015-02-25,FOODS_1,247.0,3778.0,0.06537850714663844,2,2015,Wednesday
2015-02-26,FOODS_1,277.0,3778.0,0.07331921651667549,2,2015,Thursday
2015-02-27,FOODS_1,352.0,3879.0,0.09074503738076824,2,2015,Friday
2015-02-28,FOODS_1,464.0,3876.0,0.1197110423116615,2,2015,Saturday
2015-03-01,FOODS_1,425.0,3873.0,0.10973405628711592,3,2015,Sunday
2015-03-02,FOODS_1,277.0,3873.0,0.07152078492124968,3,2015,Monday
2015-03-03,FOODS_1,334.0,3873.0,0.08623805835269817,3,2015,Tuesday
2015-03-04,FOODS_1,230.0,3809.0,0.060383302704121816,3,2015,Wednesday
2015-03-05,FOODS_1,334.0,3809.0,0.08768705697033342,3,2015,Thursday
2015-03-06,FOODS_1,315.0,3809.0,0.08269887109477553,3,2015,Friday
2015-03-07,FOODS_1,396.0,3809.0,0.10396429509057495,3,2015,Saturday
2015-03-08,FOODS_1,357.0,3809.0,0.0937253872407456,3,2015,Sunday
2015-03-09,FOODS_1,250.0,3895.0,0.06418485237483953,3,2015,Monday
2015-03-10,FOODS_1,227.0,3894.0,0.05829481253210067,3,2015,Tuesday
2015-03-11,FOODS_1,303.0,3888.0,0.0779320987654321,3,2015,Wednesday
2015-03-12,FOODS_1,275.0,3888.0,0.07073045267489712,3,2015,Thursday
2015-03-13,FOODS_1,348.0,3888.0,0.08950617283950617,3,2015,Friday
2015-03-14,FOODS_1,321.0,3805.0,0.08436268068331143,3,2015,Saturday
2015-03-15,FOODS_1,374.0,3805.0,0.09829172141918528,3,2015,Sunday
2015-03-16,FOODS_1,218.0,3805.0,0.05729303547963206,3,2015,Monday
2015-03-17,FOODS_1,279.0,3805.0,0.0733245729303548,3,2015,Tuesday
2015-03-18,FOODS_1,285.0,3805.0,0.07490144546649145,3,2015,Wednesday
2015-03-19,FOODS_1,300.0,3886.0,0.07720020586721564,3,2015,Thursday
2015-03-20,FOODS_1,305.0,3883.0,0.07854751480813804,3,2015,Friday
2015-03-21,FOODS_1,390.0,3881.0,0.1004895645452203,3,2015,Saturday
2015-03-22,FOODS_1,408.0,3881.0,0.10512754444730739,3,2015,Sunday
2015-03-23,FOODS_1,320.0,3881.0,0.08245297603710385,3,2015,Monday
2015-03-24,FOODS_1,279.0,3816.0,0.07311320754716981,3,2015,Tuesday
2015-03-25,FOODS_1,232.0,3816.0,0.06079664570230608,3,2015,Wednesday
2015-03-26,FOODS_1,309.0,3816.0,0.0809748427672956,3,2015,Thursday
2015-03-27,FOODS_1,362.0,3816.0,0.09486373165618449,3,2015,Friday
2015-03-28,FOODS_1,399.0,3816.0,0.10455974842767296,3,2015,Saturday
2015-03-29,FOODS_1,447.0,3880.0,0.1152061855670103,3,2015,Sunday
2015-03-30,FOODS_1,332.0,3874.0,0.0856995353639649,3,2015,Monday
2015-03-31,FOODS_1,428.0,3868.0,0.11065149948293691,3,2015,Tuesday
2015-04-01,FOODS_1,428.0,3868.0,0.11065149948293691,4,2015,Wednesday
2015-04-02,FOODS_1,427.0,3868.0,0.11039296794208893,4,2015,Thursday
2015-04-03,FOODS_1,620.0,3806.0,0.162900683131897,4,2015,Friday
2015-04-04,FOODS_1,793.0,3806.0,0.20835522858644245,4,2015,Saturday
2015-04-05,FOODS_1,528.0,3806.0,0.13872832369942195,4,2015,Sunday
2015-04-06,FOODS_1,254.0,3806.0,0.06673673147661587,4,2015,Monday
2015-04-07,FOODS_1,255.0,3806.0,0.06699947451392538,4,2015,Tuesday
2015-04-08,FOODS_1,299.0,3898.0,0.0767060030785018,4,2015,Wednesday
2015-04-09,FOODS_1,283.0,3892.0,0.07271325796505652,4,2015,Thursday
2015-04-10,FOODS_1,329.0,3884.0,0.08470648815653965,4,2015,Friday
2015-04-11,FOODS_1,400.0,3884.0,0.10298661174047374,4,2015,Saturday
2015-04-12,FOODS_1,440.0,3884.0,0.11328527291452112,4,2015,Sunday
2015-04-13,FOODS_1,326.0,3812.0,0.08551941238195174,4,2015,Monday
2015-04-14,FOODS_1,277.0,3812.0,0.07266526757607555,4,2015,Tuesday
2015-04-15,FOODS_1,297.0,3812.0,0.0779118572927597,4,2015,Wednesday
2015-04-16,FOODS_1,362.0,3812.0,0.09496327387198321,4,2015,Thursday
2015-04-17,FOODS_1,398.0,3812.0,0.1044071353620147,4,2015,Friday
2015-04-18,FOODS_1,385.0,3901.0,0.09869264291207383,4,2015,Saturday
2015-04-19,FOODS_1,354.0,3895.0,0.09088575096277278,4,2015,Sunday
2015-04-20,FOODS_1,310.0,3890.0,0.07969151670951156,4,2015,Monday
2015-04-21,FOODS_1,261.0,3890.0,0.06709511568123393,4,2015,Tuesday
2015-04-22,FOODS_1,250.0,3890.0,0.06426735218508997,4,2015,Wednesday
2015-04-23,FOODS_1,292.0,3806.0,0.0767209668943773,4,2015,Thursday
2015-04-24,FOODS_1,339.0,3806.0,0.08906988964792432,4,2015,Friday
2015-04-25,FOODS_1,480.0,3806.0,0.1261166579085654,4,2015,Saturday
2015-04-26,FOODS_1,457.0,3806.0,0.12007356805044667,4,2015,Sunday
2015-04-27,FOODS_1,329.0,3806.0,0.08644245927482921,4,2015,Monday
2015-04-28,FOODS_1,271.0,3883.0,0.06979139840329641,4,2015,Tuesday
2015-04-29,FOODS_1,292.0,3881.0,0.07523834063385726,4,2015,Wednesday
2015-04-30,FOODS_1,303.0,3877.0,0.07815321124580861,4,2015,Thursday
2015-05-01,FOODS_1,474.0,3877.0,0.1222594789785917,5,2015,Friday
2015-05-02,FOODS_1,479.0,3877.0,0.12354913592984267,5,2015,Saturday
2015-05-03,FOODS_1,535.0,3810.0,0.14041994750656167,5,2015,Sunday
2015-05-04,FOODS_1,327.0,3810.0,0.08582677165354331,5,2015,Monday
2015-05-05,FOODS_1,360.0,3810.0,0.09448818897637795,5,2015,Tuesday
2015-05-06,FOODS_1,372.0,3810.0,0.09763779527559055,5,2015,Wednesday
2015-05-07,FOODS_1,379.0,3810.0,0.0994750656167979,5,2015,Thursday
2015-05-08,FOODS_1,425.0,3803.0,0.1117538785169603,5,2015,Friday
2015-05-09,FOODS_1,485.0,3800.0,0.12763157894736843,5,2015,Saturday
2015-05-10,FOODS_1,347.0,3793.0,0.09148431320854206,5,2015,Sunday
2015-05-11,FOODS_1,317.0,3793.0,0.08357500659108885,5,2015,Monday
2015-05-12,FOODS_1,292.0,3793.0,0.07698391774321117,5,2015,Tuesday
2015-05-13,FOODS_1,315.0,3721.0,0.08465466272507391,5,2015,Wednesday
2015-05-14,FOODS_1,381.0,3721.0,0.10239183015318462,5,2015,Thursday
2015-05-15,FOODS_1,398.0,3721.0,0.1069604944907283,5,2015,Friday
2015-05-16,FOODS_1,595.0,3721.0,0.15990325181402848,5,2015,Saturday
2015-05-17,FOODS_1,434.0,3721.0,0.1166353130878796,5,2015,Sunday
2015-05-18,FOODS_1,353.0,3729.0,0.09466344864574953,5,2015,Monday
2015-05-19,FOODS_1,320.0,3725.0,0.08590604026845637,5,2015,Tuesday
2015-05-20,FOODS_1,285.0,3721.0,0.07659231389411449,5,2015,Wednesday
2015-05-21,FOODS_1,368.0,3721.0,0.09889814565976889,5,2015,Thursday
2015-05-22,FOODS_1,421.0,3721.0,0.11314162859446385,5,2015,Friday
2015-05-23,FOODS_1,533.0,3640.0,0.14642857142857144,5,2015,Saturday
2015-05-24,FOODS_1,502.0,3640.0,0.13791208791208792,5,2015,Sunday
2015-05-25,FOODS_1,453.0,3640.0,0.12445054945054945,5,2015,Monday
2015-05-26,FOODS_1,288.0,3640.0,0.07912087912087912,5,2015,Tuesday
2015-05-27,FOODS_1,290.0,3640.0,0.07967032967032966,5,2015,Wednesday
2015-05-28,FOODS_1,318.0,3678.0,0.0864600326264274,5,2015,Thursday
2015-05-29,FOODS_1,363.0,3674.0,0.09880239520958084,5,2015,Friday
2015-05-30,FOODS_1,478.0,3669.0,0.13028073044426275,5,2015,Saturday
2015-05-31,FOODS_1,486.0,3669.0,0.13246116107931316,5,2015,Sunday
2015-06-01,FOODS_1,366.0,3669.0,0.09975470155355683,6,2015,Monday
2015-06-02,FOODS_1,318.0,3600.0,0.08833333333333333,6,2015,Tuesday
2015-06-03,FOODS_1,474.0,3600.0,0.13166666666666665,6,2015,Wednesday
2015-06-04,FOODS_1,364.0,3600.0,0.10111111111111111,6,2015,Thursday
2015-06-05,FOODS_1,539.0,3600.0,0.14972222222222223,6,2015,Friday
2015-06-06,FOODS_1,512.0,3600.0,0.14222222222222222,6,2015,Saturday
2015-06-07,FOODS_1,458.0,3648.0,0.12554824561403508,6,2015,Sunday
2015-06-08,FOODS_1,373.0,3645.0,0.10233196159122085,6,2015,Monday
2015-06-09,FOODS_1,404.0,3638.0,0.11105002748763057,6,2015,Tuesday
2015-06-10,FOODS_1,405.0,3638.0,0.11132490379329302,6,2015,Wednesday
2015-06-11,FOODS_1,363.0,3638.0,0.09978009895547003,6,2015,Thursday
2015-06-12,FOODS_1,487.0,3555.0,0.1369901547116737,6,2015,Friday
2015-06-13,FOODS_1,458.0,3555.0,0.1288326300984529,6,2015,Saturday
2015-06-14,FOODS_1,441.0,3555.0,0.1240506329113924,6,2015,Sunday
2015-06-15,FOODS_1,313.0,3555.0,0.0880450070323488,6,2015,Monday
2015-06-16,FOODS_1,327.0,3555.0,0.0919831223628692,6,2015,Tuesday
2015-06-17,FOODS_1,299.0,3574.0,0.08365976496922216,6,2015,Wednesday
2015-06-18,FOODS_1,357.0,3570.0,0.1,6,2015,Thursday
2015-06-19,FOODS_1,523.0,3568.0,0.14658071748878923,6,2015,Friday
2015-06-20,FOODS_1,434.0,3568.0,0.12163677130044843,6,2015,Saturday
2015-06-21,FOODS_1,384.0,3568.0,0.10762331838565023,6,2015,Sunday
2015-06-22,FOODS_1,329.0,3493.0,0.09418837675350701,6,2015,Monday
2015-06-23,FOODS_1,390.0,3493.0,0.11165187517892929,6,2015,Tuesday
2015-06-24,FOODS_1,296.0,3493.0,0.084740910392213,6,2015,Wednesday
2015-06-25,FOODS_1,371.0,3493.0,0.1062124248496994,6,2015,Thursday
2015-06-26,FOODS_1,340.0,3493.0,0.09733753220727169,6,2015,Friday
2015-06-27,FOODS_1,480.0,3514.0,0.13659647125782584,6,2015,Saturday
2015-06-28,FOODS_1,422.0,3510.0,0.12022792022792023,6,2015,Sunday
2015-06-29,FOODS_1,319.0,3505.0,0.09101283880171183,6,2015,Monday
2015-06-30,FOODS_1,275.0,3505.0,0.07845934379457917,6,2015,Tuesday
2015-07-01,FOODS_1,312.0,3505.0,0.08901569186875892,7,2015,Wednesday
2015-07-02,FOODS_1,467.0,3441.0,0.13571636152281313,7,2015,Thursday
2015-07-03,FOODS_1,526.0,3441.0,0.15286253995931415,7,2015,Friday
2015-07-04,FOODS_1,340.0,3441.0,0.0988084859052601,7,2015,Saturday
2015-07-05,FOODS_1,442.0,3441.0,0.12845103167683813,7,2015,Sunday
2015-07-06,FOODS_1,335.0,3441.0,0.0973554199360651,7,2015,Monday
2015-07-07,FOODS_1,380.0,3435.0,0.11062590975254731,7,2015,Tuesday
2015-07-08,FOODS_1,388.0,3430.0,0.1131195335276968,7,2015,Wednesday
2015-07-09,FOODS_1,451.0,3427.0,0.13160198424277794,7,2015,Thursday
2015-07-10,FOODS_1,542.0,3427.0,0.15815582141815,7,2015,Friday
2015-07-11,FOODS_1,570.0,3427.0,0.166326232856726,7,2015,Saturday
2015-07-12,FOODS_1,391.0,3351.0,0.11668158758579529,7,2015,Sunday
2015-07-13,FOODS_1,413.0,3351.0,0.12324679200238735,7,2015,Monday
2015-07-14,FOODS_1,376.0,3351.0,0.11220531184720979,7,2015,Tuesday
2015-07-15,FOODS_1,341.0,3351.0,0.10176066845717696,7,2015,Wednesday
2015-07-16,FOODS_1,404.0,3351.0,0.12056102655923605,7,2015,Thursday
2015-07-17,FOODS_1,436.0,3368.0,0.12945368171021376,7,2015,Friday
2015-07-18,FOODS_1,416.0,3363.0,0.12369907820398454,7,2015,Saturday
2015-07-19,FOODS_1,356.0,3363.0,0.10585786500148676,7,2015,Sunday
2015-07-20,FOODS_1,298.0,3363.0,0.08861135890573893,7,2015,Monday
2015-07-21,FOODS_1,348.0,3363.0,0.10347903657448707,7,2015,Tuesday
2015-07-22,FOODS_1,374.0,3277.0,0.1141287763198047,7,2015,Wednesday
2015-07-23,FOODS_1,347.0,3277.0,0.10588953310955142,7,2015,Thursday
2015-07-24,FOODS_1,384.0,3277.0,0.11718034787915776,7,2015,Friday
2015-07-25,FOODS_1,325.0,3277.0,0.09917607567897467,7,2015,Saturday
2015-07-26,FOODS_1,357.0,3277.0,0.10894110466890448,7,2015,Sunday
2015-07-27,FOODS_1,326.0,3300.0,0.09878787878787879,7,2015,Monday
2015-07-28,FOODS_1,259.0,3296.0,0.07858009708737865,7,2015,Tuesday
2015-07-29,FOODS_1,293.0,3293.0,0.08897661706650471,7,2015,Wednesday
2015-07-30,FOODS_1,354.0,3293.0,0.10750075918615244,7,2015,Thursday
2015-07-31,FOODS_1,456.0,3293.0,0.13847555420589128,7,2015,Friday
2015-08-01,FOODS_1,471.0,3209.0,0.14677469616703023,8,2015,Saturday
2015-08-02,FOODS_1,406.0,3209.0,0.12651916484886258,8,2015,Sunday
2015-08-03,FOODS_1,342.0,3209.0,0.10657525708943597,8,2015,Monday
2015-08-04,FOODS_1,377.0,3209.0,0.1174820816453724,8,2015,Tuesday
2015-08-05,FOODS_1,398.0,3209.0,0.12402617637893425,8,2015,Wednesday
2015-08-06,FOODS_1,334.0,3204.0,0.10424469413233459,8,2015,Thursday
2015-08-07,FOODS_1,460.0,3199.0,0.14379493591747422,8,2015,Friday
2015-08-08,FOODS_1,498.0,3196.0,0.155819774718398,8,2015,Saturday
2015-08-09,FOODS_1,387.0,3196.0,0.12108886107634544,8,2015,Sunday
2015-08-10,FOODS_1,325.0,3196.0,0.10168961201501878,8,2015,Monday
2015-08-11,FOODS_1,286.0,3118.0,0.09172546504169339,8,2015,Tuesday
2015-08-12,FOODS_1,330.0,3118.0,0.10583707504810776,8,2015,Wednesday
2015-08-13,FOODS_1,311.0,3118.0,0.09974342527261065,8,2015,Thursday
2015-08-14,FOODS_1,354.0,3118.0,0.11353431686978832,8,2015,Friday
2015-08-15,FOODS_1,365.0,3118.0,0.11706221937139191,8,2015,Saturday
2015-08-16,FOODS_1,335.0,3157.0,0.10611339879632563,8,2015,Sunday
2015-08-17,FOODS_1,268.0,3152.0,0.0850253807106599,8,2015,Monday
2015-08-18,FOODS_1,264.0,3149.0,0.0838361384566529,8,2015,Tuesday
2015-08-19,FOODS_1,289.0,3149.0,0.09177516671959352,8,2015,Wednesday
2015-08-20,FOODS_1,305.0,3149.0,0.09685614480787552,8,2015,Thursday
2015-08-21,FOODS_1,344.0,3074.0,0.11190631099544568,8,2015,Friday
2015-08-22,FOODS_1,376.0,3074.0,0.12231620039037085,8,2015,Saturday
2015-08-23,FOODS_1,403.0,3074.0,0.13109954456733897,8,2015,Sunday
2015-08-24,FOODS_1,275.0,3074.0,0.08945998698763825,8,2015,Monday
2015-08-25,FOODS_1,261.0,3074.0,0.08490566037735849,8,2015,Tuesday
2015-08-26,FOODS_1,294.0,3086.0,0.09526895657809462,8,2015,Wednesday
2015-08-27,FOODS_1,256.0,3081.0,0.083089905874716,8,2015,Thursday
2015-08-28,FOODS_1,319.0,3076.0,0.10370611183355007,8,2015,Friday
2015-08-29,FOODS_1,433.0,3076.0,0.1407672301690507,8,2015,Saturday
2015-08-30,FOODS_1,329.0,3076.0,0.10695708712613784,8,2015,Sunday
2015-08-31,FOODS_1,271.0,3010.0,0.09003322259136212,8,2015,Monday
2015-09-01,FOODS_1,277.0,3010.0,0.0920265780730897,9,2015,Tuesday
2015-09-02,FOODS_1,320.0,3010.0,0.10631229235880399,9,2015,Wednesday
2015-09-03,FOODS_1,318.0,3010.0,0.10564784053156147,9,2015,Thursday
2015-09-04,FOODS_1,395.0,3010.0,0.13122923588039867,9,2015,Friday
2015-09-05,FOODS_1,411.0,3015.0,0.136318407960199,9,2015,Saturday
2015-09-06,FOODS_1,345.0,3012.0,0.1145418326693227,9,2015,Sunday
2015-09-07,FOODS_1,365.0,3007.0,0.12138343864316595,9,2015,Monday
2015-09-08,FOODS_1,251.0,3007.0,0.0834718989025607,9,2015,Tuesday
2015-09-09,FOODS_1,236.0,3007.0,0.0784835384103758,9,2015,Wednesday
2015-09-10,FOODS_1,248.0,2936.0,0.08446866485013624,9,2015,Thursday
2015-09-11,FOODS_1,274.0,2936.0,0.09332425068119891,9,2015,Friday
2015-09-12,FOODS_1,338.0,2936.0,0.11512261580381472,9,2015,Saturday
2015-09-13,FOODS_1,345.0,2936.0,0.11750681198910082,9,2015,Sunday
2015-09-14,FOODS_1,327.0,2936.0,0.11137602179836512,9,2015,Monday
2015-09-15,FOODS_1,326.0,2951.0,0.11047102677058625,9,2015,Tuesday
2015-09-16,FOODS_1,189.0,2946.0,0.06415478615071284,9,2015,Wednesday
2015-09-17,FOODS_1,272.0,2944.0,0.09239130434782608,9,2015,Thursday
2015-09-18,FOODS_1,337.0,2944.0,0.11447010869565218,9,2015,Friday
2015-09-19,FOODS_1,306.0,2944.0,0.10394021739130435,9,2015,Saturday
2015-09-20,FOODS_1,318.0,2869.0,0.11084001394214012,9,2015,Sunday
2015-09-21,FOODS_1,248.0,2869.0,0.08644126873475079,9,2015,Monday
2015-09-22,FOODS_1,268.0,2869.0,0.09341233879400487,9,2015,Tuesday
2015-09-23,FOODS_1,266.0,2869.0,0.09271523178807947,9,2015,Wednesday
2015-09-24,FOODS_1,321.0,2869.0,0.11188567445102823,9,2015,Thursday
2015-09-25,FOODS_1,313.0,2889.0,0.10834198684665974,9,2015,Friday
2015-09-26,FOODS_1,387.0,2883.0,0.13423517169614985,9,2015,Saturday
2015-09-27,FOODS_1,299.0,2880.0,0.10381944444444445,9,2015,Sunday
2015-09-28,FOODS_1,281.0,2880.0,0.09756944444444444,9,2015,Monday
2015-09-29,FOODS_1,252.0,2880.0,0.0875,9,2015,Tuesday
2015-09-30,FOODS_1,241.0,2822.0,0.0854004252303331,9,2015,Wednesday
2015-10-01,FOODS_1,284.0,2822.0,0.10063784549964565,10,2015,Thursday
2015-10-02,FOODS_1,352.0,2822.0,0.12473423104181432,10,2015,Friday
2015-10-03,FOODS_1,424.0,2822.0,0.15024805102763997,10,2015,Saturday
2015-10-04,FOODS_1,380.0,2822.0,0.1346562721474132,10,2015,Sunday
2015-10-05,FOODS_1,309.0,2822.0,0.10949681077250177,10,2015,Monday
2015-10-06,FOODS_1,257.0,2816.0,0.09126420454545454,10,2015,Tuesday
2015-10-07,FOODS_1,257.0,2813.0,0.09136153572698187,10,2015,Wednesday
2015-10-08,FOODS_1,300.0,2813.0,0.10664770707429791,10,2015,Thursday
2015-10-09,FOODS_1,340.0,2813.0,0.12086740135087096,10,2015,Friday
2015-10-10,FOODS_1,352.0,2735.0,0.1287020109689214,10,2015,Saturday
2015-10-11,FOODS_1,293.0,2735.0,0.10712979890310786,10,2015,Sunday
2015-10-12,FOODS_1,232.0,2735.0,0.08482632541133456,10,2015,Monday
2015-10-13,FOODS_1,237.0,2735.0,0.086654478976234,10,2015,Tuesday
2015-10-14,FOODS_1,229.0,2735.0,0.08372943327239488,10,2015,Wednesday
2015-10-15,FOODS_1,225.0,2772.0,0.08116883116883117,10,2015,Thursday
2015-10-16,FOODS_1,284.0,2768.0,0.10260115606936417,10,2015,Friday
2015-10-17,FOODS_1,337.0,2764.0,0.1219247467438495,10,2015,Saturday
2015-10-18,FOODS_1,316.0,2764.0,0.11432706222865413,10,2015,Sunday
2015-10-19,FOODS_1,263.0,2764.0,0.09515195369030391,10,2015,Monday
2015-10-20,FOODS_1,189.0,2695.0,0.07012987012987013,10,2015,Tuesday
2015-10-21,FOODS_1,215.0,2695.0,0.07977736549165121,10,2015,Wednesday
2015-10-22,FOODS_1,207.0,2695.0,0.07680890538033396,10,2015,Thursday
2015-10-23,FOODS_1,297.0,2695.0,0.11020408163265306,10,2015,Friday
2015-10-24,FOODS_1,362.0,2695.0,0.13432282003710574,10,2015,Saturday
2015-10-25,FOODS_1,353.0,2699.0,0.13078918117821414,10,2015,Sunday
2015-10-26,FOODS_1,223.0,2692.0,0.08283803863298662,10,2015,Monday
2015-10-27,FOODS_1,242.0,2688.0,0.0900297619047619,10,2015,Tuesday
2015-10-28,FOODS_1,238.0,2688.0,0.08854166666666667,10,2015,Wednesday
2015-10-29,FOODS_1,289.0,2688.0,0.10751488095238096,10,2015,Thursday
2015-10-30,FOODS_1,405.0,2604.0,0.15552995391705068,10,2015,Friday
2015-10-31,FOODS_1,358.0,2604.0,0.13748079877112135,10,2015,Saturday
2015-11-01,FOODS_1,180.0,2604.0,0.06912442396313365,11,2015,Sunday
2015-11-02,FOODS_1,144.0,2604.0,0.055299539170506916,11,2015,Monday
2015-11-03,FOODS_1,162.0,2604.0,0.06221198156682028,11,2015,Tuesday
2015-11-04,FOODS_1,182.0,2570.0,0.07081712062256809,11,2015,Wednesday
2015-11-05,FOODS_1,194.0,2567.0,0.07557460070120764,11,2015,Thursday
2015-11-06,FOODS_1,207.0,2562.0,0.08079625292740047,11,2015,Friday
2015-11-07,FOODS_1,352.0,2562.0,0.13739266198282593,11,2015,Saturday
2015-11-08,FOODS_1,276.0,2562.0,0.10772833723653395,11,2015,Sunday
2015-11-09,FOODS_1,194.0,2490.0,0.07791164658634538,11,2015,Monday
2015-11-10,FOODS_1,202.0,2490.0,0.08112449799196787,11,2015,Tuesday
2015-11-11,FOODS_1,264.0,2490.0,0.10602409638554217,11,2015,Wednesday
2015-11-12,FOODS_1,187.0,2490.0,0.0751004016064257,11,2015,Thursday
2015-11-13,FOODS_1,234.0,2490.0,0.09397590361445783,11,2015,Friday
2015-11-14,FOODS_1,304.0,2451.0,0.12403100775193798,11,2015,Saturday
2015-11-15,FOODS_1,331.0,2443.0,0.13548915268112977,11,2015,Sunday
2015-11-16,FOODS_1,203.0,2440.0,0.08319672131147542,11,2015,Monday
2015-11-17,FOODS_1,224.0,2440.0,0.09180327868852459,11,2015,Tuesday
2015-11-18,FOODS_1,230.0,2440.0,0.0942622950819672,11,2015,Wednesday
2015-11-19,FOODS_1,245.0,2363.0,0.10368176047397376,11,2015,Thursday
2015-11-20,FOODS_1,201.0,2363.0,0.08506136267456622,11,2015,Friday
2015-11-21,FOODS_1,326.0,2363.0,0.1379602200592467,11,2015,Saturday
2015-11-22,FOODS_1,283.0,2363.0,0.11976301311891663,11,2015,Sunday
2015-11-23,FOODS_1,296.0,2363.0,0.1252644942869234,11,2015,Monday
2015-11-24,FOODS_1,281.0,2323.0,0.12096427034007749,11,2015,Tuesday
2015-11-25,FOODS_1,242.0,2318.0,0.10440034512510785,11,2015,Wednesday
2015-11-26,FOODS_1,136.0,2315.0,0.05874730021598272,11,2015,Thursday
2015-11-27,FOODS_1,246.0,2315.0,0.1062634989200864,11,2015,Friday
2015-11-28,FOODS_1,235.0,2315.0,0.10151187904967603,11,2015,Saturday
2015-11-29,FOODS_1,186.0,2238.0,0.08310991957104558,11,2015,Sunday
2015-11-30,FOODS_1,197.0,2238.0,0.08802502234137623,11,2015,Monday
2015-12-01,FOODS_1,264.0,2238.0,0.11796246648793565,12,2015,Tuesday
2015-12-02,FOODS_1,256.0,2238.0,0.11438784629133154,12,2015,Wednesday
2015-12-03,FOODS_1,282.0,2238.0,0.1260053619302949,12,2015,Thursday
2015-12-04,FOODS_1,253.0,2199.0,0.11505229649840837,12,2015,Friday
2015-12-05,FOODS_1,367.0,2196.0,0.16712204007285975,12,2015,Saturday
2015-12-06,FOODS_1,341.0,2193.0,0.15549475604195168,12,2015,Sunday
2015-12-07,FOODS_1,338.0,2193.0,0.1541267669858641,12,2015,Monday
2015-12-08,FOODS_1,299.0,2193.0,0.13634290925672596,12,2015,Tuesday
2015-12-09,FOODS_1,224.0,2125.0,0.10541176470588236,12,2015,Wednesday
2015-12-10,FOODS_1,247.0,2125.0,0.11623529411764706,12,2015,Thursday
2015-12-11,FOODS_1,307.0,2125.0,0.14447058823529413,12,2015,Friday
2015-12-12,FOODS_1,446.0,2125.0,0.20988235294117646,12,2015,Saturday
2015-12-13,FOODS_1,367.0,2125.0,0.17270588235294118,12,2015,Sunday
2015-12-14,FOODS_1,357.0,2079.0,0.1717171717171717,12,2015,Monday
2015-12-15,FOODS_1,373.0,2077.0,0.17958594126143476,12,2015,Tuesday
2015-12-16,FOODS_1,387.0,2077.0,0.18632643235435725,12,2015,Wednesday
2015-12-17,FOODS_1,489.0,2077.0,0.2354357246027925,12,2015,Thursday
2015-12-18,FOODS_1,402.0,2077.0,0.1935483870967742,12,2015,Friday
2015-12-19,FOODS_1,508.0,2000.0,0.254,12,2015,Saturday
2015-12-20,FOODS_1,474.0,2000.0,0.237,12,2015,Sunday
2015-12-21,FOODS_1,442.0,2000.0,0.221,12,2015,Monday
2015-12-22,FOODS_1,526.0,2000.0,0.263,12,2015,Tuesday
2015-12-23,FOODS_1,573.0,2000.0,0.2865,12,2015,Wednesday
2015-12-24,FOODS_1,593.0,1959.0,0.30270546197039305,12,2015,Thursday
2015-12-25,FOODS_1,0.0,1955.0,0.0,12,2015,Friday
2015-12-26,FOODS_1,274.0,1949.0,0.14058491534120063,12,2015,Saturday
2015-12-27,FOODS_1,250.0,1949.0,0.12827090815802974,12,2015,Sunday
2015-12-28,FOODS_1,200.0,1949.0,0.10261672652642381,12,2015,Monday
2015-12-29,FOODS_1,275.0,1883.0,0.1460435475305364,12,2015,Tuesday
2015-12-30,FOODS_1,237.0,1883.0,0.12586298459904408,12,2015,Wednesday
2015-12-31,FOODS_1,245.0,1883.0,0.13011152416356878,12,2015,Thursday
2016-01-01,FOODS_1,250.0,1883.0,0.1327668613913967,1,2016,Friday
2016-01-02,FOODS_1,271.0,1883.0,0.14391927774827404,1,2016,Saturday
2016-01-03,FOODS_1,244.0,1828.0,0.13347921225382933,1,2016,Sunday
2016-01-04,FOODS_1,298.0,1823.0,0.1634668129456939,1,2016,Monday
2016-01-05,FOODS_1,187.0,1815.0,0.10303030303030303,1,2016,Tuesday
2016-01-06,FOODS_1,215.0,1815.0,0.1184573002754821,1,2016,Wednesday
2016-01-07,FOODS_1,211.0,1815.0,0.1162534435261708,1,2016,Thursday
2016-01-08,FOODS_1,295.0,1749.0,0.16866781017724414,1,2016,Friday
2016-01-09,FOODS_1,383.0,1749.0,0.21898227558604916,1,2016,Saturday
2016-01-10,FOODS_1,294.0,1749.0,0.1680960548885077,1,2016,Sunday
2016-01-11,FOODS_1,318.0,1749.0,0.18181818181818182,1,2016,Monday
2016-01-12,FOODS_1,236.0,1749.0,0.1349342481417953,1,2016,Tuesday
2016-01-13,FOODS_1,258.0,1683.0,0.1532976827094474,1,2016,Wednesday
2016-01-14,FOODS_1,273.0,1680.0,0.1625,1,2016,Thursday
2016-01-15,FOODS_1,330.0,1674.0,0.1971326164874552,1,2016,Friday
2016-01-16,FOODS_1,450.0,1674.0,0.26881720430107525,1,2016,Saturday
2016-01-17,FOODS_1,413.0,1674.0,0.24671445639187575,1,2016,Sunday
2016-01-18,FOODS_1,275.0,1590.0,0.17295597484276728,1,2016,Monday
2016-01-19,FOODS_1,202.0,1590.0,0.1270440251572327,1,2016,Tuesday
2016-01-20,FOODS_1,233.0,1590.0,0.14654088050314465,1,2016,Wednesday
2016-01-21,FOODS_1,288.0,1590.0,0.1811320754716981,1,2016,Thursday
2016-01-22,FOODS_1,279.0,1590.0,0.17547169811320754,1,2016,Friday
2016-01-23,FOODS_1,430.0,1542.0,0.2788586251621271,1,2016,Saturday
2016-01-24,FOODS_1,401.0,1539.0,0.2605588044184535,1,2016,Sunday
2016-01-25,FOODS_1,261.0,1537.0,0.16981132075471697,1,2016,Monday
2016-01-26,FOODS_1,222.0,1537.0,0.14443721535458687,1,2016,Tuesday
2016-01-27,FOODS_1,226.0,1537.0,0.14703968770331816,1,2016,Wednesday
2016-01-28,FOODS_1,255.0,1476.0,0.17276422764227642,1,2016,Thursday
2016-01-29,FOODS_1,357.0,1476.0,0.241869918699187,1,2016,Friday
2016-01-30,FOODS_1,380.0,1476.0,0.25745257452574527,1,2016,Saturday
2016-01-31,FOODS_1,366.0,1476.0,0.24796747967479674,1,2016,Sunday
2016-02-01,FOODS_1,314.0,1476.0,0.2127371273712737,2,2016,Monday
2016-02-02,FOODS_1,276.0,1414.0,0.19519094766619519,2,2016,Tuesday
2016-02-03,FOODS_1,220.0,1409.0,0.15613910574875797,2,2016,Wednesday
2016-02-04,FOODS_1,313.0,1409.0,0.22214336408800567,2,2016,Thursday
2016-02-05,FOODS_1,339.0,1409.0,0.24059616749467708,2,2016,Friday
2016-02-06,FOODS_1,481.0,1409.0,0.34137686302342085,2,2016,Saturday
2016-02-07,FOODS_1,249.0,1334.0,0.1866566716641679,2,2016,Sunday
2016-02-08,FOODS_1,266.0,1334.0,0.19940029985007496,2,2016,Monday
2016-02-09,FOODS_1,281.0,1334.0,0.21064467766116943,2,2016,Tuesday
2016-02-10,FOODS_1,280.0,1334.0,0.2098950524737631,2,2016,Wednesday
2016-02-11,FOODS_1,440.0,1334.0,0.32983508245877063,2,2016,Thursday
2016-02-12,FOODS_1,455.0,1243.0,0.3660498793242156,2,2016,Friday
2016-02-13,FOODS_1,520.0,1238.0,0.420032310177706,2,2016,Saturday
2016-02-14,FOODS_1,401.0,1232.0,0.325487012987013,2,2016,Sunday
2016-02-15,FOODS_1,246.0,1232.0,0.19967532467532467,2,2016,Monday
2016-02-16,FOODS_1,238.0,1232.0,0.19318181818181818,2,2016,Tuesday
2016-02-17,FOODS_1,252.0,1161.0,0.21705426356589147,2,2016,Wednesday
2016-02-18,FOODS_1,244.0,1161.0,0.21016365202411713,2,2016,Thursday
2016-02-19,FOODS_1,339.0,1161.0,0.29198966408268734,2,2016,Friday
2016-02-20,FOODS_1,364.0,1161.0,0.31352282515073215,2,2016,Saturday
2016-02-21,FOODS_1,345.0,1161.0,0.2971576227390181,2,2016,Sunday
2016-02-22,FOODS_1,232.0,1063.0,0.21825023518344308,2,2016,Monday
2016-02-23,FOODS_1,210.0,1060.0,0.19811320754716982,2,2016,Tuesday
2016-02-24,FOODS_1,253.0,1056.0,0.23958333333333334,2,2016,Wednesday
2016-02-25,FOODS_1,181.0,1056.0,0.17140151515151514,2,2016,Thursday
2016-02-26,FOODS_1,375.0,1056.0,0.35511363636363635,2,2016,Friday
2016-02-27,FOODS_1,427.0,993.0,0.4300100704934542,2,2016,Saturday
2016-02-28,FOODS_1,350.0,993.0,0.35246727089627394,2,2016,Sunday
2016-02-29,FOODS_1,295.0,993.0,0.297079556898288,2,2016,Monday
2016-03-01,FOODS_1,252.0,993.0,0.2537764350453172,3,2016,Tuesday
2016-03-02,FOODS_1,239.0,993.0,0.2406847935548842,3,2016,Wednesday
2016-03-03,FOODS_1,278.0,916.0,0.3034934497816594,3,2016,Thursday
2016-03-04,FOODS_1,324.0,913.0,0.3548740416210296,3,2016,Friday
2016-03-05,FOODS_1,410.0,911.0,0.4500548847420417,3,2016,Saturday
2016-03-06,FOODS_1,462.0,911.0,0.5071350164654226,3,2016,Sunday
2016-03-07,FOODS_1,308.0,911.0,0.3380900109769484,3,2016,Monday
2016-03-08,FOODS_1,299.0,839.0,0.3563766388557807,3,2016,Tuesday
2016-03-09,FOODS_1,215.0,839.0,0.2562574493444577,3,2016,Wednesday
2016-03-10,FOODS_1,302.0,839.0,0.3599523241954708,3,2016,Thursday
2016-03-11,FOODS_1,322.0,839.0,0.3837902264600715,3,2016,Friday
2016-03-12,FOODS_1,496.0,839.0,0.5911799761620977,3,2016,Saturday
2016-03-13,FOODS_1,288.0,749.0,0.38451268357810414,3,2016,Sunday
2016-03-14,FOODS_1,300.0,746.0,0.40214477211796246,3,2016,Monday
2016-03-15,FOODS_1,222.0,740.0,0.3,3,2016,Tuesday
2016-03-16,FOODS_1,233.0,740.0,0.31486486486486487,3,2016,Wednesday
2016-03-17,FOODS_1,236.0,740.0,0.31891891891891894,3,2016,Thursday
2016-03-18,FOODS_1,328.0,678.0,0.4837758112094395,3,2016,Friday
2016-03-19,FOODS_1,417.0,678.0,0.6150442477876106,3,2016,Saturday
2016-03-20,FOODS_1,388.0,678.0,0.5722713864306784,3,2016,Sunday
2016-03-21,FOODS_1,295.0,678.0,0.4351032448377581,3,2016,Monday
2016-03-22,FOODS_1,358.0,678.0,0.528023598820059,3,2016,Tuesday
2016-03-23,FOODS_1,348.0,594.0,0.5858585858585859,3,2016,Wednesday
2016-03-24,FOODS_1,335.0,592.0,0.5658783783783784,3,2016,Thursday
2016-03-25,FOODS_1,483.0,586.0,0.8242320819112628,3,2016,Friday
2016-03-26,FOODS_1,612.0,586.0,1.0443686006825939,3,2016,Saturday
2016-03-27,FOODS_1,411.0,586.0,0.7013651877133106,3,2016,Sunday
2016-03-28,FOODS_1,233.0,516.0,0.45155038759689925,3,2016,Monday
2016-03-29,FOODS_1,185.0,516.0,0.35852713178294576,3,2016,Tuesday
2016-03-30,FOODS_1,215.0,516.0,0.4166666666666667,3,2016,Wednesday
2016-03-31,FOODS_1,354.0,516.0,0.686046511627907,3,2016,Thursday
2016-04-01,FOODS_1,320.0,516.0,0.6201550387596899,4,2016,Friday
2016-04-02,FOODS_1,311.0,410.0,0.7585365853658537,4,2016,Saturday
2016-04-03,FOODS_1,367.0,405.0,0.9061728395061729,4,2016,Sunday
2016-04-04,FOODS_1,238.0,397.0,0.5994962216624685,4,2016,Monday
2016-04-05,FOODS_1,246.0,397.0,0.6196473551637279,4,2016,Tuesday
2016-04-06,FOODS_1,214.0,397.0,0.5390428211586902,4,2016,Wednesday
2016-04-07,FOODS_1,261.0,333.0,0.7837837837837838,4,2016,Thursday
2016-04-08,FOODS_1,319.0,333.0,0.9579579579579579,4,2016,Friday
2016-04-09,FOODS_1,394.0,333.0,1.1831831831831832,4,2016,Saturday
2016-04-10,FOODS_1,301.0,333.0,0.9039039039039038,4,2016,Sunday
2016-04-11,FOODS_1,257.0,333.0,0.7717717717717718,4,2016,Monday
2016-04-12,FOODS_1,227.0,204.0,1.1127450980392157,4,2016,Tuesday
2016-04-13,FOODS_1,213.0,199.0,1.07035175879397,4,2016,Wednesday
2016-04-14,FOODS_1,282.0,193.0,1.461139896373057,4,2016,Thursday
2016-04-15,FOODS_1,293.0,193.0,1.5181347150259068,4,2016,Friday
2016-04-16,FOODS_1,317.0,193.0,1.6424870466321244,4,2016,Saturday
2016-04-17,FOODS_1,268.0,128.0,2.09375,4,2016,Sunday
2016-04-18,FOODS_1,302.0,128.0,2.359375,4,2016,Monday
2016-04-19,FOODS_1,237.0,128.0,1.8515625,4,2016,Tuesday
2016-04-20,FOODS_1,287.0,128.0,2.2421875,4,2016,Wednesday
2016-04-21,FOODS_1,297.0,128.0,2.3203125,4,2016,Thursday
2016-04-22,FOODS_1,331.0,6.0,55.166666666666664,4,2016,Friday
2016-04-23,FOODS_1,419.0,4.0,104.75,4,2016,Saturday
2016-04-24,FOODS_1,329.0,1.0,329.0,4,2016,Sunday
2011-01-29,FOODS_2,674.0,398.0,1.693467336683417,1,2011,Saturday
2011-01-30,FOODS_2,655.0,398.0,1.6457286432160805,1,2011,Sunday
2011-01-31,FOODS_2,396.0,360.0,1.1,1,2011,Monday
2011-02-01,FOODS_2,476.0,360.0,1.3222222222222222,2,2011,Tuesday
2011-02-02,FOODS_2,354.0,334.0,1.0598802395209581,2,2011,Wednesday
2011-02-03,FOODS_2,486.0,732.0,0.6639344262295082,2,2011,Thursday
2011-02-04,FOODS_2,554.0,669.0,0.828101644245142,2,2011,Friday
2011-02-05,FOODS_2,747.0,601.0,1.242928452579035,2,2011,Saturday
2011-02-06,FOODS_2,581.0,583.0,0.9965694682675815,2,2011,Sunday
2011-02-07,FOODS_2,559.0,551.0,1.014519056261343,2,2011,Monday
2011-02-08,FOODS_2,475.0,935.0,0.5080213903743316,2,2011,Tuesday
2011-02-09,FOODS_2,396.0,890.0,0.4449438202247191,2,2011,Wednesday
2011-02-10,FOODS_2,469.0,813.0,0.5768757687576875,2,2011,Thursday
2011-02-11,FOODS_2,449.0,795.0,0.5647798742138365,2,2011,Friday
2011-02-12,FOODS_2,606.0,753.0,0.8047808764940239,2,2011,Saturday
2011-02-13,FOODS_2,633.0,1133.0,0.558693733451015,2,2011,Sunday
2011-02-14,FOODS_2,369.0,1079.0,0.34198331788693237,2,2011,Monday
2011-02-15,FOODS_2,379.0,1010.0,0.37524752475247525,2,2011,Tuesday
2011-02-16,FOODS_2,344.0,972.0,0.35390946502057613,2,2011,Wednesday
2011-02-17,FOODS_2,285.0,924.0,0.30844155844155846,2,2011,Thursday
2011-02-18,FOODS_2,512.0,1307.0,0.39173680183626625,2,2011,Friday
2011-02-19,FOODS_2,587.0,1242.0,0.4726247987117552,2,2011,Saturday
2011-02-20,FOODS_2,562.0,1168.0,0.4811643835616438,2,2011,Sunday
2011-02-21,FOODS_2,440.0,1127.0,0.3904170363797693,2,2011,Monday
2011-02-22,FOODS_2,289.0,1090.0,0.26513761467889907,2,2011,Tuesday
2011-02-23,FOODS_2,310.0,1473.0,0.21045485403937542,2,2011,Wednesday
2011-02-24,FOODS_2,317.0,1405.0,0.22562277580071174,2,2011,Thursday
2011-02-25,FOODS_2,346.0,1336.0,0.25898203592814373,2,2011,Friday
2011-02-26,FOODS_2,509.0,1286.0,0.39580093312597203,2,2011,Saturday
2011-02-27,FOODS_2,518.0,1243.0,0.416733708769107,2,2011,Sunday
2011-02-28,FOODS_2,410.0,1580.0,0.25949367088607594,2,2011,Monday
2011-03-01,FOODS_2,401.0,1530.0,0.26209150326797387,3,2011,Tuesday
2011-03-02,FOODS_2,363.0,1458.0,0.24897119341563786,3,2011,Wednesday
2011-03-03,FOODS_2,325.0,1394.0,0.23314203730272598,3,2011,Thursday
2011-03-04,FOODS_2,544.0,1351.0,0.40266469282013323,3,2011,Friday
2011-03-05,FOODS_2,568.0,1689.0,0.33629366489046775,3,2011,Saturday
2011-03-06,FOODS_2,708.0,1631.0,0.43408951563458004,3,2011,Sunday
2011-03-07,FOODS_2,530.0,1559.0,0.3399615137908916,3,2011,Monday
2011-03-08,FOODS_2,478.0,1488.0,0.32123655913978494,3,2011,Tuesday
2011-03-09,FOODS_2,454.0,1445.0,0.31418685121107265,3,2011,Wednesday
2011-03-10,FOODS_2,442.0,1777.0,0.24873382104670794,3,2011,Thursday
2011-03-11,FOODS_2,487.0,1706.0,0.2854630715123095,3,2011,Friday
2011-03-12,FOODS_2,540.0,1634.0,0.33047735618115054,3,2011,Saturday
2011-03-13,FOODS_2,607.0,1575.0,0.3853968253968254,3,2011,Sunday
2011-03-14,FOODS_2,418.0,1526.0,0.27391874180865006,3,2011,Monday
2011-03-15,FOODS_2,325.0,1879.0,0.1729643427354976,3,2011,Tuesday
2011-03-16,FOODS_2,339.0,1822.0,0.18605927552140505,3,2011,Wednesday
2011-03-17,FOODS_2,313.0,1758.0,0.17804323094425484,3,2011,Thursday
2011-03-18,FOODS_2,384.0,1702.0,0.2256169212690952,3,2011,Friday
2011-03-19,FOODS_2,561.0,1657.0,0.3385636692818346,3,2011,Saturday
2011-03-20,FOODS_2,604.0,1997.0,0.3024536805207812,3,2011,Sunday
2011-03-21,FOODS_2,329.0,1948.0,0.1688911704312115,3,2011,Monday
2011-03-22,FOODS_2,324.0,1883.0,0.17206585236325014,3,2011,Tuesday
2011-03-23,FOODS_2,250.0,1831.0,0.1365374112506827,3,2011,Wednesday
2011-03-24,FOODS_2,261.0,1793.0,0.14556609035136642,3,2011,Thursday
2011-03-25,FOODS_2,290.0,2117.0,0.136986301369863,3,2011,Friday
2011-03-26,FOODS_2,484.0,2058.0,0.23517978620019436,3,2011,Saturday
2011-03-27,FOODS_2,523.0,1973.0,0.26507856056766343,3,2011,Sunday
2011-03-28,FOODS_2,344.0,1909.0,0.18019905709795705,3,2011,Monday
2011-03-29,FOODS_2,279.0,1860.0,0.15,3,2011,Tuesday
2011-03-30,FOODS_2,266.0,2187.0,0.12162780064014632,3,2011,Wednesday
2011-03-31,FOODS_2,309.0,2142.0,0.14425770308123248,3,2011,Thursday
2011-04-01,FOODS_2,444.0,2071.0,0.21438918396909706,4,2011,Friday
2011-04-02,FOODS_2,538.0,2005.0,0.2683291770573566,4,2011,Saturday
2011-04-03,FOODS_2,569.0,1956.0,0.2908997955010225,4,2011,Sunday
2011-04-04,FOODS_2,501.0,2260.0,0.22168141592920354,4,2011,Monday
2011-04-05,FOODS_2,378.0,2201.0,0.1717401181281236,4,2011,Tuesday
2011-04-06,FOODS_2,361.0,2140.0,0.16869158878504673,4,2011,Wednesday
2011-04-07,FOODS_2,461.0,2083.0,0.22131541046567452,4,2011,Thursday
2011-04-08,FOODS_2,485.0,2027.0,0.23926985693142575,4,2011,Friday
2011-04-09,FOODS_2,577.0,2331.0,0.24753324753324754,4,2011,Saturday
2011-04-10,FOODS_2,562.0,2280.0,0.24649122807017543,4,2011,Sunday
2011-04-11,FOODS_2,480.0,2212.0,0.21699819168173598,4,2011,Monday
2011-04-12,FOODS_2,345.0,2147.0,0.16068933395435492,4,2011,Tuesday
2011-04-13,FOODS_2,320.0,2107.0,0.15187470336971998,4,2011,Wednesday
2011-04-14,FOODS_2,334.0,2417.0,0.13818783616052957,4,2011,Thursday
2011-04-15,FOODS_2,410.0,2353.0,0.17424564385890354,4,2011,Friday
2011-04-16,FOODS_2,480.0,2272.0,0.2112676056338028,4,2011,Saturday
2011-04-17,FOODS_2,515.0,2213.0,0.23271577044735653,4,2011,Sunday
2011-04-18,FOODS_2,417.0,2172.0,0.1919889502762431,4,2011,Monday
2011-04-19,FOODS_2,313.0,2485.0,0.12595573440643862,4,2011,Tuesday
2011-04-20,FOODS_2,308.0,2438.0,0.12633305988515175,4,2011,Wednesday
2011-04-21,FOODS_2,381.0,2363.0,0.16123571730850614,4,2011,Thursday
2011-04-22,FOODS_2,426.0,2311.0,0.18433578537429685,4,2011,Friday
2011-04-23,FOODS_2,538.0,2266.0,0.23742277140335394,4,2011,Saturday
2011-04-24,FOODS_2,379.0,2591.0,0.14627556927827093,4,2011,Sunday
2011-04-25,FOODS_2,341.0,2541.0,0.1341991341991342,4,2011,Monday
2011-04-26,FOODS_2,342.0,2462.0,0.1389114541023558,4,2011,Tuesday
2011-04-27,FOODS_2,245.0,2409.0,0.10170195101701951,4,2011,Wednesday
2011-04-28,FOODS_2,263.0,2365.0,0.11120507399577167,4,2011,Thursday
2011-04-29,FOODS_2,376.0,2660.0,0.14135338345864662,4,2011,Friday
2011-04-30,FOODS_2,500.0,2612.0,0.19142419601837674,4,2011,Saturday
2011-05-01,FOODS_2,446.0,2529.0,0.1763542902332938,5,2011,Sunday
2011-05-02,FOODS_2,410.0,2486.0,0.16492357200321803,5,2011,Monday
2011-05-03,FOODS_2,411.0,2455.0,0.16741344195519348,5,2011,Tuesday
2011-05-04,FOODS_2,299.0,2767.0,0.1080592699674738,5,2011,Wednesday
2011-05-05,FOODS_2,284.0,2703.0,0.10506844247132816,5,2011,Thursday
2011-05-06,FOODS_2,489.0,2626.0,0.18621477532368622,5,2011,Friday
2011-05-07,FOODS_2,438.0,2564.0,0.17082683307332294,5,2011,Saturday
2011-05-08,FOODS_2,306.0,2518.0,0.12152501985702939,5,2011,Sunday
2011-05-09,FOODS_2,595.0,2840.0,0.20950704225352113,5,2011,Monday
2011-05-10,FOODS_2,541.0,2782.0,0.19446441409058232,5,2011,Tuesday
2011-05-11,FOODS_2,460.0,2715.0,0.1694290976058932,5,2011,Wednesday
2011-05-12,FOODS_2,379.0,2649.0,0.1430728576821442,5,2011,Thursday
2011-05-13,FOODS_2,447.0,2609.0,0.17133001149865848,5,2011,Friday
2011-05-14,FOODS_2,560.0,2917.0,0.1919780596503257,5,2011,Saturday
2011-05-15,FOODS_2,651.0,2854.0,0.2281009110021023,5,2011,Sunday
2011-05-16,FOODS_2,432.0,2778.0,0.15550755939524838,5,2011,Monday
2011-05-17,FOODS_2,342.0,2725.0,0.1255045871559633,5,2011,Tuesday
2011-05-18,FOODS_2,340.0,2676.0,0.12705530642750373,5,2011,Wednesday
2011-05-19,FOODS_2,311.0,2988.0,0.10408299866131192,5,2011,Thursday
2011-05-20,FOODS_2,389.0,2927.0,0.13290058079945336,5,2011,Friday
2011-05-21,FOODS_2,531.0,2851.0,0.1862504384426517,5,2011,Saturday
2011-05-22,FOODS_2,577.0,2795.0,0.20644007155635063,5,2011,Sunday
2011-05-23,FOODS_2,392.0,2758.0,0.14213197969543148,5,2011,Monday
2011-05-24,FOODS_2,353.0,3076.0,0.1147594278283485,5,2011,Tuesday
2011-05-25,FOODS_2,344.0,3005.0,0.11447587354409318,5,2011,Wednesday
2011-05-26,FOODS_2,334.0,2939.0,0.11364409663150732,5,2011,Thursday
2011-05-27,FOODS_2,365.0,2891.0,0.1262538913870633,5,2011,Friday
2011-05-28,FOODS_2,482.0,2852.0,0.16900420757363255,5,2011,Saturday
2011-05-29,FOODS_2,446.0,3160.0,0.14113924050632912,5,2011,Sunday
2011-05-30,FOODS_2,524.0,3105.0,0.16876006441223831,5,2011,Monday
2011-05-31,FOODS_2,372.0,3028.0,0.12285336856010567,5,2011,Tuesday
2011-06-01,FOODS_2,417.0,2972.0,0.14030955585464333,6,2011,Wednesday
2011-06-02,FOODS_2,403.0,2927.0,0.1376836351212846,6,2011,Thursday
2011-06-03,FOODS_2,621.0,3225.0,0.1925581395348837,6,2011,Friday
2011-06-04,FOODS_2,709.0,3164.0,0.2240834386852086,6,2011,Saturday
2011-06-05,FOODS_2,711.0,3102.0,0.22920696324951645,6,2011,Sunday
2011-06-06,FOODS_2,553.0,3045.0,0.18160919540229886,6,2011,Monday
2011-06-07,FOODS_2,503.0,2999.0,0.16772257419139713,6,2011,Tuesday
2011-06-08,FOODS_2,401.0,3287.0,0.12199574079707941,6,2011,Wednesday
2011-06-09,FOODS_2,444.0,3220.0,0.13788819875776398,6,2011,Thursday
2011-06-10,FOODS_2,534.0,3133.0,0.17044366421959783,6,2011,Friday
2011-06-11,FOODS_2,622.0,3077.0,0.2021449463763406,6,2011,Saturday
2011-06-12,FOODS_2,623.0,3033.0,0.2054071876030333,6,2011,Sunday
2011-06-13,FOODS_2,514.0,3321.0,0.1547726588376995,6,2011,Monday
2011-06-14,FOODS_2,450.0,3270.0,0.13761467889908258,6,2011,Tuesday
2011-06-15,FOODS_2,378.0,3213.0,0.11764705882352941,6,2011,Wednesday
2011-06-16,FOODS_2,332.0,3159.0,0.10509654954099398,6,2011,Thursday
2011-06-17,FOODS_2,429.0,3110.0,0.13794212218649518,6,2011,Friday
2011-06-18,FOODS_2,566.0,3401.0,0.16642164069391355,6,2011,Saturday
2011-06-19,FOODS_2,405.0,3343.0,0.12114866886030512,6,2011,Sunday
2011-06-20,FOODS_2,361.0,3267.0,0.11049892868074686,6,2011,Monday
2011-06-21,FOODS_2,394.0,3219.0,0.12239826032929481,6,2011,Tuesday
2011-06-22,FOODS_2,372.0,3166.0,0.11749842072015161,6,2011,Wednesday
2011-06-23,FOODS_2,411.0,3462.0,0.11871750433275563,6,2011,Thursday
2011-06-24,FOODS_2,407.0,3404.0,0.11956521739130435,6,2011,Friday
2011-06-25,FOODS_2,428.0,3323.0,0.1287992777610593,6,2011,Saturday
2011-06-26,FOODS_2,470.0,3273.0,0.1435991445157348,6,2011,Sunday
2011-06-27,FOODS_2,440.0,3232.0,0.13613861386138615,6,2011,Monday
2011-06-28,FOODS_2,324.0,3528.0,0.09183673469387756,6,2011,Tuesday
2011-06-29,FOODS_2,311.0,3473.0,0.0895479412611575,6,2011,Wednesday
2011-06-30,FOODS_2,324.0,3399.0,0.09532215357458076,6,2011,Thursday
2011-07-01,FOODS_2,481.0,3326.0,0.14461815995189417,7,2011,Friday
2011-07-02,FOODS_2,585.0,3276.0,0.17857142857142858,7,2011,Saturday
2011-07-03,FOODS_2,550.0,3571.0,0.15401848221786615,7,2011,Sunday
2011-07-04,FOODS_2,366.0,3521.0,0.10394774211871627,7,2011,Monday
2011-07-05,FOODS_2,557.0,3431.0,0.1623433401340717,7,2011,Tuesday
2011-07-06,FOODS_2,583.0,3361.0,0.17346027967866706,7,2011,Wednesday
2011-07-07,FOODS_2,603.0,3311.0,0.18212020537601933,7,2011,Thursday
2011-07-08,FOODS_2,598.0,3604.0,0.16592674805771365,7,2011,Friday
2011-07-09,FOODS_2,627.0,3553.0,0.17647058823529413,7,2011,Saturday
2011-07-10,FOODS_2,743.0,3478.0,0.21362852213916045,7,2011,Sunday
2011-07-11,FOODS_2,570.0,3420.0,0.16666666666666666,7,2011,Monday
2011-07-12,FOODS_2,356.0,3376.0,0.10545023696682465,7,2011,Tuesday
2011-07-13,FOODS_2,350.0,3681.0,0.09508285791904374,7,2011,Wednesday
2011-07-14,FOODS_2,347.0,3608.0,0.09617516629711752,7,2011,Thursday
2011-07-15,FOODS_2,422.0,3545.0,0.11904090267983075,7,2011,Friday
2011-07-16,FOODS_2,521.0,3503.0,0.14872966029117898,7,2011,Saturday
2011-07-17,FOODS_2,578.0,3455.0,0.16729377713458757,7,2011,Sunday
2011-07-18,FOODS_2,431.0,3744.0,0.11511752136752136,7,2011,Monday
2011-07-19,FOODS_2,352.0,3681.0,0.095626188535724,7,2011,Tuesday
2011-07-20,FOODS_2,305.0,3610.0,0.08448753462603878,7,2011,Wednesday
2011-07-21,FOODS_2,351.0,3557.0,0.09867866179364633,7,2011,Thursday
2011-07-22,FOODS_2,429.0,3511.0,0.1221874109940188,7,2011,Friday
2011-07-23,FOODS_2,498.0,3793.0,0.13129448984972317,7,2011,Saturday
2011-07-24,FOODS_2,489.0,3733.0,0.1309938387356014,7,2011,Sunday
2011-07-25,FOODS_2,399.0,3652.0,0.1092552026286966,7,2011,Monday
2011-07-26,FOODS_2,318.0,3584.0,0.08872767857142858,7,2011,Tuesday
2011-07-27,FOODS_2,311.0,3528.0,0.08815192743764172,7,2011,Wednesday
2011-07-28,FOODS_2,256.0,3813.0,0.06713873590348807,7,2011,Thursday
2011-07-29,FOODS_2,383.0,3761.0,0.10183461845253922,7,2011,Friday
2011-07-30,FOODS_2,409.0,3694.0,0.11072008662696264,7,2011,Saturday
2011-07-31,FOODS_2,491.0,3641.0,0.13485306234550948,7,2011,Sunday
2011-08-01,FOODS_2,480.0,3591.0,0.1336675020885547,8,2011,Monday
2011-08-02,FOODS_2,462.0,3872.0,0.11931818181818182,8,2011,Tuesday
2011-08-03,FOODS_2,480.0,3813.0,0.12588512981904013,8,2011,Wednesday
2011-08-04,FOODS_2,518.0,3737.0,0.13861386138613863,8,2011,Thursday
2011-08-05,FOODS_2,579.0,3677.0,0.15746532499320098,8,2011,Friday
2011-08-06,FOODS_2,566.0,3636.0,0.15566556655665567,8,2011,Saturday
2011-08-07,FOODS_2,663.0,3910.0,0.16956521739130434,8,2011,Sunday
2011-08-08,FOODS_2,656.0,3839.0,0.17087783276895024,8,2011,Monday
2011-08-09,FOODS_2,504.0,3763.0,0.13393568960935423,8,2011,Tuesday
2011-08-10,FOODS_2,527.0,3718.0,0.14174287251210327,8,2011,Wednesday
2011-08-11,FOODS_2,397.0,3680.0,0.1078804347826087,8,2011,Thursday
2011-08-12,FOODS_2,528.0,3957.0,0.133434420015163,8,2011,Friday
2011-08-13,FOODS_2,612.0,3894.0,0.15716486902927582,8,2011,Saturday
2011-08-14,FOODS_2,665.0,3830.0,0.17362924281984335,8,2011,Sunday
2011-08-15,FOODS_2,407.0,3767.0,0.10804353597026811,8,2011,Monday
2011-08-16,FOODS_2,393.0,3711.0,0.1059013742926435,8,2011,Tuesday
2011-08-17,FOODS_2,390.0,3977.0,0.09806386723661051,8,2011,Wednesday
2011-08-18,FOODS_2,364.0,3918.0,0.09290454313425217,8,2011,Thursday
2011-08-19,FOODS_2,457.0,3852.0,0.11863966770508827,8,2011,Friday
2011-08-20,FOODS_2,551.0,3799.0,0.1450381679389313,8,2011,Saturday
2011-08-21,FOODS_2,678.0,3758.0,0.1804151144225652,8,2011,Sunday
2011-08-22,FOODS_2,420.0,4039.0,0.10398613518197573,8,2011,Monday
2011-08-23,FOODS_2,349.0,3980.0,0.08768844221105528,8,2011,Tuesday
2011-08-24,FOODS_2,318.0,3921.0,0.0811017597551645,8,2011,Wednesday
2011-08-25,FOODS_2,331.0,3870.0,0.0855297157622739,8,2011,Thursday
2011-08-26,FOODS_2,407.0,3830.0,0.106266318537859,8,2011,Friday
2011-08-27,FOODS_2,506.0,4127.0,0.12260722074145869,8,2011,Saturday
2011-08-28,FOODS_2,410.0,4065.0,0.1008610086100861,8,2011,Sunday
2011-08-29,FOODS_2,256.0,3994.0,0.06409614421632448,8,2011,Monday
2011-08-30,FOODS_2,239.0,3939.0,0.060675298299060675,8,2011,Tuesday
2011-08-31,FOODS_2,260.0,3890.0,0.06683804627249357,8,2011,Wednesday
2011-09-01,FOODS_2,270.0,4163.0,0.06485707422531828,9,2011,Thursday
2011-09-02,FOODS_2,435.0,4097.0,0.10617525018306077,9,2011,Friday
2011-09-03,FOODS_2,498.0,4033.0,0.1234812794445822,9,2011,Saturday
2011-09-04,FOODS_2,488.0,3983.0,0.1225207130303791,9,2011,Sunday
2011-09-05,FOODS_2,504.0,3940.0,0.12791878172588833,9,2011,Monday
2011-09-06,FOODS_2,570.0,4212.0,0.13532763532763534,9,2011,Tuesday
2011-09-07,FOODS_2,438.0,4151.0,0.10551674295350517,9,2011,Wednesday
2011-09-08,FOODS_2,448.0,4079.0,0.10983084089237559,9,2011,Thursday
2011-09-09,FOODS_2,517.0,4023.0,0.12851106139696744,9,2011,Friday
2011-09-10,FOODS_2,599.0,3982.0,0.1504269211451532,9,2011,Saturday
2011-09-11,FOODS_2,633.0,4248.0,0.14901129943502825,9,2011,Sunday
2011-09-12,FOODS_2,500.0,4183.0,0.11953143676786995,9,2011,Monday
2011-09-13,FOODS_2,399.0,4114.0,0.09698590179873602,9,2011,Tuesday
2011-09-14,FOODS_2,327.0,4048.0,0.0807806324110672,9,2011,Wednesday
2011-09-15,FOODS_2,327.0,4007.0,0.08160718742201148,9,2011,Thursday
2011-09-16,FOODS_2,418.0,4281.0,0.09764073814529316,9,2011,Friday
2011-09-17,FOODS_2,558.0,4215.0,0.13238434163701068,9,2011,Saturday
2011-09-18,FOODS_2,572.0,4142.0,0.1380975374215355,9,2011,Sunday
2011-09-19,FOODS_2,360.0,4094.0,0.08793356130923302,9,2011,Monday
2011-09-20,FOODS_2,390.0,4054.0,0.09620128268376912,9,2011,Tuesday
2011-09-21,FOODS_2,303.0,4325.0,0.0700578034682081,9,2011,Wednesday
2011-09-22,FOODS_2,301.0,4268.0,0.07052483598875352,9,2011,Thursday
2011-09-23,FOODS_2,410.0,4198.0,0.09766555502620296,9,2011,Friday
2011-09-24,FOODS_2,569.0,4147.0,0.13720761996624065,9,2011,Saturday
2011-09-25,FOODS_2,541.0,4102.0,0.1318868844466114,9,2011,Sunday
2011-09-26,FOODS_2,394.0,4373.0,0.09009833066544706,9,2011,Monday
2011-09-27,FOODS_2,342.0,4311.0,0.07933194154488518,9,2011,Tuesday
2011-09-28,FOODS_2,288.0,4226.0,0.06814955040227165,9,2011,Wednesday
2011-09-29,FOODS_2,265.0,4167.0,0.06359491240700745,9,2011,Thursday
2011-09-30,FOODS_2,426.0,4124.0,0.10329776915615907,9,2011,Friday
2011-10-01,FOODS_2,620.0,4412.0,0.14052583862194015,10,2011,Saturday
2011-10-02,FOODS_2,680.0,4348.0,0.15639374425023,10,2011,Sunday
2011-10-03,FOODS_2,527.0,4271.0,0.12339030671973776,10,2011,Monday
2011-10-04,FOODS_2,498.0,4222.0,0.11795357650402653,10,2011,Tuesday
2011-10-05,FOODS_2,441.0,4181.0,0.10547715857450371,10,2011,Wednesday
2011-10-06,FOODS_2,500.0,4471.0,0.11183180496533214,10,2011,Thursday
2011-10-07,FOODS_2,558.0,4407.0,0.12661674608577264,10,2011,Friday
2011-10-08,FOODS_2,577.0,4354.0,0.13252181901699586,10,2011,Saturday
2011-10-09,FOODS_2,636.0,4294.0,0.1481136469492315,10,2011,Sunday
2011-10-10,FOODS_2,628.0,4256.0,0.1475563909774436,10,2011,Monday
2011-10-11,FOODS_2,358.0,4517.0,0.07925614345804738,10,2011,Tuesday
2011-10-12,FOODS_2,378.0,4458.0,0.0847913862718708,10,2011,Wednesday
2011-10-13,FOODS_2,380.0,4381.0,0.08673818762839534,10,2011,Thursday
2011-10-14,FOODS_2,440.0,4329.0,0.10164010164010163,10,2011,Friday
2011-10-15,FOODS_2,577.0,4284.0,0.13468720821661997,10,2011,Saturday
2011-10-16,FOODS_2,584.0,4556.0,0.12818261633011413,10,2011,Sunday
2011-10-17,FOODS_2,413.0,4509.0,0.09159458860057662,10,2011,Monday
2011-10-18,FOODS_2,349.0,4449.0,0.07844459429085188,10,2011,Tuesday
2011-10-19,FOODS_2,315.0,4387.0,0.07180305447914292,10,2011,Wednesday
2011-10-20,FOODS_2,362.0,4338.0,0.0834485938220378,10,2011,Thursday
2011-10-21,FOODS_2,339.0,4605.0,0.0736156351791531,10,2011,Friday
2011-10-22,FOODS_2,507.0,4546.0,0.11152661680598328,10,2011,Saturday
2011-10-23,FOODS_2,587.0,4473.0,0.13123183545718756,10,2011,Sunday
2011-10-24,FOODS_2,398.0,4410.0,0.09024943310657596,10,2011,Monday
2011-10-25,FOODS_2,335.0,4351.0,0.07699379452999311,10,2011,Tuesday
2011-10-26,FOODS_2,285.0,4565.0,0.0624315443592552,10,2011,Wednesday
2011-10-27,FOODS_2,348.0,4509.0,0.0771789753825682,10,2011,Thursday
2011-10-28,FOODS_2,405.0,4442.0,0.09117514633048177,10,2011,Friday
2011-10-29,FOODS_2,554.0,4377.0,0.12657071053232807,10,2011,Saturday
2011-10-30,FOODS_2,436.0,4342.0,0.10041455550437586,10,2011,Sunday
2011-10-31,FOODS_2,250.0,4575.0,0.0546448087431694,10,2011,Monday
2011-11-01,FOODS_2,292.0,4512.0,0.06471631205673758,11,2011,Tuesday
2011-11-02,FOODS_2,397.0,4436.0,0.08949504057709648,11,2011,Wednesday
2011-11-03,FOODS_2,394.0,4383.0,0.08989276751083733,11,2011,Thursday
2011-11-04,FOODS_2,424.0,4343.0,0.09762836748791158,11,2011,Friday
2011-11-05,FOODS_2,548.0,4574.0,0.11980760822037603,11,2011,Saturday
2011-11-06,FOODS_2,772.0,4531.0,0.1703818141690576,11,2011,Sunday
2011-11-07,FOODS_2,610.0,4459.0,0.13680197353666743,11,2011,Monday
2011-11-08,FOODS_2,587.0,4408.0,0.13316696914700543,11,2011,Tuesday
2011-11-09,FOODS_2,448.0,4365.0,0.10263459335624284,11,2011,Wednesday
2011-11-10,FOODS_2,521.0,4574.0,0.11390467861827722,11,2011,Thursday
2011-11-11,FOODS_2,580.0,4519.0,0.12834697942022572,11,2011,Friday
2011-11-12,FOODS_2,557.0,4444.0,0.12533753375337534,11,2011,Saturday
2011-11-13,FOODS_2,565.0,4390.0,0.12870159453302962,11,2011,Sunday
2011-11-14,FOODS_2,515.0,4335.0,0.11880046136101499,11,2011,Monday
2011-11-15,FOODS_2,358.0,4571.0,0.078319842485233,11,2011,Tuesday
2011-11-16,FOODS_2,357.0,4512.0,0.07912234042553191,11,2011,Wednesday
2011-11-17,FOODS_2,347.0,4445.0,0.0780652418447694,11,2011,Thursday
2011-11-18,FOODS_2,373.0,4380.0,0.08515981735159818,11,2011,Friday
2011-11-19,FOODS_2,659.0,4336.0,0.15198339483394835,11,2011,Saturday
2011-11-20,FOODS_2,591.0,4575.0,0.12918032786885245,11,2011,Sunday
2011-11-21,FOODS_2,479.0,4521.0,0.10595001105950011,11,2011,Monday
2011-11-22,FOODS_2,507.0,4449.0,0.11395819285232636,11,2011,Tuesday
2011-11-23,FOODS_2,383.0,4387.0,0.08730339639844996,11,2011,Wednesday
2011-11-24,FOODS_2,143.0,4346.0,0.032903819604233775,11,2011,Thursday
2011-11-25,FOODS_2,237.0,4571.0,0.05184861080726318,11,2011,Friday
2011-11-26,FOODS_2,313.0,4514.0,0.0693398316349136,11,2011,Saturday
2011-11-27,FOODS_2,459.0,4430.0,0.1036117381489842,11,2011,Sunday
2011-11-28,FOODS_2,332.0,4381.0,0.07578178498059804,11,2011,Monday
2011-11-29,FOODS_2,351.0,4336.0,0.08095018450184502,11,2011,Tuesday
2011-11-30,FOODS_2,343.0,4578.0,0.07492354740061162,11,2011,Wednesday
2011-12-01,FOODS_2,360.0,4517.0,0.07969891520920966,12,2011,Thursday
2011-12-02,FOODS_2,468.0,4456.0,0.10502692998204669,12,2011,Friday
2011-12-03,FOODS_2,616.0,4387.0,0.14041486209254617,12,2011,Saturday
2011-12-04,FOODS_2,718.0,4344.0,0.1652854511970534,12,2011,Sunday
2011-12-05,FOODS_2,601.0,4573.0,0.1314235731467308,12,2011,Monday
2011-12-06,FOODS_2,537.0,4523.0,0.11872650895423392,12,2011,Tuesday
2011-12-07,FOODS_2,451.0,4455.0,0.10123456790123457,12,2011,Wednesday
2011-12-08,FOODS_2,514.0,4389.0,0.11711095921622237,12,2011,Thursday
2011-12-09,FOODS_2,535.0,4346.0,0.12310170271514036,12,2011,Friday
2011-12-10,FOODS_2,646.0,4571.0,0.14132574928899586,12,2011,Saturday
2011-12-11,FOODS_2,628.0,4515.0,0.1390919158361019,12,2011,Sunday
2011-12-12,FOODS_2,519.0,4446.0,0.11673414304993253,12,2011,Monday
2011-12-13,FOODS_2,380.0,4385.0,0.08665906499429875,12,2011,Tuesday
2011-12-14,FOODS_2,369.0,4343.0,0.08496431038452683,12,2011,Wednesday
2011-12-15,FOODS_2,466.0,4598.0,0.10134841235319704,12,2011,Thursday
2011-12-16,FOODS_2,379.0,4529.0,0.08368293221461691,12,2011,Friday
2011-12-17,FOODS_2,567.0,4456.0,0.12724416517055656,12,2011,Saturday
2011-12-18,FOODS_2,537.0,4400.0,0.12204545454545454,12,2011,Sunday
2011-12-19,FOODS_2,400.0,4350.0,0.09195402298850575,12,2011,Monday
2011-12-20,FOODS_2,437.0,4563.0,0.0957703265395573,12,2011,Tuesday
2011-12-21,FOODS_2,413.0,4501.0,0.09175738724727839,12,2011,Wednesday
2011-12-22,FOODS_2,384.0,4415.0,0.0869762174405436,12,2011,Thursday
2011-12-23,FOODS_2,465.0,4350.0,0.10689655172413794,12,2011,Friday
2011-12-24,FOODS_2,294.0,4305.0,0.06829268292682927,12,2011,Saturday
2011-12-25,FOODS_2,0.0,4558.0,0.0,12,2011,Sunday
2011-12-26,FOODS_2,342.0,4508.0,0.07586512866015972,12,2011,Monday
2011-12-27,FOODS_2,371.0,4439.0,0.0835773822933093,12,2011,Tuesday
2011-12-28,FOODS_2,362.0,4385.0,0.08255416191562144,12,2011,Wednesday
2011-12-29,FOODS_2,387.0,4345.0,0.08906789413118527,12,2011,Thursday
2011-12-30,FOODS_2,601.0,4556.0,0.13191395961369623,12,2011,Friday
2011-12-31,FOODS_2,508.0,4486.0,0.11324119482835489,12,2011,Saturday
2012-01-01,FOODS_2,385.0,4398.0,0.08753979081400637,1,2012,Sunday
2012-01-02,FOODS_2,665.0,4341.0,0.1531905090992859,1,2012,Monday
2012-01-03,FOODS_2,584.0,4285.0,0.13628938156359394,1,2012,Tuesday
2012-01-04,FOODS_2,521.0,4517.0,0.11534204117777286,1,2012,Wednesday
2012-01-05,FOODS_2,501.0,4459.0,0.11235703072437767,1,2012,Thursday
2012-01-06,FOODS_2,538.0,4401.0,0.1222449443308339,1,2012,Friday
2012-01-07,FOODS_2,655.0,4337.0,0.15102605487664283,1,2012,Saturday
2012-01-08,FOODS_2,720.0,4301.0,0.16740292955126715,1,2012,Sunday
2012-01-09,FOODS_2,675.0,4552.0,0.14828646748681898,1,2012,Monday
2012-01-10,FOODS_2,558.0,4481.0,0.12452577549654095,1,2012,Tuesday
2012-01-11,FOODS_2,405.0,4397.0,0.09210825562883784,1,2012,Wednesday
2012-01-12,FOODS_2,310.0,4336.0,0.07149446494464945,1,2012,Thursday
2012-01-13,FOODS_2,471.0,4280.0,0.11004672897196262,1,2012,Friday
2012-01-14,FOODS_2,499.0,4518.0,0.11044710048694112,1,2012,Saturday
2012-01-15,FOODS_2,556.0,4455.0,0.12480359147025814,1,2012,Sunday
2012-01-16,FOODS_2,539.0,4394.0,0.12266727355484752,1,2012,Monday
2012-01-17,FOODS_2,493.0,4330.0,0.11385681293302541,1,2012,Tuesday
2012-01-18,FOODS_2,396.0,4301.0,0.09207161125319693,1,2012,Wednesday
2012-01-19,FOODS_2,377.0,4524.0,0.08333333333333333,1,2012,Thursday
2012-01-20,FOODS_2,456.0,4464.0,0.10215053763440861,1,2012,Friday
2012-01-21,FOODS_2,747.0,4387.0,0.1702758149076818,1,2012,Saturday
2012-01-22,FOODS_2,497.0,4331.0,0.11475409836065574,1,2012,Sunday
2012-01-23,FOODS_2,437.0,4283.0,0.10203128648143825,1,2012,Monday
2012-01-24,FOODS_2,356.0,4527.0,0.07863927545836094,1,2012,Tuesday
2012-01-25,FOODS_2,321.0,4467.0,0.07186030893216924,1,2012,Wednesday
2012-01-26,FOODS_2,353.0,4411.0,0.08002720471548402,1,2012,Thursday
2012-01-27,FOODS_2,396.0,4351.0,0.09101356010112618,1,2012,Friday
2012-01-28,FOODS_2,593.0,4296.0,0.13803538175046554,1,2012,Saturday
2012-01-29,FOODS_2,564.0,4535.0,0.12436604189636163,1,2012,Sunday
2012-01-30,FOODS_2,431.0,4475.0,0.09631284916201117,1,2012,Monday
2012-01-31,FOODS_2,367.0,4406.0,0.08329550612800726,1,2012,Tuesday
2012-02-01,FOODS_2,471.0,4340.0,0.10852534562211981,2,2012,Wednesday
2012-02-02,FOODS_2,496.0,4298.0,0.1154025127966496,2,2012,Thursday
2012-02-03,FOODS_2,638.0,4522.0,0.14108801415302963,2,2012,Friday
2012-02-04,FOODS_2,904.0,4447.0,0.20328311221047898,2,2012,Saturday
2012-02-05,FOODS_2,714.0,4380.0,0.16301369863013698,2,2012,Sunday
2012-02-06,FOODS_2,600.0,4329.0,0.1386001386001386,2,2012,Monday
2012-02-07,FOODS_2,486.0,4293.0,0.11320754716981132,2,2012,Tuesday
2012-02-08,FOODS_2,456.0,4531.0,0.1006400353122931,2,2012,Wednesday
2012-02-09,FOODS_2,516.0,4480.0,0.11517857142857142,2,2012,Thursday
2012-02-10,FOODS_2,600.0,4405.0,0.1362088535754824,2,2012,Friday
2012-02-11,FOODS_2,801.0,4348.0,0.1842226310947562,2,2012,Saturday
2012-02-12,FOODS_2,786.0,4300.0,0.1827906976744186,2,2012,Sunday
2012-02-13,FOODS_2,547.0,4524.0,0.12091069849690539,2,2012,Monday
2012-02-14,FOODS_2,282.0,4465.0,0.06315789473684211,2,2012,Tuesday
2012-02-15,FOODS_2,329.0,4384.0,0.0750456204379562,2,2012,Wednesday
2012-02-16,FOODS_2,434.0,4336.0,0.10009225092250923,2,2012,Thursday
2012-02-17,FOODS_2,497.0,4295.0,0.11571594877764843,2,2012,Friday
2012-02-18,FOODS_2,575.0,4530.0,0.12693156732891833,2,2012,Saturday
2012-02-19,FOODS_2,601.0,4474.0,0.13433169423334823,2,2012,Sunday
2012-02-20,FOODS_2,514.0,4385.0,0.11721778791334093,2,2012,Monday
2012-02-21,FOODS_2,346.0,4333.0,0.07985229633048696,2,2012,Tuesday
2012-02-22,FOODS_2,365.0,4281.0,0.08526045316514833,2,2012,Wednesday
2012-02-23,FOODS_2,319.0,4512.0,0.07070035460992907,2,2012,Thursday
2012-02-24,FOODS_2,408.0,4454.0,0.0916030534351145,2,2012,Friday
2012-02-25,FOODS_2,591.0,4367.0,0.13533318067323105,2,2012,Saturday
2012-02-26,FOODS_2,587.0,4312.0,0.1361317254174397,2,2012,Sunday
2012-02-27,FOODS_2,412.0,4272.0,0.09644194756554307,2,2012,Monday
2012-02-28,FOODS_2,342.0,4509.0,0.07584830339321358,2,2012,Tuesday
2012-02-29,FOODS_2,391.0,4438.0,0.08810274898602974,2,2012,Wednesday
2012-03-01,FOODS_2,389.0,4361.0,0.08919972483375373,3,2012,Thursday
2012-03-02,FOODS_2,439.0,4306.0,0.10195076637250348,3,2012,Friday
2012-03-03,FOODS_2,503.0,4262.0,0.11801970905678086,3,2012,Saturday
2012-03-04,FOODS_2,557.0,4467.0,0.12469218715021267,3,2012,Sunday
2012-03-05,FOODS_2,404.0,4407.0,0.09167233945995008,3,2012,Monday
2012-03-06,FOODS_2,525.0,4334.0,0.12113520996769728,3,2012,Tuesday
2012-03-07,FOODS_2,397.0,4292.0,0.09249767008387698,3,2012,Wednesday
2012-03-08,FOODS_2,434.0,4241.0,0.10233435510492808,3,2012,Thursday
2012-03-09,FOODS_2,447.0,4475.0,0.09988826815642458,3,2012,Friday
2012-03-10,FOODS_2,639.0,4421.0,0.14453743496946392,3,2012,Saturday
2012-03-11,FOODS_2,598.0,4361.0,0.13712451272643889,3,2012,Sunday
2012-03-12,FOODS_2,510.0,4303.0,0.11852196142226354,3,2012,Monday
2012-03-13,FOODS_2,354.0,4263.0,0.08304011259676285,3,2012,Tuesday
2012-03-14,FOODS_2,359.0,4513.0,0.07954797252382008,3,2012,Wednesday
2012-03-15,FOODS_2,370.0,4453.0,0.08309005165057265,3,2012,Thursday
2012-03-16,FOODS_2,436.0,4377.0,0.09961160612291524,3,2012,Friday
2012-03-17,FOODS_2,550.0,4331.0,0.12699145693835143,3,2012,Saturday
2012-03-18,FOODS_2,573.0,4282.0,0.13381597384399813,3,2012,Sunday
2012-03-19,FOODS_2,393.0,4515.0,0.08704318936877077,3,2012,Monday
2012-03-20,FOODS_2,318.0,4457.0,0.0713484406551492,3,2012,Tuesday
2012-03-21,FOODS_2,275.0,4391.0,0.06262810293782738,3,2012,Wednesday
2012-03-22,FOODS_2,344.0,4335.0,0.07935409457900808,3,2012,Thursday
2012-03-23,FOODS_2,341.0,4288.0,0.07952425373134328,3,2012,Friday
2012-03-24,FOODS_2,483.0,4539.0,0.10641110376734964,3,2012,Saturday
2012-03-25,FOODS_2,518.0,4488.0,0.11541889483065954,3,2012,Sunday
2012-03-26,FOODS_2,403.0,4398.0,0.09163256025466121,3,2012,Monday
2012-03-27,FOODS_2,310.0,4329.0,0.07161007161007162,3,2012,Tuesday
2012-03-28,FOODS_2,309.0,4296.0,0.07192737430167598,3,2012,Wednesday
2012-03-29,FOODS_2,277.0,4538.0,0.06104010577346849,3,2012,Thursday
2012-03-30,FOODS_2,411.0,4461.0,0.09213180901143242,3,2012,Friday
2012-03-31,FOODS_2,632.0,4394.0,0.14383249886208466,3,2012,Saturday
2012-04-01,FOODS_2,661.0,4329.0,0.1526911526911527,4,2012,Sunday
2012-04-02,FOODS_2,518.0,4289.0,0.12077407321053858,4,2012,Monday
2012-04-03,FOODS_2,505.0,4537.0,0.11130703107780472,4,2012,Tuesday
2012-04-04,FOODS_2,485.0,4469.0,0.10852539718057731,4,2012,Wednesday
2012-04-05,FOODS_2,572.0,4379.0,0.13062343000685087,4,2012,Thursday
2012-04-06,FOODS_2,611.0,4327.0,0.14120637855327017,4,2012,Friday
2012-04-07,FOODS_2,650.0,4282.0,0.15179822512844465,4,2012,Saturday
2012-04-08,FOODS_2,474.0,4503.0,0.10526315789473684,4,2012,Sunday
2012-04-09,FOODS_2,570.0,4438.0,0.1284362325371789,4,2012,Monday
2012-04-10,FOODS_2,559.0,4355.0,0.12835820895522387,4,2012,Tuesday
2012-04-11,FOODS_2,481.0,4294.0,0.1120167675826735,4,2012,Wednesday
2012-04-12,FOODS_2,386.0,4242.0,0.090994813767091,4,2012,Thursday
2012-04-13,FOODS_2,448.0,4479.0,0.10002232641214556,4,2012,Friday
2012-04-14,FOODS_2,514.0,4429.0,0.11605328516595169,4,2012,Saturday
2012-04-15,FOODS_2,522.0,4344.0,0.12016574585635359,4,2012,Sunday
2012-04-16,FOODS_2,384.0,4275.0,0.08982456140350877,4,2012,Monday
2012-04-17,FOODS_2,335.0,4233.0,0.0791400897708481,4,2012,Tuesday
2012-04-18,FOODS_2,340.0,4468.0,0.07609668755595345,4,2012,Wednesday
2012-04-19,FOODS_2,317.0,4415.0,0.07180067950169876,4,2012,Thursday
2012-04-20,FOODS_2,336.0,4348.0,0.07727690892364306,4,2012,Friday
2012-04-21,FOODS_2,467.0,4310.0,0.10835266821345707,4,2012,Saturday
2012-04-22,FOODS_2,605.0,4275.0,0.1415204678362573,4,2012,Sunday
2012-04-23,FOODS_2,388.0,4506.0,0.08610741233910342,4,2012,Monday
2012-04-24,FOODS_2,337.0,4449.0,0.07574735895706901,4,2012,Tuesday
2012-04-25,FOODS_2,341.0,4373.0,0.07797850445918134,4,2012,Wednesday
2012-04-26,FOODS_2,344.0,4308.0,0.07985143918291551,4,2012,Thursday
2012-04-27,FOODS_2,369.0,4264.0,0.08653846153846154,4,2012,Friday
2012-04-28,FOODS_2,441.0,4506.0,0.09786950732356857,4,2012,Saturday
2012-04-29,FOODS_2,474.0,4447.0,0.10658871149089273,4,2012,Sunday
2012-04-30,FOODS_2,349.0,4386.0,0.07957136342909257,4,2012,Monday
2012-05-01,FOODS_2,507.0,4329.0,0.11711711711711711,5,2012,Tuesday
2012-05-02,FOODS_2,384.0,4288.0,0.08955223880597014,5,2012,Wednesday
2012-05-03,FOODS_2,464.0,4530.0,0.10242825607064018,5,2012,Thursday
2012-05-04,FOODS_2,424.0,4470.0,0.09485458612975392,5,2012,Friday
2012-05-05,FOODS_2,496.0,4398.0,0.11277853569804457,5,2012,Saturday
2012-05-06,FOODS_2,620.0,4340.0,0.14285714285714285,5,2012,Sunday
2012-05-07,FOODS_2,581.0,4302.0,0.13505346350534636,5,2012,Monday
2012-05-08,FOODS_2,484.0,4530.0,0.10684326710816777,5,2012,Tuesday
2012-05-09,FOODS_2,406.0,4464.0,0.09094982078853046,5,2012,Wednesday
2012-05-10,FOODS_2,449.0,4403.0,0.10197592550533727,5,2012,Thursday
2012-05-11,FOODS_2,452.0,4336.0,0.10424354243542436,5,2012,Friday
2012-05-12,FOODS_2,425.0,4293.0,0.09899836943862102,5,2012,Saturday
2012-05-13,FOODS_2,403.0,4511.0,0.0893371757925072,5,2012,Sunday
2012-05-14,FOODS_2,446.0,4452.0,0.10017969451931716,5,2012,Monday
2012-05-15,FOODS_2,377.0,4373.0,0.0862108392407958,5,2012,Tuesday
2012-05-16,FOODS_2,317.0,4305.0,0.07363530778164924,5,2012,Wednesday
2012-05-17,FOODS_2,343.0,4261.0,0.08049753578972073,5,2012,Thursday
2012-05-18,FOODS_2,359.0,4507.0,0.0796538717550477,5,2012,Friday
2012-05-19,FOODS_2,489.0,4450.0,0.1098876404494382,5,2012,Saturday
2012-05-20,FOODS_2,560.0,4366.0,0.1282638570774164,5,2012,Sunday
2012-05-21,FOODS_2,396.0,4297.0,0.09215731905980917,5,2012,Monday
2012-05-22,FOODS_2,308.0,4253.0,0.07241946861039267,5,2012,Tuesday
2012-05-23,FOODS_2,272.0,4487.0,0.06061956763984845,5,2012,Wednesday
2012-05-24,FOODS_2,320.0,4426.0,0.07230004518752824,5,2012,Thursday
2012-05-25,FOODS_2,379.0,4365.0,0.08682703321878579,5,2012,Friday
2012-05-26,FOODS_2,441.0,4299.0,0.10258199581297976,5,2012,Saturday
2012-05-27,FOODS_2,440.0,4254.0,0.10343206393982135,5,2012,Sunday
2012-05-28,FOODS_2,395.0,4495.0,0.0878754171301446,5,2012,Monday
2012-05-29,FOODS_2,282.0,4437.0,0.06355645706558485,5,2012,Tuesday
2012-05-30,FOODS_2,294.0,4362.0,0.06740027510316368,5,2012,Wednesday
2012-05-31,FOODS_2,298.0,4292.0,0.06943150046598323,5,2012,Thursday
2012-06-01,FOODS_2,443.0,4246.0,0.10433349034385304,6,2012,Friday
2012-06-02,FOODS_2,604.0,4470.0,0.13512304250559284,6,2012,Saturday
2012-06-03,FOODS_2,526.0,4405.0,0.11940976163450624,6,2012,Sunday
2012-06-04,FOODS_2,582.0,4328.0,0.1344731977818854,6,2012,Monday
2012-06-05,FOODS_2,550.0,4261.0,0.12907768129547054,6,2012,Tuesday
2012-06-06,FOODS_2,481.0,4205.0,0.11438763376932223,6,2012,Wednesday
2012-06-07,FOODS_2,537.0,4453.0,0.1205928587469122,6,2012,Thursday
2012-06-08,FOODS_2,568.0,4397.0,0.12917898567204913,6,2012,Friday
2012-06-09,FOODS_2,580.0,4316.0,0.13438368860055608,6,2012,Saturday
2012-06-10,FOODS_2,580.0,4265.0,0.13599062133645956,6,2012,Sunday
2012-06-11,FOODS_2,480.0,4227.0,0.11355571327182398,6,2012,Monday
2012-06-12,FOODS_2,397.0,4485.0,0.08851727982162765,6,2012,Tuesday
2012-06-13,FOODS_2,376.0,4432.0,0.08483754512635379,6,2012,Wednesday
2012-06-14,FOODS_2,352.0,4345.0,0.0810126582278481,6,2012,Thursday
2012-06-15,FOODS_2,417.0,4295.0,0.09708963911525029,6,2012,Friday
2012-06-16,FOODS_2,425.0,4250.0,0.1,6,2012,Saturday
2012-06-17,FOODS_2,383.0,4489.0,0.08531967030519047,6,2012,Sunday
2012-06-18,FOODS_2,392.0,4434.0,0.08840775823184484,6,2012,Monday
2012-06-19,FOODS_2,418.0,4363.0,0.09580563832225533,6,2012,Tuesday
2012-06-20,FOODS_2,287.0,4295.0,0.06682188591385332,6,2012,Wednesday
2012-06-21,FOODS_2,423.0,4263.0,0.0992258972554539,6,2012,Thursday
2012-06-22,FOODS_2,411.0,4498.0,0.09137394397510004,6,2012,Friday
2012-06-23,FOODS_2,426.0,4436.0,0.09603246167718665,6,2012,Saturday
2012-06-24,FOODS_2,526.0,4339.0,0.12122608896058999,6,2012,Sunday
2012-06-25,FOODS_2,425.0,4273.0,0.09946173648490522,6,2012,Monday
2012-06-26,FOODS_2,339.0,4236.0,0.08002832861189801,6,2012,Tuesday
2012-06-27,FOODS_2,252.0,4474.0,0.05632543585158695,6,2012,Wednesday
2012-06-28,FOODS_2,307.0,4422.0,0.06942559927634555,6,2012,Thursday
2012-06-29,FOODS_2,425.0,4341.0,0.09790370882285188,6,2012,Friday
2012-06-30,FOODS_2,544.0,4277.0,0.12719195697919103,6,2012,Saturday
2012-07-01,FOODS_2,604.0,4228.0,0.14285714285714285,7,2012,Sunday
2012-07-02,FOODS_2,468.0,4473.0,0.10462776659959759,7,2012,Monday
2012-07-03,FOODS_2,494.0,4412.0,0.11196736174070716,7,2012,Tuesday
2012-07-04,FOODS_2,309.0,4337.0,0.0712474060410422,7,2012,Wednesday
2012-07-05,FOODS_2,389.0,4285.0,0.09078179696616102,7,2012,Thursday
2012-07-06,FOODS_2,500.0,4234.0,0.11809163911195088,7,2012,Friday
2012-07-07,FOODS_2,542.0,4467.0,0.12133422878889635,7,2012,Saturday
2012-07-08,FOODS_2,639.0,4410.0,0.14489795918367346,7,2012,Sunday
2012-07-09,FOODS_2,621.0,4326.0,0.1435506241331484,7,2012,Monday
2012-07-10,FOODS_2,499.0,4275.0,0.11672514619883041,7,2012,Tuesday
2012-07-11,FOODS_2,406.0,4231.0,0.09595840226896715,7,2012,Wednesday
2012-07-12,FOODS_2,456.0,4446.0,0.10256410256410256,7,2012,Thursday
2012-07-13,FOODS_2,515.0,4389.0,0.11733880154932787,7,2012,Friday
2012-07-14,FOODS_2,591.0,4325.0,0.13664739884393062,7,2012,Saturday
2012-07-15,FOODS_2,570.0,4267.0,0.1335833138036091,7,2012,Sunday
2012-07-16,FOODS_2,481.0,4226.0,0.1138192143871273,7,2012,Monday
2012-07-17,FOODS_2,389.0,4466.0,0.087102552619794,7,2012,Tuesday
2012-07-18,FOODS_2,340.0,4403.0,0.07722007722007722,7,2012,Wednesday
2012-07-19,FOODS_2,368.0,4324.0,0.0851063829787234,7,2012,Thursday
2012-07-20,FOODS_2,426.0,4271.0,0.09974244907515804,7,2012,Friday
2012-07-21,FOODS_2,443.0,4227.0,0.10480246037378756,7,2012,Saturday
2012-07-22,FOODS_2,593.0,4456.0,0.1330789946140036,7,2012,Sunday
2012-07-23,FOODS_2,442.0,4393.0,0.10061461415888914,7,2012,Monday
2012-07-24,FOODS_2,388.0,4327.0,0.08966951698636469,7,2012,Tuesday
2012-07-25,FOODS_2,313.0,4261.0,0.07345693499178596,7,2012,Wednesday
2012-07-26,FOODS_2,349.0,4224.0,0.08262310606060606,7,2012,Thursday
2012-07-27,FOODS_2,350.0,4462.0,0.07844016136261767,7,2012,Friday
2012-07-28,FOODS_2,458.0,4410.0,0.10385487528344671,7,2012,Saturday
2012-07-29,FOODS_2,410.0,4333.0,0.0946226632817909,7,2012,Sunday
2012-07-30,FOODS_2,341.0,4281.0,0.07965428638168652,7,2012,Monday
2012-07-31,FOODS_2,370.0,4245.0,0.08716136631330977,7,2012,Tuesday
2012-08-01,FOODS_2,400.0,4486.0,0.08916629514043692,8,2012,Wednesday
2012-08-02,FOODS_2,502.0,4424.0,0.11347197106690778,8,2012,Thursday
2012-08-03,FOODS_2,521.0,4344.0,0.11993554327808471,8,2012,Friday
2012-08-04,FOODS_2,625.0,4293.0,0.14558583740973677,8,2012,Saturday
2012-08-05,FOODS_2,687.0,4239.0,0.16206652512384997,8,2012,Sunday
2012-08-06,FOODS_2,618.0,4484.0,0.13782337198929528,8,2012,Monday
2012-08-07,FOODS_2,485.0,4439.0,0.1092588420815499,8,2012,Tuesday
2012-08-08,FOODS_2,476.0,4353.0,0.10934987365035607,8,2012,Wednesday
2012-08-09,FOODS_2,439.0,4295.0,0.10221187427240978,8,2012,Thursday
2012-08-10,FOODS_2,456.0,4248.0,0.10734463276836158,8,2012,Friday
2012-08-11,FOODS_2,505.0,4463.0,0.11315258794532826,8,2012,Saturday
2012-08-12,FOODS_2,462.0,4410.0,0.10476190476190476,8,2012,Sunday
2012-08-13,FOODS_2,377.0,4348.0,0.08670653173873046,8,2012,Monday
2012-08-14,FOODS_2,357.0,4283.0,0.08335279010039692,8,2012,Tuesday
2012-08-15,FOODS_2,354.0,4243.0,0.08343153429177469,8,2012,Wednesday
2012-08-16,FOODS_2,432.0,4485.0,0.09632107023411371,8,2012,Thursday
2012-08-17,FOODS_2,440.0,4423.0,0.09947999095636446,8,2012,Friday
2012-08-18,FOODS_2,581.0,4336.0,0.13399446494464945,8,2012,Saturday
2012-08-19,FOODS_2,623.0,4254.0,0.1464503996238834,8,2012,Sunday
2012-08-20,FOODS_2,387.0,4222.0,0.09166271909047845,8,2012,Monday
2012-08-21,FOODS_2,410.0,4425.0,0.09265536723163842,8,2012,Tuesday
2012-08-22,FOODS_2,383.0,4366.0,0.08772331653687586,8,2012,Wednesday
2012-08-23,FOODS_2,277.0,4294.0,0.06450861667442943,8,2012,Thursday
2012-08-24,FOODS_2,350.0,4232.0,0.08270321361058601,8,2012,Friday
2012-08-25,FOODS_2,485.0,4180.0,0.11602870813397129,8,2012,Saturday
2012-08-26,FOODS_2,540.0,4395.0,0.12286689419795221,8,2012,Sunday
2012-08-27,FOODS_2,385.0,4338.0,0.08875057630244353,8,2012,Monday
2012-08-28,FOODS_2,287.0,4266.0,0.06727613689639006,8,2012,Tuesday
2012-08-29,FOODS_2,257.0,4223.0,0.06085721051385271,8,2012,Wednesday
2012-08-30,FOODS_2,316.0,4179.0,0.07561617611868868,8,2012,Thursday
2012-08-31,FOODS_2,443.0,4409.0,0.10047629848038103,8,2012,Friday
2012-09-01,FOODS_2,583.0,4347.0,0.1341154819415689,9,2012,Saturday
2012-09-02,FOODS_2,559.0,4271.0,0.1308826972605947,9,2012,Sunday
2012-09-03,FOODS_2,601.0,4214.0,0.14261983863312766,9,2012,Monday
2012-09-04,FOODS_2,552.0,4166.0,0.13250120019203074,9,2012,Tuesday
2012-09-05,FOODS_2,448.0,4386.0,0.10214318285453716,9,2012,Wednesday
2012-09-06,FOODS_2,456.0,4328.0,0.10536044362292052,9,2012,Thursday
2012-09-07,FOODS_2,510.0,4240.0,0.12028301886792453,9,2012,Friday
2012-09-08,FOODS_2,554.0,4175.0,0.1326946107784431,9,2012,Saturday
2012-09-09,FOODS_2,662.0,4134.0,0.16013546202225448,9,2012,Sunday
2012-09-10,FOODS_2,476.0,4386.0,0.10852713178294573,9,2012,Monday
2012-09-11,FOODS_2,428.0,4326.0,0.09893666204345816,9,2012,Tuesday
2012-09-12,FOODS_2,402.0,4251.0,0.09456598447424136,9,2012,Wednesday
2012-09-13,FOODS_2,337.0,4202.0,0.08019990480723466,9,2012,Thursday
2012-09-14,FOODS_2,447.0,4160.0,0.10745192307692308,9,2012,Friday
2012-09-15,FOODS_2,579.0,4391.0,0.13186062400364382,9,2012,Saturday
2012-09-16,FOODS_2,551.0,4330.0,0.12725173210161664,9,2012,Sunday
2012-09-17,FOODS_2,391.0,4253.0,0.09193510463202445,9,2012,Monday
2012-09-18,FOODS_2,359.0,4198.0,0.08551691281562648,9,2012,Tuesday
2012-09-19,FOODS_2,313.0,4158.0,0.07527657527657527,9,2012,Wednesday
2012-09-20,FOODS_2,351.0,4428.0,0.07926829268292683,9,2012,Thursday
2012-09-21,FOODS_2,401.0,4362.0,0.09193030719853278,9,2012,Friday
2012-09-22,FOODS_2,452.0,4280.0,0.10560747663551402,9,2012,Saturday
2012-09-23,FOODS_2,567.0,4226.0,0.13416942735447232,9,2012,Sunday
2012-09-24,FOODS_2,377.0,4184.0,0.09010516252390058,9,2012,Monday
2012-09-25,FOODS_2,392.0,4426.0,0.08856755535472209,9,2012,Tuesday
2012-09-26,FOODS_2,313.0,4357.0,0.07183842093183383,9,2012,Wednesday
2012-09-27,FOODS_2,284.0,4279.0,0.0663706473475111,9,2012,Thursday
2012-09-28,FOODS_2,393.0,4215.0,0.09323843416370106,9,2012,Friday
2012-09-29,FOODS_2,539.0,4166.0,0.12938070091214593,9,2012,Saturday
2012-09-30,FOODS_2,534.0,4397.0,0.12144644075506027,9,2012,Sunday
2012-10-01,FOODS_2,470.0,4338.0,0.10834485938220378,10,2012,Monday
2012-10-02,FOODS_2,404.0,4266.0,0.0947022972339428,10,2012,Tuesday
2012-10-03,FOODS_2,436.0,4211.0,0.10353835193540727,10,2012,Wednesday
2012-10-04,FOODS_2,441.0,4173.0,0.10567936736161035,10,2012,Thursday
2012-10-05,FOODS_2,422.0,4403.0,0.09584374290256643,10,2012,Friday
2012-10-06,FOODS_2,674.0,4351.0,0.15490691794989658,10,2012,Saturday
2012-10-07,FOODS_2,587.0,4280.0,0.13714953271028038,10,2012,Sunday
2012-10-08,FOODS_2,518.0,4229.0,0.12248758571766374,10,2012,Monday
2012-10-09,FOODS_2,468.0,4188.0,0.11174785100286533,10,2012,Tuesday
2012-10-10,FOODS_2,423.0,4434.0,0.09539918809201624,10,2012,Wednesday
2012-10-11,FOODS_2,390.0,4363.0,0.0893880357552143,10,2012,Thursday
2012-10-12,FOODS_2,432.0,4290.0,0.1006993006993007,10,2012,Friday
2012-10-13,FOODS_2,497.0,4233.0,0.11741081974958659,10,2012,Saturday
2012-10-14,FOODS_2,568.0,4188.0,0.1356255969436485,10,2012,Sunday
2012-10-15,FOODS_2,488.0,4405.0,0.11078320090805903,10,2012,Monday
2012-10-16,FOODS_2,307.0,4356.0,0.07047750229568411,10,2012,Tuesday
2012-10-17,FOODS_2,325.0,4279.0,0.07595232530965179,10,2012,Wednesday
2012-10-18,FOODS_2,281.0,4213.0,0.06669831474009019,10,2012,Thursday
2012-10-19,FOODS_2,362.0,4159.0,0.08704015388314498,10,2012,Friday
2012-10-20,FOODS_2,487.0,4400.0,0.11068181818181819,10,2012,Saturday
2012-10-21,FOODS_2,508.0,4348.0,0.11683532658693652,10,2012,Sunday
2012-10-22,FOODS_2,365.0,4275.0,0.08538011695906433,10,2012,Monday
2012-10-23,FOODS_2,333.0,4218.0,0.07894736842105263,10,2012,Tuesday
2012-10-24,FOODS_2,250.0,4174.0,0.059894585529468136,10,2012,Wednesday
2012-10-25,FOODS_2,262.0,4411.0,0.05939696214010429,10,2012,Thursday
2012-10-26,FOODS_2,322.0,4354.0,0.07395498392282958,10,2012,Friday
2012-10-27,FOODS_2,481.0,4279.0,0.11240944145828465,10,2012,Saturday
2012-10-28,FOODS_2,532.0,4223.0,0.12597679374852,10,2012,Sunday
2012-10-29,FOODS_2,380.0,4188.0,0.09073543457497613,10,2012,Monday
2012-10-30,FOODS_2,311.0,4418.0,0.07039384336803983,10,2012,Tuesday
2012-10-31,FOODS_2,265.0,4352.0,0.06089154411764706,10,2012,Wednesday
2012-11-01,FOODS_2,409.0,4275.0,0.09567251461988305,11,2012,Thursday
2012-11-02,FOODS_2,551.0,4234.0,0.13013698630136986,11,2012,Friday
2012-11-03,FOODS_2,631.0,4183.0,0.15084867320105189,11,2012,Saturday
2012-11-04,FOODS_2,752.0,4422.0,0.17005879692446857,11,2012,Sunday
2012-11-05,FOODS_2,573.0,4363.0,0.13133165253266102,11,2012,Monday
2012-11-06,FOODS_2,441.0,4293.0,0.10272536687631027,11,2012,Tuesday
2012-11-07,FOODS_2,550.0,4227.0,0.13011592145729833,11,2012,Wednesday
2012-11-08,FOODS_2,545.0,4182.0,0.13032042085126733,11,2012,Thursday
2012-11-09,FOODS_2,631.0,4412.0,0.14301903898458748,11,2012,Friday
2012-11-10,FOODS_2,749.0,4349.0,0.17222349965509312,11,2012,Saturday
2012-11-11,FOODS_2,672.0,4279.0,0.15704603879411078,11,2012,Sunday
2012-11-12,FOODS_2,561.0,4225.0,0.1327810650887574,11,2012,Monday
2012-11-13,FOODS_2,384.0,4184.0,0.09177820267686425,11,2012,Tuesday
2012-11-14,FOODS_2,337.0,4417.0,0.07629612859406837,11,2012,Wednesday
2012-11-15,FOODS_2,335.0,4361.0,0.07681724375143316,11,2012,Thursday
2012-11-16,FOODS_2,482.0,4288.0,0.11240671641791045,11,2012,Friday
2012-11-17,FOODS_2,571.0,4234.0,0.1348606518658479,11,2012,Saturday
2012-11-18,FOODS_2,590.0,4190.0,0.14081145584725538,11,2012,Sunday
2012-11-19,FOODS_2,423.0,4439.0,0.0952917323721559,11,2012,Monday
2012-11-20,FOODS_2,392.0,4377.0,0.08955905871601554,11,2012,Tuesday
2012-11-21,FOODS_2,368.0,4309.0,0.08540264562543513,11,2012,Wednesday
2012-11-22,FOODS_2,112.0,4246.0,0.0263777673104098,11,2012,Thursday
2012-11-23,FOODS_2,175.0,4200.0,0.041666666666666664,11,2012,Friday
2012-11-24,FOODS_2,320.0,4418.0,0.0724309642372114,11,2012,Saturday
2012-11-25,FOODS_2,475.0,4360.0,0.10894495412844037,11,2012,Sunday
2012-11-26,FOODS_2,440.0,4280.0,0.102803738317757,11,2012,Monday
2012-11-27,FOODS_2,405.0,4234.0,0.0956542276806802,11,2012,Tuesday
2012-11-28,FOODS_2,320.0,4183.0,0.07650011953143676,11,2012,Wednesday
2012-11-29,FOODS_2,338.0,4416.0,0.07653985507246377,11,2012,Thursday
2012-11-30,FOODS_2,422.0,4361.0,0.09676679660628296,11,2012,Friday
2012-12-01,FOODS_2,713.0,4295.0,0.1660069848661234,12,2012,Saturday
2012-12-02,FOODS_2,609.0,4230.0,0.14397163120567377,12,2012,Sunday
2012-12-03,FOODS_2,583.0,4182.0,0.13940698230511717,12,2012,Monday
2012-12-04,FOODS_2,455.0,4408.0,0.10322141560798548,12,2012,Tuesday
2012-12-05,FOODS_2,471.0,4332.0,0.10872576177285319,12,2012,Wednesday
2012-12-06,FOODS_2,416.0,4264.0,0.0975609756097561,12,2012,Thursday
2012-12-07,FOODS_2,509.0,4207.0,0.12098882814357025,12,2012,Friday
2012-12-08,FOODS_2,639.0,4163.0,0.1534950756665866,12,2012,Saturday
2012-12-09,FOODS_2,693.0,4415.0,0.15696489241223102,12,2012,Sunday
2012-12-10,FOODS_2,577.0,4355.0,0.13249138920780712,12,2012,Monday
2012-12-11,FOODS_2,460.0,4282.0,0.10742643624474545,12,2012,Tuesday
2012-12-12,FOODS_2,364.0,4225.0,0.08615384615384615,12,2012,Wednesday
2012-12-13,FOODS_2,356.0,4173.0,0.08531032830098251,12,2012,Thursday
2012-12-14,FOODS_2,480.0,4426.0,0.10845006778129236,12,2012,Friday
2012-12-15,FOODS_2,535.0,4384.0,0.12203467153284671,12,2012,Saturday
2012-12-16,FOODS_2,552.0,4323.0,0.12768910478834142,12,2012,Sunday
2012-12-17,FOODS_2,412.0,4270.0,0.09648711943793911,12,2012,Monday
2012-12-18,FOODS_2,357.0,4209.0,0.08481824661439771,12,2012,Tuesday
2012-12-19,FOODS_2,320.0,4450.0,0.07191011235955057,12,2012,Wednesday
2012-12-20,FOODS_2,361.0,4399.0,0.08206410547851785,12,2012,Thursday
2012-12-21,FOODS_2,455.0,4309.0,0.10559294499883964,12,2012,Friday
2012-12-22,FOODS_2,426.0,4243.0,0.10040065991044073,12,2012,Saturday
2012-12-23,FOODS_2,371.0,4201.0,0.08831230659366818,12,2012,Sunday
2012-12-24,FOODS_2,263.0,4452.0,0.059074573225516624,12,2012,Monday
2012-12-25,FOODS_2,0.0,4387.0,0.0,12,2012,Tuesday
2012-12-26,FOODS_2,305.0,4318.0,0.07063455303381196,12,2012,Wednesday
2012-12-27,FOODS_2,369.0,4259.0,0.08664005635125617,12,2012,Thursday
2012-12-28,FOODS_2,447.0,4215.0,0.10604982206405694,12,2012,Friday
2012-12-29,FOODS_2,525.0,4439.0,0.11826988060373958,12,2012,Saturday
2012-12-30,FOODS_2,478.0,4388.0,0.1089334548769371,12,2012,Sunday
2012-12-31,FOODS_2,415.0,4315.0,0.09617612977983778,12,2012,Monday
2013-01-01,FOODS_2,347.0,4252.0,0.08160865475070556,1,2013,Tuesday
2013-01-02,FOODS_2,578.0,4208.0,0.1373574144486692,1,2013,Wednesday
2013-01-03,FOODS_2,545.0,4454.0,0.12236192186798384,1,2013,Thursday
2013-01-04,FOODS_2,574.0,4400.0,0.13045454545454546,1,2013,Friday
2013-01-05,FOODS_2,619.0,4324.0,0.143154486586494,1,2013,Saturday
2013-01-06,FOODS_2,713.0,4267.0,0.16709632059995314,1,2013,Sunday
2013-01-07,FOODS_2,543.0,4220.0,0.12867298578199052,1,2013,Monday
2013-01-08,FOODS_2,465.0,4460.0,0.10426008968609865,1,2013,Tuesday
2013-01-09,FOODS_2,473.0,4415.0,0.1071347678369196,1,2013,Wednesday
2013-01-10,FOODS_2,545.0,4344.0,0.12546040515653775,1,2013,Thursday
2013-01-11,FOODS_2,548.0,4287.0,0.1278283181712153,1,2013,Friday
2013-01-12,FOODS_2,639.0,4241.0,0.15067201131808536,1,2013,Saturday
2013-01-13,FOODS_2,642.0,4479.0,0.14333556597454788,1,2013,Sunday
2013-01-14,FOODS_2,433.0,4421.0,0.0979416421624067,1,2013,Monday
2013-01-15,FOODS_2,472.0,4322.0,0.1092086996760759,1,2013,Tuesday
2013-01-16,FOODS_2,411.0,4266.0,0.09634317862165963,1,2013,Wednesday
2013-01-17,FOODS_2,401.0,4226.0,0.09488878371982963,1,2013,Thursday
2013-01-18,FOODS_2,462.0,4454.0,0.1037269869779973,1,2013,Friday
2013-01-19,FOODS_2,701.0,4397.0,0.15942688196497612,1,2013,Saturday
2013-01-20,FOODS_2,581.0,4321.0,0.13445961582966906,1,2013,Sunday
2013-01-21,FOODS_2,543.0,4263.0,0.12737508796622096,1,2013,Monday
2013-01-22,FOODS_2,378.0,4222.0,0.08953102794883941,1,2013,Tuesday
2013-01-23,FOODS_2,354.0,4450.0,0.07955056179775281,1,2013,Wednesday
2013-01-24,FOODS_2,395.0,4381.0,0.090162063455832,1,2013,Thursday
2013-01-25,FOODS_2,474.0,4312.0,0.10992578849721707,1,2013,Friday
2013-01-26,FOODS_2,612.0,4248.0,0.1440677966101695,1,2013,Saturday
2013-01-27,FOODS_2,633.0,4214.0,0.15021357380161368,1,2013,Sunday
2013-01-28,FOODS_2,416.0,4445.0,0.09358830146231721,1,2013,Monday
2013-01-29,FOODS_2,353.0,4385.0,0.08050171037628279,1,2013,Tuesday
2013-01-30,FOODS_2,309.0,4310.0,0.07169373549883991,1,2013,Wednesday
2013-01-31,FOODS_2,390.0,4244.0,0.09189443920829406,1,2013,Thursday
2013-02-01,FOODS_2,553.0,4199.0,0.13169802333889022,2,2013,Friday
2013-02-02,FOODS_2,854.0,4428.0,0.1928635953026197,2,2013,Saturday
2013-02-03,FOODS_2,430.0,4368.0,0.09844322344322344,2,2013,Sunday
2013-02-04,FOODS_2,403.0,4287.0,0.09400513179379519,2,2013,Monday
2013-02-05,FOODS_2,413.0,4233.0,0.09756673753838885,2,2013,Tuesday
2013-02-06,FOODS_2,381.0,4186.0,0.09101767797419971,2,2013,Wednesday
2013-02-07,FOODS_2,440.0,4428.0,0.0993676603432701,2,2013,Thursday
2013-02-08,FOODS_2,468.0,4380.0,0.10684931506849316,2,2013,Friday
2013-02-09,FOODS_2,616.0,4291.0,0.14355628058727568,2,2013,Saturday
2013-02-10,FOODS_2,757.0,4242.0,0.17845355964167844,2,2013,Sunday
2013-02-11,FOODS_2,635.0,4202.0,0.15111851499286055,2,2013,Monday
2013-02-12,FOODS_2,405.0,4437.0,0.09127789046653144,2,2013,Tuesday
2013-02-13,FOODS_2,338.0,4379.0,0.07718657227677551,2,2013,Wednesday
2013-02-14,FOODS_2,267.0,4311.0,0.061934585942936674,2,2013,Thursday
2013-02-15,FOODS_2,479.0,4250.0,0.11270588235294117,2,2013,Friday
2013-02-16,FOODS_2,589.0,4198.0,0.1403049070986184,2,2013,Saturday
2013-02-17,FOODS_2,628.0,4438.0,0.14150518251464625,2,2013,Sunday
2013-02-18,FOODS_2,589.0,4372.0,0.13472095150960658,2,2013,Monday
2013-02-19,FOODS_2,444.0,4277.0,0.10381108253448679,2,2013,Tuesday
2013-02-20,FOODS_2,436.0,4226.0,0.10317084713677237,2,2013,Wednesday
2013-02-21,FOODS_2,391.0,4186.0,0.09340659340659341,2,2013,Thursday
2013-02-22,FOODS_2,508.0,4411.0,0.11516662888233961,2,2013,Friday
2013-02-23,FOODS_2,587.0,4347.0,0.1350356567747872,2,2013,Saturday
2013-02-24,FOODS_2,652.0,4271.0,0.1526574572699602,2,2013,Sunday
2013-02-25,FOODS_2,488.0,4198.0,0.11624583134826108,2,2013,Monday
2013-02-26,FOODS_2,370.0,4157.0,0.08900649506855905,2,2013,Tuesday
2013-02-27,FOODS_2,345.0,4403.0,0.07835566659096072,2,2013,Wednesday
2013-02-28,FOODS_2,359.0,4339.0,0.08273795805485135,2,2013,Thursday
2013-03-01,FOODS_2,496.0,4253.0,0.11662355984011286,3,2013,Friday
2013-03-02,FOODS_2,713.0,4190.0,0.1701670644391408,3,2013,Saturday
2013-03-03,FOODS_2,816.0,4142.0,0.1970062771607919,3,2013,Sunday
2013-03-04,FOODS_2,579.0,4381.0,0.13216160693905502,3,2013,Monday
2013-03-05,FOODS_2,446.0,4327.0,0.10307372313381095,3,2013,Tuesday
2013-03-06,FOODS_2,431.0,4246.0,0.10150730098916627,3,2013,Wednesday
2013-03-07,FOODS_2,430.0,4195.0,0.10250297973778308,3,2013,Thursday
2013-03-08,FOODS_2,569.0,4156.0,0.13691049085659288,3,2013,Friday
2013-03-09,FOODS_2,634.0,4401.0,0.1440581685980459,3,2013,Saturday
2013-03-10,FOODS_2,693.0,4358.0,0.15901789811840294,3,2013,Sunday
2013-03-11,FOODS_2,540.0,4281.0,0.12613875262789068,3,2013,Monday
2013-03-12,FOODS_2,431.0,4229.0,0.10191534641759281,3,2013,Tuesday
2013-03-13,FOODS_2,315.0,4187.0,0.07523286362550752,3,2013,Wednesday
2013-03-14,FOODS_2,361.0,4445.0,0.081214848143982,3,2013,Thursday
2013-03-15,FOODS_2,472.0,4396.0,0.10737033666969972,3,2013,Friday
2013-03-16,FOODS_2,561.0,4330.0,0.12956120092378753,3,2013,Saturday
2013-03-17,FOODS_2,549.0,4285.0,0.12812135355892648,3,2013,Sunday
2013-03-18,FOODS_2,399.0,4223.0,0.09448259531139001,3,2013,Monday
2013-03-19,FOODS_2,351.0,4447.0,0.07892961547110411,3,2013,Tuesday
2013-03-20,FOODS_2,396.0,4393.0,0.09014340997040747,3,2013,Wednesday
2013-03-21,FOODS_2,346.0,4325.0,0.08,3,2013,Thursday
2013-03-22,FOODS_2,390.0,4262.0,0.09150633505396527,3,2013,Friday
2013-03-23,FOODS_2,433.0,4211.0,0.10282593208264071,3,2013,Saturday
2013-03-24,FOODS_2,447.0,4463.0,0.10015684517140937,3,2013,Sunday
2013-03-25,FOODS_2,386.0,4405.0,0.08762769580022702,3,2013,Monday
2013-03-26,FOODS_2,296.0,4340.0,0.06820276497695853,3,2013,Tuesday
2013-03-27,FOODS_2,309.0,4271.0,0.07234839616014985,3,2013,Wednesday
2013-03-28,FOODS_2,341.0,4227.0,0.08067187130352496,3,2013,Thursday
2013-03-29,FOODS_2,442.0,4460.0,0.09910313901345291,3,2013,Friday
2013-03-30,FOODS_2,503.0,4401.0,0.11429220631674619,3,2013,Saturday
2013-03-31,FOODS_2,316.0,4328.0,0.07301293900184842,3,2013,Sunday
2013-04-01,FOODS_2,371.0,4270.0,0.08688524590163935,4,2013,Monday
2013-04-02,FOODS_2,415.0,4223.0,0.0982713710632252,4,2013,Tuesday
2013-04-03,FOODS_2,413.0,4468.0,0.09243509400179051,4,2013,Wednesday
2013-04-04,FOODS_2,417.0,4416.0,0.09442934782608696,4,2013,Thursday
2013-04-05,FOODS_2,397.0,4333.0,0.0916224324948073,4,2013,Friday
2013-04-06,FOODS_2,590.0,4276.0,0.13797942001870908,4,2013,Saturday
2013-04-07,FOODS_2,580.0,4227.0,0.1372131535367873,4,2013,Sunday
2013-04-08,FOODS_2,482.0,4486.0,0.10744538564422648,4,2013,Monday
2013-04-09,FOODS_2,409.0,4418.0,0.09257582616568583,4,2013,Tuesday
2013-04-10,FOODS_2,370.0,4349.0,0.08507702920211543,4,2013,Wednesday
2013-04-11,FOODS_2,363.0,4286.0,0.08469435370975269,4,2013,Thursday
2013-04-12,FOODS_2,340.0,4237.0,0.080245456691055,4,2013,Friday
2013-04-13,FOODS_2,505.0,4471.0,0.11295012301498546,4,2013,Saturday
2013-04-14,FOODS_2,479.0,4414.0,0.10851835070231083,4,2013,Sunday
2013-04-15,FOODS_2,442.0,4346.0,0.10170271514035895,4,2013,Monday
2013-04-16,FOODS_2,281.0,4296.0,0.0654096834264432,4,2013,Tuesday
2013-04-17,FOODS_2,343.0,4259.0,0.08053533693355247,4,2013,Wednesday
2013-04-18,FOODS_2,279.0,4493.0,0.062096594702871134,4,2013,Thursday
2013-04-19,FOODS_2,327.0,4431.0,0.07379823967501693,4,2013,Friday
2013-04-20,FOODS_2,439.0,4368.0,0.10050366300366301,4,2013,Saturday
2013-04-21,FOODS_2,439.0,4312.0,0.10180890538033395,4,2013,Sunday
2013-04-22,FOODS_2,402.0,4278.0,0.09396914446002805,4,2013,Monday
2013-04-23,FOODS_2,338.0,4490.0,0.07527839643652562,4,2013,Tuesday
2013-04-24,FOODS_2,323.0,4439.0,0.07276413606668168,4,2013,Wednesday
2013-04-25,FOODS_2,309.0,4352.0,0.07100183823529412,4,2013,Thursday
2013-04-26,FOODS_2,373.0,4292.0,0.08690587138863001,4,2013,Friday
2013-04-27,FOODS_2,444.0,4239.0,0.10474168435951875,4,2013,Saturday
2013-04-28,FOODS_2,506.0,4473.0,0.11312318354571875,4,2013,Sunday
2013-04-29,FOODS_2,378.0,4425.0,0.08542372881355932,4,2013,Monday
2013-04-30,FOODS_2,349.0,4334.0,0.08052607291185972,4,2013,Tuesday
2013-05-01,FOODS_2,406.0,4272.0,0.0950374531835206,5,2013,Wednesday
2013-05-02,FOODS_2,395.0,4228.0,0.0934247871333964,5,2013,Thursday
2013-05-03,FOODS_2,457.0,4479.0,0.10203170350524671,5,2013,Friday
2013-05-04,FOODS_2,623.0,4426.0,0.14075915047446905,5,2013,Saturday
2013-05-05,FOODS_2,666.0,4340.0,0.1534562211981567,5,2013,Sunday
2013-05-06,FOODS_2,666.0,4280.0,0.15560747663551402,5,2013,Monday
2013-05-07,FOODS_2,417.0,4253.0,0.09804843639783682,5,2013,Tuesday
2013-05-08,FOODS_2,421.0,4482.0,0.09393128067826863,5,2013,Wednesday
2013-05-09,FOODS_2,435.0,4418.0,0.09846084200995926,5,2013,Thursday
2013-05-10,FOODS_2,466.0,4339.0,0.10739801797649227,5,2013,Friday
2013-05-11,FOODS_2,586.0,4291.0,0.13656490328594734,5,2013,Saturday
2013-05-12,FOODS_2,440.0,4250.0,0.10352941176470588,5,2013,Sunday
2013-05-13,FOODS_2,477.0,4492.0,0.10618878005342831,5,2013,Monday
2013-05-14,FOODS_2,369.0,4424.0,0.08340867992766728,5,2013,Tuesday
2013-05-15,FOODS_2,403.0,4358.0,0.09247361174850849,5,2013,Wednesday
2013-05-16,FOODS_2,417.0,4299.0,0.09699930216329379,5,2013,Thursday
2013-05-17,FOODS_2,407.0,4247.0,0.0958323522486461,5,2013,Friday
2013-05-18,FOODS_2,496.0,4485.0,0.11059085841694537,5,2013,Saturday
2013-05-19,FOODS_2,659.0,4435.0,0.14859075535512964,5,2013,Sunday
2013-05-20,FOODS_2,454.0,4366.0,0.10398534127347686,5,2013,Monday
2013-05-21,FOODS_2,396.0,4313.0,0.09181544168792025,5,2013,Tuesday
2013-05-22,FOODS_2,296.0,4272.0,0.06928838951310862,5,2013,Wednesday
2013-05-23,FOODS_2,343.0,4522.0,0.07585139318885449,5,2013,Thursday
2013-05-24,FOODS_2,384.0,4454.0,0.0862146385271666,5,2013,Friday
2013-05-25,FOODS_2,387.0,4383.0,0.08829568788501027,5,2013,Saturday
2013-05-26,FOODS_2,361.0,4328.0,0.08341035120147874,5,2013,Sunday
2013-05-27,FOODS_2,462.0,4278.0,0.10799438990182328,5,2013,Monday
2013-05-28,FOODS_2,324.0,4525.0,0.07160220994475137,5,2013,Tuesday
2013-05-29,FOODS_2,271.0,4454.0,0.06084418500224517,5,2013,Wednesday
2013-05-30,FOODS_2,319.0,4387.0,0.07271483929792569,5,2013,Thursday
2013-05-31,FOODS_2,424.0,4317.0,0.09821635394950197,5,2013,Friday
2013-06-01,FOODS_2,482.0,4265.0,0.1130128956623681,6,2013,Saturday
2013-06-02,FOODS_2,632.0,4505.0,0.14028856825749167,6,2013,Sunday
2013-06-03,FOODS_2,519.0,4446.0,0.11673414304993253,6,2013,Monday
2013-06-04,FOODS_2,446.0,4380.0,0.10182648401826484,6,2013,Tuesday
2013-06-05,FOODS_2,389.0,4320.0,0.09004629629629629,6,2013,Wednesday
2013-06-06,FOODS_2,275.0,4278.0,0.06428237494156147,6,2013,Thursday
2013-06-07,FOODS_2,500.0,4497.0,0.111185234600845,6,2013,Friday
2013-06-08,FOODS_2,539.0,4434.0,0.12156066756878665,6,2013,Saturday
2013-06-09,FOODS_2,704.0,4359.0,0.1615049323239275,6,2013,Sunday
2013-06-10,FOODS_2,566.0,4297.0,0.13171980451477774,6,2013,Monday
2013-06-11,FOODS_2,410.0,4254.0,0.09637987776210626,6,2013,Tuesday
2013-06-12,FOODS_2,395.0,4511.0,0.0875637330968743,6,2013,Wednesday
2013-06-13,FOODS_2,361.0,4449.0,0.08114182962463475,6,2013,Thursday
2013-06-14,FOODS_2,426.0,4375.0,0.09737142857142857,6,2013,Friday
2013-06-15,FOODS_2,553.0,4313.0,0.1282170183167169,6,2013,Saturday
2013-06-16,FOODS_2,448.0,4270.0,0.10491803278688525,6,2013,Sunday
2013-06-17,FOODS_2,396.0,4498.0,0.08803912850155625,6,2013,Monday
2013-06-18,FOODS_2,367.0,4440.0,0.08265765765765766,6,2013,Tuesday
2013-06-19,FOODS_2,355.0,4355.0,0.08151549942594719,6,2013,Wednesday
2013-06-20,FOODS_2,358.0,4306.0,0.08313980492336275,6,2013,Thursday
2013-06-21,FOODS_2,379.0,4255.0,0.08907168037602821,6,2013,Friday
2013-06-22,FOODS_2,464.0,4496.0,0.10320284697508897,6,2013,Saturday
2013-06-23,FOODS_2,621.0,4434.0,0.14005412719891747,6,2013,Sunday
2013-06-24,FOODS_2,447.0,4360.0,0.10252293577981651,6,2013,Monday
2013-06-25,FOODS_2,385.0,4303.0,0.08947246107366953,6,2013,Tuesday
2013-06-26,FOODS_2,324.0,4252.0,0.0761994355597366,6,2013,Wednesday
2013-06-27,FOODS_2,350.0,4492.0,0.07791629563668745,6,2013,Thursday
2013-06-28,FOODS_2,414.0,4425.0,0.0935593220338983,6,2013,Friday
2013-06-29,FOODS_2,454.0,4342.0,0.1045601105481345,6,2013,Saturday
2013-06-30,FOODS_2,480.0,4292.0,0.11183597390493942,6,2013,Sunday
2013-07-01,FOODS_2,504.0,4255.0,0.11844888366627497,7,2013,Monday
2013-07-02,FOODS_2,402.0,4507.0,0.08919458619924561,7,2013,Tuesday
2013-07-03,FOODS_2,423.0,4447.0,0.09512030582415111,7,2013,Wednesday
2013-07-04,FOODS_2,378.0,4388.0,0.0861440291704649,7,2013,Thursday
2013-07-05,FOODS_2,524.0,4323.0,0.12121212121212122,7,2013,Friday
2013-07-06,FOODS_2,428.0,4270.0,0.10023419203747072,7,2013,Saturday
2013-07-07,FOODS_2,700.0,4491.0,0.1558672901358272,7,2013,Sunday
2013-07-08,FOODS_2,580.0,4430.0,0.1309255079006772,7,2013,Monday
2013-07-09,FOODS_2,503.0,4358.0,0.11541991739329968,7,2013,Tuesday
2013-07-10,FOODS_2,559.0,4308.0,0.1297585886722377,7,2013,Wednesday
2013-07-11,FOODS_2,452.0,4273.0,0.10578048209688744,7,2013,Thursday
2013-07-12,FOODS_2,439.0,4553.0,0.09641994289479464,7,2013,Friday
2013-07-13,FOODS_2,541.0,4496.0,0.12032918149466192,7,2013,Saturday
2013-07-14,FOODS_2,588.0,4415.0,0.1331823329558324,7,2013,Sunday
2013-07-15,FOODS_2,522.0,4360.0,0.11972477064220184,7,2013,Monday
2013-07-16,FOODS_2,428.0,4318.0,0.09911996294580824,7,2013,Tuesday
2013-07-17,FOODS_2,318.0,4560.0,0.06973684210526315,7,2013,Wednesday
2013-07-18,FOODS_2,379.0,4504.0,0.08414742451154529,7,2013,Thursday
2013-07-19,FOODS_2,434.0,4435.0,0.09785794813979706,7,2013,Friday
2013-07-20,FOODS_2,490.0,4368.0,0.11217948717948718,7,2013,Saturday
2013-07-21,FOODS_2,506.0,4320.0,0.11712962962962963,7,2013,Sunday
2013-07-22,FOODS_2,444.0,4542.0,0.0977542932628798,7,2013,Monday
2013-07-23,FOODS_2,347.0,4478.0,0.07748995087092451,7,2013,Tuesday
2013-07-24,FOODS_2,350.0,4403.0,0.0794912559618442,7,2013,Wednesday
2013-07-25,FOODS_2,345.0,4347.0,0.07936507936507936,7,2013,Thursday
2013-07-26,FOODS_2,381.0,4308.0,0.08844011142061281,7,2013,Friday
2013-07-27,FOODS_2,372.0,4541.0,0.08192028187623872,7,2013,Saturday
2013-07-28,FOODS_2,537.0,4483.0,0.11978585768458622,7,2013,Sunday
2013-07-29,FOODS_2,418.0,4422.0,0.0945273631840796,7,2013,Monday
2013-07-30,FOODS_2,373.0,4365.0,0.0854524627720504,7,2013,Tuesday
2013-07-31,FOODS_2,315.0,4323.0,0.07286606523247745,7,2013,Wednesday
2013-08-01,FOODS_2,541.0,4560.0,0.11864035087719298,8,2013,Thursday
2013-08-02,FOODS_2,532.0,4491.0,0.11845914050322869,8,2013,Friday
2013-08-03,FOODS_2,602.0,4427.0,0.13598373616444545,8,2013,Saturday
2013-08-04,FOODS_2,590.0,4353.0,0.13553870893636571,8,2013,Sunday
2013-08-05,FOODS_2,533.0,4307.0,0.12375203157650337,8,2013,Monday
2013-08-06,FOODS_2,516.0,4550.0,0.11340659340659341,8,2013,Tuesday
2013-08-07,FOODS_2,513.0,4482.0,0.1144578313253012,8,2013,Wednesday
2013-08-08,FOODS_2,444.0,4393.0,0.10106988390621444,8,2013,Thursday
2013-08-09,FOODS_2,480.0,4333.0,0.1107777521347796,8,2013,Friday
2013-08-10,FOODS_2,559.0,4288.0,0.13036380597014927,8,2013,Saturday
2013-08-11,FOODS_2,608.0,4516.0,0.13463241806908768,8,2013,Sunday
2013-08-12,FOODS_2,506.0,4467.0,0.11327512872173719,8,2013,Monday
2013-08-13,FOODS_2,365.0,4395.0,0.08304891922639362,8,2013,Tuesday
2013-08-14,FOODS_2,332.0,4330.0,0.0766743648960739,8,2013,Wednesday
2013-08-15,FOODS_2,354.0,4289.0,0.08253672184658428,8,2013,Thursday
2013-08-16,FOODS_2,365.0,4526.0,0.08064516129032258,8,2013,Friday
2013-08-17,FOODS_2,494.0,4482.0,0.11021865238732709,8,2013,Saturday
2013-08-18,FOODS_2,446.0,4410.0,0.10113378684807256,8,2013,Sunday
2013-08-19,FOODS_2,413.0,4356.0,0.094811753902663,8,2013,Monday
2013-08-20,FOODS_2,322.0,4316.0,0.07460611677479147,8,2013,Tuesday
2013-08-21,FOODS_2,334.0,4541.0,0.07355208103941863,8,2013,Wednesday
2013-08-22,FOODS_2,279.0,4492.0,0.06211041852181656,8,2013,Thursday
2013-08-23,FOODS_2,315.0,4423.0,0.07121862988921547,8,2013,Friday
2013-08-24,FOODS_2,439.0,4359.0,0.10071117228722185,8,2013,Saturday
2013-08-25,FOODS_2,509.0,4319.0,0.11785135448020376,8,2013,Sunday
2013-08-26,FOODS_2,357.0,4537.0,0.07868635662331937,8,2013,Monday
2013-08-27,FOODS_2,238.0,4477.0,0.05316059861514407,8,2013,Tuesday
2013-08-28,FOODS_2,344.0,4410.0,0.07800453514739229,8,2013,Wednesday
2013-08-29,FOODS_2,309.0,4356.0,0.0709366391184573,8,2013,Thursday
2013-08-30,FOODS_2,466.0,4304.0,0.10827137546468402,8,2013,Friday
2013-08-31,FOODS_2,521.0,4535.0,0.11488423373759647,8,2013,Saturday
2013-09-01,FOODS_2,444.0,4465.0,0.09944008958566629,9,2013,Sunday
2013-09-02,FOODS_2,596.0,4388.0,0.1358249772105743,9,2013,Monday
2013-09-03,FOODS_2,440.0,4339.0,0.10140585388338327,9,2013,Tuesday
2013-09-04,FOODS_2,400.0,4295.0,0.09313154831199069,9,2013,Wednesday
2013-09-05,FOODS_2,351.0,4541.0,0.07729574983483814,9,2013,Thursday
2013-09-06,FOODS_2,414.0,4471.0,0.092596734511295,9,2013,Friday
2013-09-07,FOODS_2,489.0,4413.0,0.11080897348742352,9,2013,Saturday
2013-09-08,FOODS_2,640.0,4356.0,0.14692378328741965,9,2013,Sunday
2013-09-09,FOODS_2,543.0,4301.0,0.12624970936991398,9,2013,Monday
2013-09-10,FOODS_2,485.0,4525.0,0.10718232044198896,9,2013,Tuesday
2013-09-11,FOODS_2,430.0,4470.0,0.09619686800894854,9,2013,Wednesday
2013-09-12,FOODS_2,397.0,4396.0,0.09030937215650592,9,2013,Thursday
2013-09-13,FOODS_2,430.0,4354.0,0.09875976113918236,9,2013,Friday
2013-09-14,FOODS_2,461.0,4308.0,0.10701021355617456,9,2013,Saturday
2013-09-15,FOODS_2,630.0,4550.0,0.13846153846153847,9,2013,Sunday
2013-09-16,FOODS_2,463.0,4496.0,0.10298042704626334,9,2013,Monday
2013-09-17,FOODS_2,433.0,4413.0,0.09811919329254476,9,2013,Tuesday
2013-09-18,FOODS_2,400.0,4356.0,0.09182736455463728,9,2013,Wednesday
2013-09-19,FOODS_2,372.0,4309.0,0.08633093525179857,9,2013,Thursday
2013-09-20,FOODS_2,468.0,4544.0,0.10299295774647887,9,2013,Friday
2013-09-21,FOODS_2,582.0,4476.0,0.13002680965147453,9,2013,Saturday
2013-09-22,FOODS_2,592.0,4389.0,0.13488266119845066,9,2013,Sunday
2013-09-23,FOODS_2,451.0,4327.0,0.10422925814652184,9,2013,Monday
2013-09-24,FOODS_2,340.0,4269.0,0.07964394471773249,9,2013,Tuesday
2013-09-25,FOODS_2,316.0,4495.0,0.07030033370411569,9,2013,Wednesday
2013-09-26,FOODS_2,358.0,4439.0,0.08064879477359765,9,2013,Thursday
2013-09-27,FOODS_2,210.0,4364.0,0.04812098991750687,9,2013,Friday
2013-09-28,FOODS_2,282.0,4292.0,0.06570363466915191,9,2013,Saturday
2013-09-29,FOODS_2,454.0,4250.0,0.1068235294117647,9,2013,Sunday
2013-09-30,FOODS_2,240.0,4484.0,0.05352363960749331,9,2013,Monday
2013-10-01,FOODS_2,259.0,4421.0,0.05858403076227098,10,2013,Tuesday
2013-10-02,FOODS_2,292.0,4347.0,0.06717276282493674,10,2013,Wednesday
2013-10-03,FOODS_2,246.0,4285.0,0.05740956826137689,10,2013,Thursday
2013-10-04,FOODS_2,429.0,4243.0,0.10110770681121847,10,2013,Friday
2013-10-05,FOODS_2,556.0,4491.0,0.12380316187931419,10,2013,Saturday
2013-10-06,FOODS_2,576.0,4431.0,0.12999322951929587,10,2013,Sunday
2013-10-07,FOODS_2,495.0,4359.0,0.11355815554026152,10,2013,Monday
2013-10-08,FOODS_2,430.0,4299.0,0.10002326122354036,10,2013,Tuesday
2013-10-09,FOODS_2,461.0,4257.0,0.10829222457129434,10,2013,Wednesday
2013-10-10,FOODS_2,401.0,4503.0,0.08905174328225628,10,2013,Thursday
2013-10-11,FOODS_2,350.0,4459.0,0.07849293563579278,10,2013,Friday
2013-10-12,FOODS_2,466.0,4392.0,0.10610200364298725,10,2013,Saturday
2013-10-13,FOODS_2,527.0,4335.0,0.12156862745098039,10,2013,Sunday
2013-10-14,FOODS_2,451.0,4291.0,0.1051037054299697,10,2013,Monday
2013-10-15,FOODS_2,327.0,4537.0,0.07207405774741019,10,2013,Tuesday
2013-10-16,FOODS_2,330.0,4485.0,0.07357859531772576,10,2013,Wednesday
2013-10-17,FOODS_2,318.0,4409.0,0.07212519845770016,10,2013,Thursday
2013-10-18,FOODS_2,375.0,4352.0,0.0861672794117647,10,2013,Friday
2013-10-19,FOODS_2,448.0,4315.0,0.10382387022016222,10,2013,Saturday
2013-10-20,FOODS_2,549.0,4556.0,0.12050043898156278,10,2013,Sunday
2013-10-21,FOODS_2,383.0,4504.0,0.0850355239786856,10,2013,Monday
2013-10-22,FOODS_2,322.0,4428.0,0.07271906052393858,10,2013,Tuesday
2013-10-23,FOODS_2,277.0,4375.0,0.06331428571428571,10,2013,Wednesday
2013-10-24,FOODS_2,247.0,4337.0,0.05695181000691722,10,2013,Thursday
2013-10-25,FOODS_2,340.0,4581.0,0.07421960270683257,10,2013,Friday
2013-10-26,FOODS_2,489.0,4510.0,0.10842572062084258,10,2013,Saturday
2013-10-27,FOODS_2,597.0,4439.0,0.13448974994368101,10,2013,Sunday
2013-10-28,FOODS_2,409.0,4357.0,0.09387193022722057,10,2013,Monday
2013-10-29,FOODS_2,311.0,4313.0,0.07210758172965454,10,2013,Tuesday
2013-10-30,FOODS_2,314.0,4546.0,0.06907171139463264,10,2013,Wednesday
2013-10-31,FOODS_2,302.0,4492.0,0.06723063223508459,10,2013,Thursday
2013-11-01,FOODS_2,460.0,4412.0,0.1042611060743427,11,2013,Friday
2013-11-02,FOODS_2,574.0,4358.0,0.13171179440110142,11,2013,Saturday
2013-11-03,FOODS_2,648.0,4314.0,0.1502086230876217,11,2013,Sunday
2013-11-04,FOODS_2,533.0,4548.0,0.1171943711521548,11,2013,Monday
2013-11-05,FOODS_2,402.0,4481.0,0.08971211783084133,11,2013,Tuesday
2013-11-06,FOODS_2,390.0,4412.0,0.0883952855847688,11,2013,Wednesday
2013-11-07,FOODS_2,372.0,4352.0,0.08547794117647059,11,2013,Thursday
2013-11-08,FOODS_2,500.0,4308.0,0.11606313834726091,11,2013,Friday
2013-11-09,FOODS_2,585.0,4534.0,0.1290251433612704,11,2013,Saturday
2013-11-10,FOODS_2,700.0,4472.0,0.15652951699463327,11,2013,Sunday
2013-11-11,FOODS_2,560.0,4407.0,0.12707056954844564,11,2013,Monday
2013-11-12,FOODS_2,370.0,4345.0,0.08515535097813579,11,2013,Tuesday
2013-11-13,FOODS_2,319.0,4303.0,0.0741343248896119,11,2013,Wednesday
2013-11-14,FOODS_2,302.0,4532.0,0.06663724624889673,11,2013,Thursday
2013-11-15,FOODS_2,401.0,4471.0,0.08968910758219638,11,2013,Friday
2013-11-16,FOODS_2,544.0,4396.0,0.12374886260236578,11,2013,Saturday
2013-11-17,FOODS_2,579.0,4343.0,0.1333179829610868,11,2013,Sunday
2013-11-18,FOODS_2,411.0,4294.0,0.09571495109455054,11,2013,Monday
2013-11-19,FOODS_2,325.0,4541.0,0.07157013873596124,11,2013,Tuesday
2013-11-20,FOODS_2,307.0,4498.0,0.06825255669186304,11,2013,Wednesday
2013-11-21,FOODS_2,352.0,4425.0,0.07954802259887006,11,2013,Thursday
2013-11-22,FOODS_2,352.0,4374.0,0.08047553726566073,11,2013,Friday
2013-11-23,FOODS_2,498.0,4329.0,0.11503811503811504,11,2013,Saturday
2013-11-24,FOODS_2,462.0,4542.0,0.10171730515191546,11,2013,Sunday
2013-11-25,FOODS_2,423.0,4477.0,0.09448291266473084,11,2013,Monday
2013-11-26,FOODS_2,353.0,4411.0,0.08002720471548402,11,2013,Tuesday
2013-11-27,FOODS_2,380.0,4349.0,0.08737640836974017,11,2013,Wednesday
2013-11-28,FOODS_2,125.0,4294.0,0.029110386585933862,11,2013,Thursday
2013-11-29,FOODS_2,178.0,4539.0,0.0392156862745098,11,2013,Friday
2013-11-30,FOODS_2,330.0,4474.0,0.07375949932945909,11,2013,Saturday
2013-12-01,FOODS_2,611.0,4399.0,0.13889520345533077,12,2013,Sunday
2013-12-02,FOODS_2,450.0,4334.0,0.10383017997231195,12,2013,Monday
2013-12-03,FOODS_2,510.0,4291.0,0.11885341412258214,12,2013,Tuesday
2013-12-04,FOODS_2,416.0,4531.0,0.09181196203928492,12,2013,Wednesday
2013-12-05,FOODS_2,397.0,4484.0,0.08853702051739518,12,2013,Thursday
2013-12-06,FOODS_2,445.0,4407.0,0.100975720444747,12,2013,Friday
2013-12-07,FOODS_2,567.0,4343.0,0.13055491595671195,12,2013,Saturday
2013-12-08,FOODS_2,570.0,4294.0,0.13274336283185842,12,2013,Sunday
2013-12-09,FOODS_2,430.0,4515.0,0.09523809523809523,12,2013,Monday
2013-12-10,FOODS_2,356.0,4459.0,0.07983852881812066,12,2013,Tuesday
2013-12-11,FOODS_2,321.0,4386.0,0.073187414500684,12,2013,Wednesday
2013-12-12,FOODS_2,322.0,4331.0,0.07434772569845301,12,2013,Thursday
2013-12-13,FOODS_2,351.0,4282.0,0.08197104156936011,12,2013,Friday
2013-12-14,FOODS_2,530.0,4497.0,0.1178563486768957,12,2013,Saturday
2013-12-15,FOODS_2,558.0,4440.0,0.12567567567567567,12,2013,Sunday
2013-12-16,FOODS_2,424.0,4369.0,0.09704737926298924,12,2013,Monday
2013-12-17,FOODS_2,310.0,4312.0,0.07189239332096475,12,2013,Tuesday
2013-12-18,FOODS_2,326.0,4260.0,0.07652582159624413,12,2013,Wednesday
2013-12-19,FOODS_2,349.0,4496.0,0.07762455516014236,12,2013,Thursday
2013-12-20,FOODS_2,347.0,4434.0,0.07825890843482183,12,2013,Friday
2013-12-21,FOODS_2,539.0,4358.0,0.12368058742542451,12,2013,Saturday
2013-12-22,FOODS_2,501.0,4303.0,0.11643039739716476,12,2013,Sunday
2013-12-23,FOODS_2,448.0,4256.0,0.10526315789473684,12,2013,Monday
2013-12-24,FOODS_2,299.0,4508.0,0.0663265306122449,12,2013,Tuesday
2013-12-25,FOODS_2,0.0,4431.0,0.0,12,2013,Wednesday
2013-12-26,FOODS_2,319.0,4358.0,0.0731987150068839,12,2013,Thursday
2013-12-27,FOODS_2,410.0,4296.0,0.09543761638733705,12,2013,Friday
2013-12-28,FOODS_2,400.0,4247.0,0.09418412997409936,12,2013,Saturday
2013-12-29,FOODS_2,447.0,4461.0,0.10020174848688634,12,2013,Sunday
2013-12-30,FOODS_2,398.0,4403.0,0.0903929139223257,12,2013,Monday
2013-12-31,FOODS_2,364.0,4322.0,0.08422026839426192,12,2013,Tuesday
2014-01-01,FOODS_2,295.0,4271.0,0.06907047529852493,1,2014,Wednesday
2014-01-02,FOODS_2,396.0,4231.0,0.0935948948239187,1,2014,Thursday
2014-01-03,FOODS_2,515.0,4463.0,0.11539323325117634,1,2014,Friday
2014-01-04,FOODS_2,565.0,4405.0,0.1282633371169126,1,2014,Saturday
2014-01-05,FOODS_2,626.0,4351.0,0.14387497127097218,1,2014,Sunday
2014-01-06,FOODS_2,554.0,4293.0,0.12904728627999068,1,2014,Monday
2014-01-07,FOODS_2,559.0,4251.0,0.13149847094801223,1,2014,Tuesday
2014-01-08,FOODS_2,463.0,4500.0,0.10288888888888889,1,2014,Wednesday
2014-01-09,FOODS_2,422.0,4443.0,0.09498086878235426,1,2014,Thursday
2014-01-10,FOODS_2,509.0,4379.0,0.11623658369490751,1,2014,Friday
2014-01-11,FOODS_2,684.0,4318.0,0.15840666975451598,1,2014,Saturday
2014-01-12,FOODS_2,591.0,4283.0,0.13798739201494278,1,2014,Sunday
2014-01-13,FOODS_2,451.0,4519.0,0.0998008408940031,1,2014,Monday
2014-01-14,FOODS_2,318.0,4452.0,0.07142857142857142,1,2014,Tuesday
2014-01-15,FOODS_2,287.0,4376.0,0.06558500914076783,1,2014,Wednesday
2014-01-16,FOODS_2,392.0,4316.0,0.09082483781278962,1,2014,Thursday
2014-01-17,FOODS_2,351.0,4270.0,0.08220140515222482,1,2014,Friday
2014-01-18,FOODS_2,583.0,4517.0,0.12906796546380342,1,2014,Saturday
2014-01-19,FOODS_2,510.0,4446.0,0.11470985155195682,1,2014,Sunday
2014-01-20,FOODS_2,405.0,4375.0,0.09257142857142857,1,2014,Monday
2014-01-21,FOODS_2,347.0,4320.0,0.08032407407407408,1,2014,Tuesday
2014-01-22,FOODS_2,294.0,4278.0,0.06872370266479663,1,2014,Wednesday
2014-01-23,FOODS_2,299.0,4504.0,0.0663854351687389,1,2014,Thursday
2014-01-24,FOODS_2,347.0,4450.0,0.07797752808988764,1,2014,Friday
2014-01-25,FOODS_2,453.0,4369.0,0.10368505378805219,1,2014,Saturday
2014-01-26,FOODS_2,583.0,4309.0,0.13529821304246925,1,2014,Sunday
2014-01-27,FOODS_2,351.0,4251.0,0.08256880733944955,1,2014,Monday
2014-01-28,FOODS_2,304.0,4483.0,0.06781173321436539,1,2014,Tuesday
2014-01-29,FOODS_2,232.0,4430.0,0.05237020316027088,1,2014,Wednesday
2014-01-30,FOODS_2,277.0,4361.0,0.06351754184819995,1,2014,Thursday
2014-01-31,FOODS_2,382.0,4300.0,0.08883720930232558,1,2014,Friday
2014-02-01,FOODS_2,641.0,4259.0,0.15050481333646396,2,2014,Saturday
2014-02-02,FOODS_2,494.0,4483.0,0.11019406647334375,2,2014,Sunday
2014-02-03,FOODS_2,459.0,4422.0,0.10379918588873813,2,2014,Monday
2014-02-04,FOODS_2,361.0,4353.0,0.08293131173903055,2,2014,Tuesday
2014-02-05,FOODS_2,359.0,4280.0,0.0838785046728972,2,2014,Wednesday
2014-02-06,FOODS_2,454.0,4242.0,0.10702498821310702,2,2014,Thursday
2014-02-07,FOODS_2,460.0,4492.0,0.10240427426536064,2,2014,Friday
2014-02-08,FOODS_2,713.0,4439.0,0.16062176165803108,2,2014,Saturday
2014-02-09,FOODS_2,609.0,4372.0,0.13929551692589204,2,2014,Sunday
2014-02-10,FOODS_2,497.0,4320.0,0.1150462962962963,2,2014,Monday
2014-02-11,FOODS_2,412.0,4284.0,0.096171802054155,2,2014,Tuesday
2014-02-12,FOODS_2,368.0,4507.0,0.08165076547592634,2,2014,Wednesday
2014-02-13,FOODS_2,345.0,4446.0,0.07759784075573549,2,2014,Thursday
2014-02-14,FOODS_2,341.0,4367.0,0.07808564231738035,2,2014,Friday
2014-02-15,FOODS_2,495.0,4322.0,0.11453031004164739,2,2014,Saturday
2014-02-16,FOODS_2,556.0,4280.0,0.12990654205607477,2,2014,Sunday
2014-02-17,FOODS_2,485.0,4522.0,0.10725342768686422,2,2014,Monday
2014-02-18,FOODS_2,354.0,4455.0,0.07946127946127945,2,2014,Tuesday
2014-02-19,FOODS_2,387.0,4370.0,0.088558352402746,2,2014,Wednesday
2014-02-20,FOODS_2,345.0,4306.0,0.08012076172782165,2,2014,Thursday
2014-02-21,FOODS_2,371.0,4261.0,0.0870687632011265,2,2014,Friday
2014-02-22,FOODS_2,505.0,4506.0,0.1120727918331114,2,2014,Saturday
2014-02-23,FOODS_2,634.0,4439.0,0.14282496057670646,2,2014,Sunday
2014-02-24,FOODS_2,371.0,4367.0,0.08495534692008244,2,2014,Monday
2014-02-25,FOODS_2,299.0,4306.0,0.06943799349744542,2,2014,Tuesday
2014-02-26,FOODS_2,338.0,4264.0,0.07926829268292683,2,2014,Wednesday
2014-02-27,FOODS_2,354.0,4509.0,0.07850964737192283,2,2014,Thursday
2014-02-28,FOODS_2,405.0,4454.0,0.09092950157162101,2,2014,Friday
2014-03-01,FOODS_2,709.0,4378.0,0.16194609410689811,3,2014,Saturday
2014-03-02,FOODS_2,689.0,4322.0,0.15941693660342435,3,2014,Sunday
2014-03-03,FOODS_2,453.0,4274.0,0.10598970519419747,3,2014,Monday
2014-03-04,FOODS_2,415.0,4497.0,0.09228374471870136,3,2014,Tuesday
2014-03-05,FOODS_2,380.0,4425.0,0.08587570621468926,3,2014,Wednesday
2014-03-06,FOODS_2,346.0,4359.0,0.07937600367056664,3,2014,Thursday
2014-03-07,FOODS_2,419.0,4296.0,0.09753258845437617,3,2014,Friday
2014-03-08,FOODS_2,440.0,4255.0,0.10340775558166862,3,2014,Saturday
2014-03-09,FOODS_2,621.0,4471.0,0.13889510176694253,3,2014,Sunday
2014-03-10,FOODS_2,467.0,4409.0,0.10591970968473577,3,2014,Monday
2014-03-11,FOODS_2,362.0,4338.0,0.0834485938220378,3,2014,Tuesday
2014-03-12,FOODS_2,351.0,4267.0,0.08225919850011718,3,2014,Wednesday
2014-03-13,FOODS_2,342.0,4229.0,0.08087018207614093,3,2014,Thursday
2014-03-14,FOODS_2,355.0,4472.0,0.07938282647584974,3,2014,Friday
2014-03-15,FOODS_2,483.0,4422.0,0.10922659430122117,3,2014,Saturday
2014-03-16,FOODS_2,417.0,4348.0,0.09590616375344986,3,2014,Sunday
2014-03-17,FOODS_2,289.0,4286.0,0.0674288380774615,3,2014,Monday
2014-03-18,FOODS_2,280.0,4244.0,0.06597549481621112,3,2014,Tuesday
2014-03-19,FOODS_2,286.0,4484.0,0.06378233719892953,3,2014,Wednesday
2014-03-20,FOODS_2,332.0,4436.0,0.07484220018034266,3,2014,Thursday
2014-03-21,FOODS_2,350.0,4361.0,0.08025682182985554,3,2014,Friday
2014-03-22,FOODS_2,394.0,4303.0,0.0915640250987683,3,2014,Saturday
2014-03-23,FOODS_2,555.0,4260.0,0.13028169014084506,3,2014,Sunday
2014-03-24,FOODS_2,363.0,4498.0,0.08070253445975989,3,2014,Monday
2014-03-25,FOODS_2,351.0,4436.0,0.07912533814247069,3,2014,Tuesday
2014-03-26,FOODS_2,267.0,4366.0,0.061154374713696745,3,2014,Wednesday
2014-03-27,FOODS_2,286.0,4298.0,0.0665425779432294,3,2014,Thursday
2014-03-28,FOODS_2,386.0,4255.0,0.09071680376028202,3,2014,Friday
2014-03-29,FOODS_2,465.0,4493.0,0.10349432450478523,3,2014,Saturday
2014-03-30,FOODS_2,602.0,4434.0,0.13576905728461885,3,2014,Sunday
2014-03-31,FOODS_2,429.0,4355.0,0.09850746268656717,3,2014,Monday
2014-04-01,FOODS_2,442.0,4300.0,0.1027906976744186,4,2014,Tuesday
2014-04-02,FOODS_2,452.0,4257.0,0.10617805966643176,4,2014,Wednesday
2014-04-03,FOODS_2,470.0,4472.0,0.1050983899821109,4,2014,Thursday
2014-04-04,FOODS_2,484.0,4417.0,0.10957663572560561,4,2014,Friday
2014-04-05,FOODS_2,611.0,4339.0,0.14081585618806178,4,2014,Saturday
2014-04-06,FOODS_2,649.0,4280.0,0.15163551401869158,4,2014,Sunday
2014-04-07,FOODS_2,548.0,4234.0,0.12942843646669816,4,2014,Monday
2014-04-08,FOODS_2,454.0,4467.0,0.10163420640250728,4,2014,Tuesday
2014-04-09,FOODS_2,377.0,4418.0,0.0853327297419647,4,2014,Wednesday
2014-04-10,FOODS_2,300.0,4341.0,0.0691085003455425,4,2014,Thursday
2014-04-11,FOODS_2,338.0,4274.0,0.07908282639213851,4,2014,Friday
2014-04-12,FOODS_2,335.0,4226.0,0.07927117841930904,4,2014,Saturday
2014-04-13,FOODS_2,444.0,4457.0,0.0996185775185102,4,2014,Sunday
2014-04-14,FOODS_2,359.0,4395.0,0.08168373151308304,4,2014,Monday
2014-04-15,FOODS_2,260.0,4294.0,0.06054960409874243,4,2014,Tuesday
2014-04-16,FOODS_2,339.0,4228.0,0.08017975402081362,4,2014,Wednesday
2014-04-17,FOODS_2,369.0,4179.0,0.0882986360373295,4,2014,Thursday
2014-04-18,FOODS_2,429.0,4402.0,0.09745570195365742,4,2014,Friday
2014-04-19,FOODS_2,497.0,4358.0,0.1140431390546122,4,2014,Saturday
2014-04-20,FOODS_2,310.0,4293.0,0.07221057535522944,4,2014,Sunday
2014-04-21,FOODS_2,387.0,4244.0,0.0911875589066918,4,2014,Monday
2014-04-22,FOODS_2,350.0,4206.0,0.08321445553970519,4,2014,Tuesday
2014-04-23,FOODS_2,342.0,4442.0,0.0769923457901846,4,2014,Wednesday
2014-04-24,FOODS_2,331.0,4381.0,0.07555352659210227,4,2014,Thursday
2014-04-25,FOODS_2,414.0,4299.0,0.09630146545708304,4,2014,Friday
2014-04-26,FOODS_2,537.0,4235.0,0.1268004722550177,4,2014,Saturday
2014-04-27,FOODS_2,499.0,4199.0,0.118837818528221,4,2014,Sunday
2014-04-28,FOODS_2,342.0,4451.0,0.07683666591777129,4,2014,Monday
2014-04-29,FOODS_2,260.0,4377.0,0.059401416495316425,4,2014,Tuesday
2014-04-30,FOODS_2,362.0,4310.0,0.0839907192575406,4,2014,Wednesday
2014-05-01,FOODS_2,371.0,4260.0,0.08708920187793427,5,2014,Thursday
2014-05-02,FOODS_2,423.0,4205.0,0.10059453032104637,5,2014,Friday
2014-05-03,FOODS_2,575.0,4449.0,0.1292425264104293,5,2014,Saturday
2014-05-04,FOODS_2,685.0,4388.0,0.15610756608933454,5,2014,Sunday
2014-05-05,FOODS_2,572.0,4317.0,0.13249942089413944,5,2014,Monday
2014-05-06,FOODS_2,454.0,4264.0,0.10647279549718575,5,2014,Tuesday
2014-05-07,FOODS_2,518.0,4225.0,0.12260355029585798,5,2014,Wednesday
2014-05-08,FOODS_2,411.0,4446.0,0.09244264507422402,5,2014,Thursday
2014-05-09,FOODS_2,452.0,4386.0,0.10305517555859553,5,2014,Friday
2014-05-10,FOODS_2,561.0,4318.0,0.12992125984251968,5,2014,Saturday
2014-05-11,FOODS_2,420.0,4255.0,0.09870740305522914,5,2014,Sunday
2014-05-12,FOODS_2,419.0,4216.0,0.09938330170777988,5,2014,Monday
2014-05-13,FOODS_2,350.0,4451.0,0.07863401482812851,5,2014,Tuesday
2014-05-14,FOODS_2,292.0,4388.0,0.06654512306289881,5,2014,Wednesday
2014-05-15,FOODS_2,308.0,4307.0,0.07151149291850475,5,2014,Thursday
2014-05-16,FOODS_2,398.0,4253.0,0.09358100164589701,5,2014,Friday
2014-05-17,FOODS_2,512.0,4205.0,0.12175980975029727,5,2014,Saturday
2014-05-18,FOODS_2,570.0,4446.0,0.1282051282051282,5,2014,Sunday
2014-05-19,FOODS_2,417.0,4392.0,0.09494535519125682,5,2014,Monday
2014-05-20,FOODS_2,414.0,4320.0,0.09583333333333334,5,2014,Tuesday
2014-05-21,FOODS_2,305.0,4258.0,0.07162987317989666,5,2014,Wednesday
2014-05-22,FOODS_2,349.0,4226.0,0.08258400378608613,5,2014,Thursday
2014-05-23,FOODS_2,320.0,4474.0,0.07152436298614215,5,2014,Friday
2014-05-24,FOODS_2,428.0,4412.0,0.09700815956482321,5,2014,Saturday
2014-05-25,FOODS_2,392.0,4351.0,0.0900942312112158,5,2014,Sunday
2014-05-26,FOODS_2,454.0,4291.0,0.10580284316010254,5,2014,Monday
2014-05-27,FOODS_2,425.0,4260.0,0.09976525821596244,5,2014,Tuesday
2014-05-28,FOODS_2,359.0,4498.0,0.07981325033348155,5,2014,Wednesday
2014-05-29,FOODS_2,295.0,4438.0,0.06647138350608382,5,2014,Thursday
2014-05-30,FOODS_2,375.0,4369.0,0.08583199816891737,5,2014,Friday
2014-05-31,FOODS_2,518.0,4313.0,0.12010201715743102,5,2014,Saturday
2014-06-01,FOODS_2,628.0,4266.0,0.1472105016408814,6,2014,Sunday
2014-06-02,FOODS_2,487.0,4505.0,0.10810210876803551,6,2014,Monday
2014-06-03,FOODS_2,426.0,4454.0,0.09564436461607544,6,2014,Tuesday
2014-06-04,FOODS_2,465.0,4374.0,0.10631001371742113,6,2014,Wednesday
2014-06-05,FOODS_2,380.0,4320.0,0.08796296296296297,6,2014,Thursday
2014-06-06,FOODS_2,381.0,4280.0,0.08901869158878505,6,2014,Friday
2014-06-07,FOODS_2,599.0,4514.0,0.13269827204253434,6,2014,Saturday
2014-06-08,FOODS_2,754.0,4461.0,0.16902039901367408,6,2014,Sunday
2014-06-09,FOODS_2,518.0,4390.0,0.11799544419134396,6,2014,Monday
2014-06-10,FOODS_2,405.0,4337.0,0.09338252248097763,6,2014,Tuesday
2014-06-11,FOODS_2,458.0,4297.0,0.10658599022573889,6,2014,Wednesday
2014-06-12,FOODS_2,365.0,4545.0,0.08030803080308031,6,2014,Thursday
2014-06-13,FOODS_2,400.0,4486.0,0.08916629514043692,6,2014,Friday
2014-06-14,FOODS_2,587.0,4418.0,0.13286555002263467,6,2014,Saturday
2014-06-15,FOODS_2,501.0,4345.0,0.11530494821634062,6,2014,Sunday
2014-06-16,FOODS_2,491.0,4300.0,0.1141860465116279,6,2014,Monday
2014-06-17,FOODS_2,359.0,4519.0,0.07944235450320868,6,2014,Tuesday
2014-06-18,FOODS_2,385.0,4445.0,0.08661417322834646,6,2014,Wednesday
2014-06-19,FOODS_2,414.0,4369.0,0.09475852597848478,6,2014,Thursday
2014-06-20,FOODS_2,432.0,4313.0,0.10016230002318571,6,2014,Friday
2014-06-21,FOODS_2,454.0,4272.0,0.10627340823970037,6,2014,Saturday
2014-06-22,FOODS_2,504.0,4498.0,0.11204979991107158,6,2014,Sunday
2014-06-23,FOODS_2,462.0,4452.0,0.10377358490566038,6,2014,Monday
2014-06-24,FOODS_2,294.0,4369.0,0.06729228656443122,6,2014,Tuesday
2014-06-25,FOODS_2,337.0,4305.0,0.07828106852497096,6,2014,Wednesday
2014-06-26,FOODS_2,304.0,4248.0,0.07156308851224105,6,2014,Thursday
2014-06-27,FOODS_2,339.0,4487.0,0.07555159349231112,6,2014,Friday
2014-06-28,FOODS_2,431.0,4437.0,0.09713770565697544,6,2014,Saturday
2014-06-29,FOODS_2,467.0,4362.0,0.10706098120128381,6,2014,Sunday
2014-06-30,FOODS_2,390.0,4317.0,0.09034051424600417,6,2014,Monday
2014-07-01,FOODS_2,438.0,4265.0,0.10269636576787808,7,2014,Tuesday
2014-07-02,FOODS_2,404.0,4490.0,0.08997772828507795,7,2014,Wednesday
2014-07-03,FOODS_2,464.0,4422.0,0.10492989597467209,7,2014,Thursday
2014-07-04,FOODS_2,326.0,4361.0,0.07475349690437973,7,2014,Friday
2014-07-05,FOODS_2,434.0,4297.0,0.10100069816150803,7,2014,Saturday
2014-07-06,FOODS_2,558.0,4258.0,0.13104744011272898,7,2014,Sunday
2014-07-07,FOODS_2,566.0,4485.0,0.1261984392419175,7,2014,Monday
2014-07-08,FOODS_2,465.0,4425.0,0.10508474576271186,7,2014,Tuesday
2014-07-09,FOODS_2,418.0,4337.0,0.09637998616555223,7,2014,Wednesday
2014-07-10,FOODS_2,398.0,4284.0,0.09290382819794585,7,2014,Thursday
2014-07-11,FOODS_2,381.0,4245.0,0.08975265017667844,7,2014,Friday
2014-07-12,FOODS_2,464.0,4491.0,0.10331774660431975,7,2014,Saturday
2014-07-13,FOODS_2,549.0,4425.0,0.12406779661016949,7,2014,Sunday
2014-07-14,FOODS_2,423.0,4350.0,0.09724137931034482,7,2014,Monday
2014-07-15,FOODS_2,371.0,4300.0,0.08627906976744186,7,2014,Tuesday
2014-07-16,FOODS_2,402.0,4257.0,0.09443269908386187,7,2014,Wednesday
2014-07-17,FOODS_2,363.0,4494.0,0.08077436582109479,7,2014,Thursday
2014-07-18,FOODS_2,388.0,4437.0,0.08744647284201036,7,2014,Friday
2014-07-19,FOODS_2,468.0,4359.0,0.10736407432897453,7,2014,Saturday
2014-07-20,FOODS_2,525.0,4303.0,0.12200790146409482,7,2014,Sunday
2014-07-21,FOODS_2,372.0,4261.0,0.08730344989439098,7,2014,Monday
2014-07-22,FOODS_2,360.0,4492.0,0.08014247551202137,7,2014,Tuesday
2014-07-23,FOODS_2,346.0,4429.0,0.07812147211560172,7,2014,Wednesday
2014-07-24,FOODS_2,297.0,4348.0,0.06830726770929163,7,2014,Thursday
2014-07-25,FOODS_2,335.0,4306.0,0.07779842080817465,7,2014,Friday
2014-07-26,FOODS_2,402.0,4267.0,0.09421138973517694,7,2014,Saturday
2014-07-27,FOODS_2,501.0,4495.0,0.11145717463848721,7,2014,Sunday
2014-07-28,FOODS_2,475.0,4433.0,0.1071509136025265,7,2014,Monday
2014-07-29,FOODS_2,342.0,4366.0,0.07833256985799358,7,2014,Tuesday
2014-07-30,FOODS_2,409.0,4302.0,0.09507205950720594,7,2014,Wednesday
2014-07-31,FOODS_2,262.0,4257.0,0.0615456894526662,7,2014,Thursday
2014-08-01,FOODS_2,453.0,4505.0,0.10055493895671476,8,2014,Friday
2014-08-02,FOODS_2,538.0,4438.0,0.12122577737719693,8,2014,Saturday
2014-08-03,FOODS_2,653.0,4359.0,0.14980500114705209,8,2014,Sunday
2014-08-04,FOODS_2,559.0,4300.0,0.13,8,2014,Monday
2014-08-05,FOODS_2,500.0,4259.0,0.11739845034045551,8,2014,Tuesday
2014-08-06,FOODS_2,447.0,4509.0,0.09913506320691949,8,2014,Wednesday
2014-08-07,FOODS_2,426.0,4460.0,0.09551569506726458,8,2014,Thursday
2014-08-08,FOODS_2,419.0,4383.0,0.09559662331736253,8,2014,Friday
2014-08-09,FOODS_2,576.0,4325.0,0.13317919075144508,8,2014,Saturday
2014-08-10,FOODS_2,607.0,4289.0,0.14152483096292842,8,2014,Sunday
2014-08-11,FOODS_2,420.0,4531.0,0.09269476936658574,8,2014,Monday
2014-08-12,FOODS_2,420.0,4469.0,0.09398075632132469,8,2014,Tuesday
2014-08-13,FOODS_2,363.0,4381.0,0.08285779502396713,8,2014,Wednesday
2014-08-14,FOODS_2,399.0,4319.0,0.09238249594813615,8,2014,Thursday
2014-08-15,FOODS_2,395.0,4271.0,0.09248419573870288,8,2014,Friday
2014-08-16,FOODS_2,499.0,4507.0,0.11071666296871534,8,2014,Saturday
2014-08-17,FOODS_2,621.0,4457.0,0.13933138882656496,8,2014,Sunday
2014-08-18,FOODS_2,495.0,4387.0,0.11283337132436745,8,2014,Monday
2014-08-19,FOODS_2,392.0,4336.0,0.09040590405904059,8,2014,Tuesday
2014-08-20,FOODS_2,379.0,4292.0,0.08830382106244175,8,2014,Wednesday
2014-08-21,FOODS_2,349.0,4542.0,0.07683839718185821,8,2014,Thursday
2014-08-22,FOODS_2,375.0,4481.0,0.0836866770810087,8,2014,Friday
2014-08-23,FOODS_2,558.0,4419.0,0.12627291242362526,8,2014,Saturday
2014-08-24,FOODS_2,774.0,4358.0,0.1776044056906838,8,2014,Sunday
2014-08-25,FOODS_2,395.0,4320.0,0.09143518518518519,8,2014,Monday
2014-08-26,FOODS_2,340.0,4567.0,0.07444712064812788,8,2014,Tuesday
2014-08-27,FOODS_2,314.0,4495.0,0.06985539488320355,8,2014,Wednesday
2014-08-28,FOODS_2,339.0,4414.0,0.07680108744902582,8,2014,Thursday
2014-08-29,FOODS_2,431.0,4349.0,0.09910324212462635,8,2014,Friday
2014-08-30,FOODS_2,422.0,4300.0,0.09813953488372093,8,2014,Saturday
2014-08-31,FOODS_2,480.0,4522.0,0.10614772224679346,8,2014,Sunday
2014-09-01,FOODS_2,584.0,4465.0,0.13079507278835387,9,2014,Monday
2014-09-02,FOODS_2,526.0,4394.0,0.11970869367319072,9,2014,Tuesday
2014-09-03,FOODS_2,421.0,4345.0,0.09689298043728424,9,2014,Wednesday
2014-09-04,FOODS_2,377.0,4291.0,0.08785830808669308,9,2014,Thursday
2014-09-05,FOODS_2,449.0,4527.0,0.09918268168765186,9,2014,Friday
2014-09-06,FOODS_2,638.0,4469.0,0.14276124412620272,9,2014,Saturday
2014-09-07,FOODS_2,684.0,4390.0,0.15580865603644647,9,2014,Sunday
2014-09-08,FOODS_2,442.0,4336.0,0.10193726937269372,9,2014,Monday
2014-09-09,FOODS_2,495.0,4293.0,0.11530398322851153,9,2014,Tuesday
2014-09-10,FOODS_2,440.0,4514.0,0.0974745237040319,9,2014,Wednesday
2014-09-11,FOODS_2,425.0,4440.0,0.09572072072072071,9,2014,Thursday
2014-09-12,FOODS_2,402.0,4353.0,0.0923501033769814,9,2014,Friday
2014-09-13,FOODS_2,509.0,4300.0,0.11837209302325581,9,2014,Saturday
2014-09-14,FOODS_2,615.0,4251.0,0.14467184191954835,9,2014,Sunday
2014-09-15,FOODS_2,451.0,4492.0,0.10040071237756011,9,2014,Monday
2014-09-16,FOODS_2,318.0,4441.0,0.07160549425804999,9,2014,Tuesday
2014-09-17,FOODS_2,316.0,4369.0,0.07232776379034105,9,2014,Wednesday
2014-09-18,FOODS_2,369.0,4317.0,0.08547602501737317,9,2014,Thursday
2014-09-19,FOODS_2,388.0,4266.0,0.09095171120487576,9,2014,Friday
2014-09-20,FOODS_2,560.0,4518.0,0.1239486498450642,9,2014,Saturday
2014-09-21,FOODS_2,550.0,4461.0,0.12329074198610177,9,2014,Sunday
2014-09-22,FOODS_2,416.0,4391.0,0.0947392393532225,9,2014,Monday
2014-09-23,FOODS_2,341.0,4347.0,0.07844490453186105,9,2014,Tuesday
2014-09-24,FOODS_2,351.0,4303.0,0.08157099697885196,9,2014,Wednesday
2014-09-25,FOODS_2,317.0,4541.0,0.06980841224399911,9,2014,Thursday
2014-09-26,FOODS_2,395.0,4480.0,0.08816964285714286,9,2014,Friday
2014-09-27,FOODS_2,581.0,4417.0,0.13153724247226625,9,2014,Saturday
2014-09-28,FOODS_2,660.0,4357.0,0.1514803764057838,9,2014,Sunday
2014-09-29,FOODS_2,463.0,4319.0,0.10720074091224821,9,2014,Monday
2014-09-30,FOODS_2,366.0,4578.0,0.0799475753604194,9,2014,Tuesday
2014-10-01,FOODS_2,462.0,4517.0,0.10228027451848572,10,2014,Wednesday
2014-10-02,FOODS_2,417.0,4440.0,0.09391891891891892,10,2014,Thursday
2014-10-03,FOODS_2,486.0,4375.0,0.11108571428571429,10,2014,Friday
2014-10-04,FOODS_2,711.0,4322.0,0.16450717260527534,10,2014,Saturday
2014-10-05,FOODS_2,703.0,4559.0,0.15420048256196534,10,2014,Sunday
2014-10-06,FOODS_2,532.0,4494.0,0.11838006230529595,10,2014,Monday
2014-10-07,FOODS_2,502.0,4417.0,0.1136517998641612,10,2014,Tuesday
2014-10-08,FOODS_2,468.0,4366.0,0.10719193770041227,10,2014,Wednesday
2014-10-09,FOODS_2,459.0,4320.0,0.10625,10,2014,Thursday
2014-10-10,FOODS_2,483.0,4542.0,0.10634081902245707,10,2014,Friday
2014-10-11,FOODS_2,628.0,4481.0,0.14014728855166259,10,2014,Saturday
2014-10-12,FOODS_2,704.0,4404.0,0.15985467756584923,10,2014,Sunday
2014-10-13,FOODS_2,462.0,4340.0,0.1064516129032258,10,2014,Monday
2014-10-14,FOODS_2,378.0,4300.0,0.08790697674418604,10,2014,Tuesday
2014-10-15,FOODS_2,379.0,4537.0,0.08353537579898611,10,2014,Wednesday
2014-10-16,FOODS_2,372.0,4482.0,0.08299866131191433,10,2014,Thursday
2014-10-17,FOODS_2,443.0,4413.0,0.10038522547020168,10,2014,Friday
2014-10-18,FOODS_2,584.0,4360.0,0.13394495412844037,10,2014,Saturday
2014-10-19,FOODS_2,727.0,4319.0,0.16832600138921047,10,2014,Sunday
2014-10-20,FOODS_2,471.0,4553.0,0.10344827586206896,10,2014,Monday
2014-10-21,FOODS_2,316.0,4481.0,0.07051997322026334,10,2014,Tuesday
2014-10-22,FOODS_2,372.0,4409.0,0.0843728736674983,10,2014,Wednesday
2014-10-23,FOODS_2,327.0,4342.0,0.0753109166282819,10,2014,Thursday
2014-10-24,FOODS_2,406.0,4297.0,0.09448452408657203,10,2014,Friday
2014-10-25,FOODS_2,709.0,4526.0,0.15665046398585947,10,2014,Saturday
2014-10-26,FOODS_2,604.0,4462.0,0.13536530703720304,10,2014,Sunday
2014-10-27,FOODS_2,521.0,4386.0,0.11878704970360238,10,2014,Monday
2014-10-28,FOODS_2,354.0,4323.0,0.08188757807078417,10,2014,Tuesday
2014-10-29,FOODS_2,320.0,4275.0,0.07485380116959064,10,2014,Wednesday
2014-10-30,FOODS_2,425.0,4506.0,0.09431868619618286,10,2014,Thursday
2014-10-31,FOODS_2,364.0,4461.0,0.08159605469625644,10,2014,Friday
2014-11-01,FOODS_2,825.0,4378.0,0.1884422110552764,11,2014,Saturday
2014-11-02,FOODS_2,923.0,4317.0,0.2138058837155432,11,2014,Sunday
2014-11-03,FOODS_2,680.0,4272.0,0.15917602996254682,11,2014,Monday
2014-11-04,FOODS_2,668.0,4497.0,0.14854347342672894,11,2014,Tuesday
2014-11-05,FOODS_2,472.0,4429.0,0.1065703319033642,11,2014,Wednesday
2014-11-06,FOODS_2,506.0,4372.0,0.11573650503202196,11,2014,Thursday
2014-11-07,FOODS_2,514.0,4321.0,0.118953945845869,11,2014,Friday
2014-11-08,FOODS_2,760.0,4273.0,0.1778609875965364,11,2014,Saturday
2014-11-09,FOODS_2,813.0,4509.0,0.18030605455755155,11,2014,Sunday
2014-11-10,FOODS_2,673.0,4443.0,0.15147422912446545,11,2014,Monday
2014-11-11,FOODS_2,558.0,4382.0,0.12733911455956184,11,2014,Tuesday
2014-11-12,FOODS_2,420.0,4319.0,0.09724473257698542,11,2014,Wednesday
2014-11-13,FOODS_2,463.0,4276.0,0.10827876520112255,11,2014,Thursday
2014-11-14,FOODS_2,457.0,4520.0,0.10110619469026548,11,2014,Friday
2014-11-15,FOODS_2,607.0,4460.0,0.13609865470852017,11,2014,Saturday
2014-11-16,FOODS_2,750.0,4389.0,0.17088174982911825,11,2014,Sunday
2014-11-17,FOODS_2,573.0,4328.0,0.13239371534195934,11,2014,Monday
2014-11-18,FOODS_2,434.0,4282.0,0.10135450723960766,11,2014,Tuesday
2014-11-19,FOODS_2,410.0,4517.0,0.09076820898826655,11,2014,Wednesday
2014-11-20,FOODS_2,379.0,4458.0,0.08501570210856886,11,2014,Thursday
2014-11-21,FOODS_2,466.0,4379.0,0.10641699018040648,11,2014,Friday
2014-11-22,FOODS_2,723.0,4321.0,0.16732237907891692,11,2014,Saturday
2014-11-23,FOODS_2,669.0,4267.0,0.15678462620107805,11,2014,Sunday
2014-11-24,FOODS_2,588.0,4516.0,0.13020372010628875,11,2014,Monday
2014-11-25,FOODS_2,453.0,4459.0,0.10159228526575466,11,2014,Tuesday
2014-11-26,FOODS_2,468.0,4389.0,0.10663021189336978,11,2014,Wednesday
2014-11-27,FOODS_2,156.0,4319.0,0.036119472100023156,11,2014,Thursday
2014-11-28,FOODS_2,272.0,4276.0,0.06361085126286249,11,2014,Friday
2014-11-29,FOODS_2,407.0,4528.0,0.08988515901060071,11,2014,Saturday
2014-11-30,FOODS_2,514.0,4469.0,0.11501454464085925,11,2014,Sunday
2014-12-01,FOODS_2,601.0,4388.0,0.1369644484958979,12,2014,Monday
2014-12-02,FOODS_2,450.0,4325.0,0.10404624277456648,12,2014,Tuesday
2014-12-03,FOODS_2,473.0,4269.0,0.11079878191613961,12,2014,Wednesday
2014-12-04,FOODS_2,586.0,4503.0,0.13013546524539196,12,2014,Thursday
2014-12-05,FOODS_2,502.0,4448.0,0.11285971223021583,12,2014,Friday
2014-12-06,FOODS_2,772.0,4384.0,0.1760948905109489,12,2014,Saturday
2014-12-07,FOODS_2,798.0,4321.0,0.18467947234436474,12,2014,Sunday
2014-12-08,FOODS_2,594.0,4271.0,0.139077499414657,12,2014,Monday
2014-12-09,FOODS_2,560.0,4511.0,0.12414098869430282,12,2014,Tuesday
2014-12-10,FOODS_2,605.0,4439.0,0.13629195764811894,12,2014,Wednesday
2014-12-11,FOODS_2,305.0,4369.0,0.06981002517738613,12,2014,Thursday
2014-12-12,FOODS_2,456.0,4304.0,0.10594795539033457,12,2014,Friday
2014-12-13,FOODS_2,565.0,4258.0,0.1326914044152184,12,2014,Saturday
2014-12-14,FOODS_2,673.0,4480.0,0.15022321428571428,12,2014,Sunday
2014-12-15,FOODS_2,481.0,4409.0,0.10909503288727602,12,2014,Monday
2014-12-16,FOODS_2,479.0,4339.0,0.11039410002304678,12,2014,Tuesday
2014-12-17,FOODS_2,402.0,4271.0,0.09412315616951533,12,2014,Wednesday
2014-12-18,FOODS_2,397.0,4230.0,0.09385342789598108,12,2014,Thursday
2014-12-19,FOODS_2,391.0,4462.0,0.08762886597938144,12,2014,Friday
2014-12-20,FOODS_2,579.0,4398.0,0.13165075034106413,12,2014,Saturday
2014-12-21,FOODS_2,599.0,4310.0,0.13897911832946636,12,2014,Sunday
2014-12-22,FOODS_2,472.0,4264.0,0.11069418386491557,12,2014,Monday
2014-12-23,FOODS_2,422.0,4220.0,0.1,12,2014,Tuesday
2014-12-24,FOODS_2,307.0,4456.0,0.06889587073608618,12,2014,Wednesday
2014-12-25,FOODS_2,0.0,4399.0,0.0,12,2014,Thursday
2014-12-26,FOODS_2,366.0,4325.0,0.0846242774566474,12,2014,Friday
2014-12-27,FOODS_2,472.0,4274.0,0.11043518951801591,12,2014,Saturday
2014-12-28,FOODS_2,501.0,4230.0,0.11843971631205674,12,2014,Sunday
2014-12-29,FOODS_2,483.0,4477.0,0.10788474424838061,12,2014,Monday
2014-12-30,FOODS_2,429.0,4418.0,0.09710276143051154,12,2014,Tuesday
2014-12-31,FOODS_2,485.0,4339.0,0.11177690712145656,12,2014,Wednesday
2015-01-01,FOODS_2,405.0,4272.0,0.09480337078651685,1,2015,Thursday
2015-01-02,FOODS_2,620.0,4228.0,0.1466414380321665,1,2015,Friday
2015-01-03,FOODS_2,718.0,4474.0,0.16048278945015645,1,2015,Saturday
2015-01-04,FOODS_2,696.0,4405.0,0.1580022701475596,1,2015,Sunday
2015-01-05,FOODS_2,529.0,4325.0,0.1223121387283237,1,2015,Monday
2015-01-06,FOODS_2,472.0,4254.0,0.11095439586271744,1,2015,Tuesday
2015-01-07,FOODS_2,457.0,4211.0,0.10852529090477321,1,2015,Wednesday
2015-01-08,FOODS_2,401.0,4449.0,0.09013261407057765,1,2015,Thursday
2015-01-09,FOODS_2,455.0,4393.0,0.10357386751650353,1,2015,Friday
2015-01-10,FOODS_2,662.0,4329.0,0.15292215292215292,1,2015,Saturday
2015-01-11,FOODS_2,696.0,4273.0,0.16288322021998597,1,2015,Sunday
2015-01-12,FOODS_2,493.0,4241.0,0.11624616835651969,1,2015,Monday
2015-01-13,FOODS_2,389.0,4476.0,0.08690795352993744,1,2015,Tuesday
2015-01-14,FOODS_2,346.0,4398.0,0.07867212369258754,1,2015,Wednesday
2015-01-15,FOODS_2,384.0,4301.0,0.08928156242734248,1,2015,Thursday
2015-01-16,FOODS_2,473.0,4258.0,0.11108501643964303,1,2015,Friday
2015-01-17,FOODS_2,492.0,4215.0,0.11672597864768683,1,2015,Saturday
2015-01-18,FOODS_2,612.0,4449.0,0.1375590020229265,1,2015,Sunday
2015-01-19,FOODS_2,485.0,4390.0,0.11047835990888383,1,2015,Monday
2015-01-20,FOODS_2,350.0,4310.0,0.08120649651972157,1,2015,Tuesday
2015-01-21,FOODS_2,303.0,4257.0,0.0711768851303735,1,2015,Wednesday
2015-01-22,FOODS_2,296.0,4222.0,0.07010895310279489,1,2015,Thursday
2015-01-23,FOODS_2,348.0,4460.0,0.07802690582959641,1,2015,Friday
2015-01-24,FOODS_2,568.0,4413.0,0.1287106276909132,1,2015,Saturday
2015-01-25,FOODS_2,567.0,4336.0,0.13076568265682656,1,2015,Sunday
2015-01-26,FOODS_2,372.0,4282.0,0.08687529191966371,1,2015,Monday
2015-01-27,FOODS_2,303.0,4235.0,0.07154663518299882,1,2015,Tuesday
2015-01-28,FOODS_2,322.0,4479.0,0.07189104710872962,1,2015,Wednesday
2015-01-29,FOODS_2,278.0,4424.0,0.0628390596745027,1,2015,Thursday
2015-01-30,FOODS_2,382.0,4332.0,0.08818097876269622,1,2015,Friday
2015-01-31,FOODS_2,588.0,4270.0,0.1377049180327869,1,2015,Saturday
2015-02-01,FOODS_2,555.0,4235.0,0.13105076741440377,2,2015,Sunday
2015-02-02,FOODS_2,402.0,4488.0,0.08957219251336898,2,2015,Monday
2015-02-03,FOODS_2,509.0,4427.0,0.11497628190648294,2,2015,Tuesday
2015-02-04,FOODS_2,420.0,4353.0,0.09648518263266713,2,2015,Wednesday
2015-02-05,FOODS_2,450.0,4299.0,0.104675505931612,2,2015,Thursday
2015-02-06,FOODS_2,419.0,4253.0,0.09851869268751469,2,2015,Friday
2015-02-07,FOODS_2,672.0,4486.0,0.14979937583593403,2,2015,Saturday
2015-02-08,FOODS_2,771.0,4428.0,0.17411924119241193,2,2015,Sunday
2015-02-09,FOODS_2,624.0,4358.0,0.143184947223497,2,2015,Monday
2015-02-10,FOODS_2,420.0,4295.0,0.09778812572759023,2,2015,Tuesday
2015-02-11,FOODS_2,416.0,4251.0,0.09785932721712538,2,2015,Wednesday
2015-02-12,FOODS_2,373.0,4484.0,0.08318465655664585,2,2015,Thursday
2015-02-13,FOODS_2,409.0,4422.0,0.09249208502939846,2,2015,Friday
2015-02-14,FOODS_2,470.0,4355.0,0.1079219288174512,2,2015,Saturday
2015-02-15,FOODS_2,566.0,4290.0,0.13193473193473193,2,2015,Sunday
2015-02-16,FOODS_2,434.0,4246.0,0.10221384832783796,2,2015,Monday
2015-02-17,FOODS_2,339.0,4475.0,0.07575418994413408,2,2015,Tuesday
2015-02-18,FOODS_2,359.0,4431.0,0.08102008575942225,2,2015,Wednesday
2015-02-19,FOODS_2,338.0,4352.0,0.07766544117647059,2,2015,Thursday
2015-02-20,FOODS_2,417.0,4295.0,0.09708963911525029,2,2015,Friday
2015-02-21,FOODS_2,503.0,4243.0,0.11854819703040302,2,2015,Saturday
2015-02-22,FOODS_2,578.0,4481.0,0.1289890649408614,2,2015,Sunday
2015-02-23,FOODS_2,371.0,4431.0,0.08372827804107424,2,2015,Monday
2015-02-24,FOODS_2,306.0,4369.0,0.07003891050583658,2,2015,Tuesday
2015-02-25,FOODS_2,333.0,4319.0,0.07710118082889558,2,2015,Wednesday
2015-02-26,FOODS_2,311.0,4280.0,0.07266355140186916,2,2015,Thursday
2015-02-27,FOODS_2,426.0,4515.0,0.09435215946843854,2,2015,Friday
2015-02-28,FOODS_2,650.0,4445.0,0.14623172103487064,2,2015,Saturday
2015-03-01,FOODS_2,688.0,4376.0,0.15722120658135283,3,2015,Sunday
2015-03-02,FOODS_2,507.0,4315.0,0.11749710312862109,3,2015,Monday
2015-03-03,FOODS_2,405.0,4269.0,0.09486999297259312,3,2015,Tuesday
2015-03-04,FOODS_2,449.0,4505.0,0.09966703662597114,3,2015,Wednesday
2015-03-05,FOODS_2,423.0,4459.0,0.09486431935411527,3,2015,Thursday
2015-03-06,FOODS_2,515.0,4396.0,0.11715195632393084,3,2015,Friday
2015-03-07,FOODS_2,655.0,4338.0,0.15099124020285845,3,2015,Saturday
2015-03-08,FOODS_2,742.0,4294.0,0.1727992547741034,3,2015,Sunday
2015-03-09,FOODS_2,526.0,4530.0,0.11611479028697572,3,2015,Monday
2015-03-10,FOODS_2,471.0,4482.0,0.10508701472556894,3,2015,Tuesday
2015-03-11,FOODS_2,417.0,4411.0,0.09453638630695987,3,2015,Wednesday
2015-03-12,FOODS_2,384.0,4351.0,0.08825557343139508,3,2015,Thursday
2015-03-13,FOODS_2,490.0,4311.0,0.11366272326606355,3,2015,Friday
2015-03-14,FOODS_2,470.0,4530.0,0.10375275938189846,3,2015,Saturday
2015-03-15,FOODS_2,663.0,4477.0,0.1480902389993299,3,2015,Sunday
2015-03-16,FOODS_2,465.0,4396.0,0.10577797998180163,3,2015,Monday
2015-03-17,FOODS_2,363.0,4328.0,0.08387245841035121,3,2015,Tuesday
2015-03-18,FOODS_2,375.0,4289.0,0.08743296805782233,3,2015,Wednesday
2015-03-19,FOODS_2,327.0,4531.0,0.07216949900684176,3,2015,Thursday
2015-03-20,FOODS_2,435.0,4474.0,0.09722843093428699,3,2015,Friday
2015-03-21,FOODS_2,603.0,4386.0,0.1374829001367989,3,2015,Saturday
2015-03-22,FOODS_2,643.0,4336.0,0.14829335793357934,3,2015,Sunday
2015-03-23,FOODS_2,445.0,4290.0,0.10372960372960373,3,2015,Monday
2015-03-24,FOODS_2,355.0,4514.0,0.07864421798848029,3,2015,Tuesday
2015-03-25,FOODS_2,377.0,4459.0,0.08454810495626822,3,2015,Wednesday
2015-03-26,FOODS_2,344.0,4379.0,0.07855674811600823,3,2015,Thursday
2015-03-27,FOODS_2,445.0,4319.0,0.10303310951609168,3,2015,Friday
2015-03-28,FOODS_2,510.0,4289.0,0.11890883655863838,3,2015,Saturday
2015-03-29,FOODS_2,604.0,4531.0,0.13330390642242332,3,2015,Sunday
2015-03-30,FOODS_2,476.0,4470.0,0.10648769574944071,3,2015,Monday
2015-03-31,FOODS_2,442.0,4397.0,0.10052308392085513,3,2015,Tuesday
2015-04-01,FOODS_2,517.0,4331.0,0.11937196952205033,4,2015,Wednesday
2015-04-02,FOODS_2,432.0,4286.0,0.10079328044797013,4,2015,Thursday
2015-04-03,FOODS_2,625.0,4525.0,0.13812154696132597,4,2015,Friday
2015-04-04,FOODS_2,686.0,4465.0,0.1536394176931691,4,2015,Saturday
2015-04-05,FOODS_2,500.0,4393.0,0.11381743683132256,4,2015,Sunday
2015-04-06,FOODS_2,539.0,4338.0,0.12425080682342093,4,2015,Monday
2015-04-07,FOODS_2,480.0,4286.0,0.11199253383107793,4,2015,Tuesday
2015-04-08,FOODS_2,474.0,4544.0,0.10431338028169014,4,2015,Wednesday
2015-04-09,FOODS_2,486.0,4470.0,0.1087248322147651,4,2015,Thursday
2015-04-10,FOODS_2,579.0,4399.0,0.1316208229142987,4,2015,Friday
2015-04-11,FOODS_2,627.0,4322.0,0.14507172605275334,4,2015,Saturday
2015-04-12,FOODS_2,679.0,4279.0,0.15868193503154943,4,2015,Sunday
2015-04-13,FOODS_2,457.0,4524.0,0.10101679929266136,4,2015,Monday
2015-04-14,FOODS_2,379.0,4466.0,0.08486341244961934,4,2015,Tuesday
2015-04-15,FOODS_2,388.0,4380.0,0.08858447488584476,4,2015,Wednesday
2015-04-16,FOODS_2,343.0,4331.0,0.07919649041791733,4,2015,Thursday
2015-04-17,FOODS_2,409.0,4286.0,0.09542697153523098,4,2015,Friday
2015-04-18,FOODS_2,576.0,4496.0,0.12811387900355872,4,2015,Saturday
2015-04-19,FOODS_2,736.0,4438.0,0.1658404686795854,4,2015,Sunday
2015-04-20,FOODS_2,507.0,4368.0,0.11607142857142858,4,2015,Monday
2015-04-21,FOODS_2,460.0,4317.0,0.10655547834144082,4,2015,Tuesday
2015-04-22,FOODS_2,408.0,4264.0,0.09568480300187618,4,2015,Wednesday
2015-04-23,FOODS_2,444.0,4510.0,0.09844789356984479,4,2015,Thursday
2015-04-24,FOODS_2,462.0,4461.0,0.10356422326832548,4,2015,Friday
2015-04-25,FOODS_2,738.0,4392.0,0.1680327868852459,4,2015,Saturday
2015-04-26,FOODS_2,592.0,4326.0,0.1368469717984281,4,2015,Sunday
2015-04-27,FOODS_2,449.0,4279.0,0.10493105865856509,4,2015,Monday
2015-04-28,FOODS_2,367.0,4498.0,0.08159181858603824,4,2015,Tuesday
2015-04-29,FOODS_2,409.0,4433.0,0.09226257613354387,4,2015,Wednesday
2015-04-30,FOODS_2,323.0,4351.0,0.07423580786026202,4,2015,Thursday
2015-05-01,FOODS_2,572.0,4296.0,0.13314711359404097,5,2015,Friday
2015-05-02,FOODS_2,727.0,4243.0,0.17134103228847514,5,2015,Saturday
2015-05-03,FOODS_2,745.0,4485.0,0.16610925306577481,5,2015,Sunday
2015-05-04,FOODS_2,652.0,4424.0,0.14737793851717904,5,2015,Monday
2015-05-05,FOODS_2,512.0,4344.0,0.11786372007366483,5,2015,Tuesday
2015-05-06,FOODS_2,487.0,4269.0,0.11407823846334036,5,2015,Wednesday
2015-05-07,FOODS_2,548.0,4234.0,0.12942843646669816,5,2015,Thursday
2015-05-08,FOODS_2,506.0,4478.0,0.11299687360428763,5,2015,Friday
2015-05-09,FOODS_2,711.0,4421.0,0.16082334313503732,5,2015,Saturday
2015-05-10,FOODS_2,593.0,4340.0,0.13663594470046084,5,2015,Sunday
2015-05-11,FOODS_2,526.0,4284.0,0.12278244631185807,5,2015,Monday
2015-05-12,FOODS_2,399.0,4235.0,0.09421487603305785,5,2015,Tuesday
2015-05-13,FOODS_2,410.0,4479.0,0.09153828979682965,5,2015,Wednesday
2015-05-14,FOODS_2,357.0,4422.0,0.0807327001356852,5,2015,Thursday
2015-05-15,FOODS_2,453.0,4349.0,0.10416187629340078,5,2015,Friday
2015-05-16,FOODS_2,621.0,4278.0,0.14516129032258066,5,2015,Saturday
2015-05-17,FOODS_2,595.0,4242.0,0.14026402640264027,5,2015,Sunday
2015-05-18,FOODS_2,477.0,4469.0,0.1067352875363616,5,2015,Monday
2015-05-19,FOODS_2,409.0,4409.0,0.09276479927421184,5,2015,Tuesday
2015-05-20,FOODS_2,338.0,4343.0,0.07782638728989177,5,2015,Wednesday
2015-05-21,FOODS_2,378.0,4290.0,0.08811188811188811,5,2015,Thursday
2015-05-22,FOODS_2,483.0,4255.0,0.11351351351351352,5,2015,Friday
2015-05-23,FOODS_2,542.0,4504.0,0.12033747779751332,5,2015,Saturday
2015-05-24,FOODS_2,486.0,4443.0,0.10938555030384875,5,2015,Sunday
2015-05-25,FOODS_2,508.0,4368.0,0.1163003663003663,5,2015,Monday
2015-05-26,FOODS_2,427.0,4295.0,0.09941792782305006,5,2015,Tuesday
2015-05-27,FOODS_2,376.0,4239.0,0.08870016513328616,5,2015,Wednesday
2015-05-28,FOODS_2,312.0,4479.0,0.06965840589417281,5,2015,Thursday
2015-05-29,FOODS_2,358.0,4429.0,0.08083088733348386,5,2015,Friday
2015-05-30,FOODS_2,518.0,4346.0,0.11919005982512655,5,2015,Saturday
2015-05-31,FOODS_2,583.0,4280.0,0.13621495327102803,5,2015,Sunday
2015-06-01,FOODS_2,552.0,4238.0,0.13025011798017933,6,2015,Monday
2015-06-02,FOODS_2,456.0,4492.0,0.10151380231522707,6,2015,Tuesday
2015-06-03,FOODS_2,412.0,4414.0,0.09333937471681016,6,2015,Wednesday
2015-06-04,FOODS_2,410.0,4350.0,0.09425287356321839,6,2015,Thursday
2015-06-05,FOODS_2,480.0,4299.0,0.11165387299371947,6,2015,Friday
2015-06-06,FOODS_2,584.0,4248.0,0.1374764595103578,6,2015,Saturday
2015-06-07,FOODS_2,646.0,4474.0,0.14438980777827448,6,2015,Sunday
2015-06-08,FOODS_2,476.0,4406.0,0.10803449841125738,6,2015,Monday
2015-06-09,FOODS_2,490.0,4331.0,0.11313784345416762,6,2015,Tuesday
2015-06-10,FOODS_2,457.0,4280.0,0.10677570093457944,6,2015,Wednesday
2015-06-11,FOODS_2,371.0,4227.0,0.08776910338301395,6,2015,Thursday
2015-06-12,FOODS_2,442.0,4440.0,0.09954954954954955,6,2015,Friday
2015-06-13,FOODS_2,496.0,4376.0,0.113345521023766,6,2015,Saturday
2015-06-14,FOODS_2,628.0,4298.0,0.14611447184737086,6,2015,Sunday
2015-06-15,FOODS_2,593.0,4254.0,0.13939821344616832,6,2015,Monday
2015-06-16,FOODS_2,380.0,4222.0,0.09000473709142587,6,2015,Tuesday
2015-06-17,FOODS_2,402.0,4460.0,0.09013452914798206,6,2015,Wednesday
2015-06-18,FOODS_2,376.0,4389.0,0.08566871724766462,6,2015,Thursday
2015-06-19,FOODS_2,436.0,4317.0,0.10099606208014825,6,2015,Friday
2015-06-20,FOODS_2,471.0,4255.0,0.11069330199764982,6,2015,Saturday
2015-06-21,FOODS_2,489.0,4217.0,0.11595921271045767,6,2015,Sunday
2015-06-22,FOODS_2,470.0,4455.0,0.10549943883277217,6,2015,Monday
2015-06-23,FOODS_2,418.0,4396.0,0.09508644222020018,6,2015,Tuesday
2015-06-24,FOODS_2,350.0,4323.0,0.08096229470275272,6,2015,Wednesday
2015-06-25,FOODS_2,388.0,4280.0,0.09065420560747664,6,2015,Thursday
2015-06-26,FOODS_2,424.0,4245.0,0.09988221436984687,6,2015,Friday
2015-06-27,FOODS_2,539.0,4465.0,0.12071668533034714,6,2015,Saturday
2015-06-28,FOODS_2,547.0,4398.0,0.12437471577989996,6,2015,Sunday
2015-06-29,FOODS_2,376.0,4318.0,0.08707735062528948,6,2015,Monday
2015-06-30,FOODS_2,333.0,4259.0,0.07818736792674337,6,2015,Tuesday
2015-07-01,FOODS_2,418.0,4207.0,0.09935821250297124,7,2015,Wednesday
2015-07-02,FOODS_2,484.0,4439.0,0.10903356611849516,7,2015,Thursday
2015-07-03,FOODS_2,553.0,4384.0,0.1261405109489051,7,2015,Friday
2015-07-04,FOODS_2,391.0,4299.0,0.09095138404280065,7,2015,Saturday
2015-07-05,FOODS_2,594.0,4246.0,0.13989637305699482,7,2015,Sunday
2015-07-06,FOODS_2,655.0,4195.0,0.15613825983313467,7,2015,Monday
2015-07-07,FOODS_2,538.0,4451.0,0.12087171422152325,7,2015,Tuesday
2015-07-08,FOODS_2,422.0,4395.0,0.09601820250284414,7,2015,Wednesday
2015-07-09,FOODS_2,470.0,4327.0,0.1086202911948232,7,2015,Thursday
2015-07-10,FOODS_2,437.0,4270.0,0.10234192037470725,7,2015,Friday
2015-07-11,FOODS_2,562.0,4229.0,0.13289193662804447,7,2015,Saturday
2015-07-12,FOODS_2,597.0,4459.0,0.13388652164162368,7,2015,Sunday
2015-07-13,FOODS_2,479.0,4389.0,0.10913647755753018,7,2015,Monday
2015-07-14,FOODS_2,440.0,4312.0,0.10204081632653061,7,2015,Tuesday
2015-07-15,FOODS_2,451.0,4258.0,0.10591827148896195,7,2015,Wednesday
2015-07-16,FOODS_2,383.0,4221.0,0.09073679222932954,7,2015,Thursday
2015-07-17,FOODS_2,420.0,4456.0,0.09425493716337523,7,2015,Friday
2015-07-18,FOODS_2,450.0,4399.0,0.10229597635826324,7,2015,Saturday
2015-07-19,FOODS_2,559.0,4298.0,0.13006049325267566,7,2015,Sunday
2015-07-20,FOODS_2,466.0,4246.0,0.10975035327366933,7,2015,Monday
2015-07-21,FOODS_2,440.0,4205.0,0.10463733650416171,7,2015,Tuesday
2015-07-22,FOODS_2,380.0,4473.0,0.08495416946121172,7,2015,Wednesday
2015-07-23,FOODS_2,345.0,4421.0,0.07803664329337254,7,2015,Thursday
2015-07-24,FOODS_2,405.0,4348.0,0.09314627414903404,7,2015,Friday
2015-07-25,FOODS_2,424.0,4304.0,0.09851301115241635,7,2015,Saturday
2015-07-26,FOODS_2,524.0,4259.0,0.12303357595679737,7,2015,Sunday
2015-07-27,FOODS_2,421.0,4500.0,0.09355555555555556,7,2015,Monday
2015-07-28,FOODS_2,404.0,4440.0,0.09099099099099099,7,2015,Tuesday
2015-07-29,FOODS_2,312.0,4371.0,0.07137954701441318,7,2015,Wednesday
2015-07-30,FOODS_2,413.0,4309.0,0.09584590392202368,7,2015,Thursday
2015-07-31,FOODS_2,455.0,4256.0,0.1069078947368421,7,2015,Friday
2015-08-01,FOODS_2,538.0,4475.0,0.12022346368715084,8,2015,Saturday
2015-08-02,FOODS_2,715.0,4419.0,0.16180131251414348,8,2015,Sunday
2015-08-03,FOODS_2,639.0,4343.0,0.1471333179829611,8,2015,Monday
2015-08-04,FOODS_2,542.0,4296.0,0.12616387337057727,8,2015,Tuesday
2015-08-05,FOODS_2,486.0,4249.0,0.11437985408331372,8,2015,Wednesday
2015-08-06,FOODS_2,492.0,4454.0,0.1104625056129322,8,2015,Thursday
2015-08-07,FOODS_2,549.0,4407.0,0.12457454050374404,8,2015,Friday
2015-08-08,FOODS_2,683.0,4325.0,0.15791907514450867,8,2015,Saturday
2015-08-09,FOODS_2,737.0,4265.0,0.17280187573270808,8,2015,Sunday
2015-08-10,FOODS_2,564.0,4228.0,0.13339640491958374,8,2015,Monday
2015-08-11,FOODS_2,494.0,4427.0,0.11158798283261803,8,2015,Tuesday
2015-08-12,FOODS_2,473.0,4369.0,0.10826276035706112,8,2015,Wednesday
2015-08-13,FOODS_2,389.0,4290.0,0.09067599067599068,8,2015,Thursday
2015-08-14,FOODS_2,430.0,4236.0,0.10151085930122758,8,2015,Friday
2015-08-15,FOODS_2,490.0,4188.0,0.11700095510983763,8,2015,Saturday
2015-08-16,FOODS_2,575.0,4380.0,0.1312785388127854,8,2015,Sunday
2015-08-17,FOODS_2,464.0,4315.0,0.10753186558516802,8,2015,Monday
2015-08-18,FOODS_2,415.0,4244.0,0.09778510838831292,8,2015,Tuesday
2015-08-19,FOODS_2,395.0,4194.0,0.09418216499761564,8,2015,Wednesday
2015-08-20,FOODS_2,415.0,4146.0,0.1000964785335263,8,2015,Thursday
2015-08-21,FOODS_2,456.0,4340.0,0.10506912442396313,8,2015,Friday
2015-08-22,FOODS_2,561.0,4281.0,0.13104414856341975,8,2015,Saturday
2015-08-23,FOODS_2,728.0,4210.0,0.17292161520190025,8,2015,Sunday
2015-08-24,FOODS_2,485.0,4148.0,0.11692381870781099,8,2015,Monday
2015-08-25,FOODS_2,368.0,4114.0,0.08945065629557608,8,2015,Tuesday
2015-08-26,FOODS_2,309.0,4300.0,0.07186046511627907,8,2015,Wednesday
2015-08-27,FOODS_2,345.0,4242.0,0.08132956152758133,8,2015,Thursday
2015-08-28,FOODS_2,441.0,4169.0,0.1057807627728472,8,2015,Friday
2015-08-29,FOODS_2,536.0,4106.0,0.13054067218704335,8,2015,Saturday
2015-08-30,FOODS_2,650.0,4058.0,0.16017742730409068,8,2015,Sunday
2015-08-31,FOODS_2,463.0,4249.0,0.1089668157213462,8,2015,Monday
2015-09-01,FOODS_2,495.0,4191.0,0.11811023622047244,9,2015,Tuesday
2015-09-02,FOODS_2,461.0,4124.0,0.11178467507274491,9,2015,Wednesday
2015-09-03,FOODS_2,531.0,4062.0,0.1307237813884786,9,2015,Thursday
2015-09-04,FOODS_2,611.0,4016.0,0.1521414342629482,9,2015,Friday
2015-09-05,FOODS_2,673.0,4208.0,0.1599334600760456,9,2015,Saturday
2015-09-06,FOODS_2,535.0,4154.0,0.1287915262397689,9,2015,Sunday
2015-09-07,FOODS_2,629.0,4071.0,0.15450749201670352,9,2015,Monday
2015-09-08,FOODS_2,548.0,4013.0,0.13655619237478195,9,2015,Tuesday
2015-09-09,FOODS_2,486.0,3979.0,0.12214124151796935,9,2015,Wednesday
2015-09-10,FOODS_2,510.0,4192.0,0.12166030534351145,9,2015,Thursday
2015-09-11,FOODS_2,516.0,4135.0,0.12478839177750907,9,2015,Friday
2015-09-12,FOODS_2,692.0,4062.0,0.17035942885278188,9,2015,Saturday
2015-09-13,FOODS_2,752.0,4000.0,0.188,9,2015,Sunday
2015-09-14,FOODS_2,523.0,3957.0,0.13217083649229214,9,2015,Monday
2015-09-15,FOODS_2,483.0,4146.0,0.11649782923299566,9,2015,Tuesday
2015-09-16,FOODS_2,383.0,4083.0,0.0938035758021063,9,2015,Wednesday
2015-09-17,FOODS_2,433.0,4025.0,0.1075776397515528,9,2015,Thursday
2015-09-18,FOODS_2,535.0,3958.0,0.13516927741283477,9,2015,Friday
2015-09-19,FOODS_2,642.0,3917.0,0.16390094460045954,9,2015,Saturday
2015-09-20,FOODS_2,706.0,4108.0,0.17185978578383643,9,2015,Sunday
2015-09-21,FOODS_2,435.0,4041.0,0.10764662212323682,9,2015,Monday
2015-09-22,FOODS_2,454.0,3961.0,0.11461752082807372,9,2015,Tuesday
2015-09-23,FOODS_2,381.0,3904.0,0.09759221311475409,9,2015,Wednesday
2015-09-24,FOODS_2,365.0,3857.0,0.09463313456053928,9,2015,Thursday
2015-09-25,FOODS_2,435.0,4036.0,0.10777998017839445,9,2015,Friday
2015-09-26,FOODS_2,609.0,3989.0,0.15266984206568063,9,2015,Saturday
2015-09-27,FOODS_2,710.0,3929.0,0.1807075591753627,9,2015,Sunday
2015-09-28,FOODS_2,491.0,3871.0,0.12684060966158614,9,2015,Monday
2015-09-29,FOODS_2,470.0,3830.0,0.1227154046997389,9,2015,Tuesday
2015-09-30,FOODS_2,428.0,4004.0,0.1068931068931069,9,2015,Wednesday
2015-10-01,FOODS_2,480.0,3950.0,0.12151898734177215,10,2015,Thursday
2015-10-02,FOODS_2,643.0,3866.0,0.16632177961717537,10,2015,Friday
2015-10-03,FOODS_2,785.0,3796.0,0.20679662802950474,10,2015,Saturday
2015-10-04,FOODS_2,892.0,3754.0,0.23761321257325518,10,2015,Sunday
2015-10-05,FOODS_2,750.0,3940.0,0.19035532994923857,10,2015,Monday
2015-10-06,FOODS_2,649.0,3886.0,0.1670097786927432,10,2015,Tuesday
2015-10-07,FOODS_2,515.0,3823.0,0.13471095997907404,10,2015,Wednesday
2015-10-08,FOODS_2,431.0,3752.0,0.11487206823027718,10,2015,Thursday
2015-10-09,FOODS_2,527.0,3712.0,0.1419719827586207,10,2015,Friday
2015-10-10,FOODS_2,667.0,3908.0,0.17067553735926305,10,2015,Saturday
2015-10-11,FOODS_2,759.0,3844.0,0.19745057232049948,10,2015,Sunday
2015-10-12,FOODS_2,662.0,3778.0,0.17522498676548437,10,2015,Monday
2015-10-13,FOODS_2,460.0,3727.0,0.12342366514623021,10,2015,Tuesday
2015-10-14,FOODS_2,374.0,3680.0,0.10163043478260869,10,2015,Wednesday
2015-10-15,FOODS_2,411.0,3856.0,0.10658713692946058,10,2015,Thursday
2015-10-16,FOODS_2,434.0,3805.0,0.11406044678055191,10,2015,Friday
2015-10-17,FOODS_2,694.0,3728.0,0.1861587982832618,10,2015,Saturday
2015-10-18,FOODS_2,789.0,3658.0,0.21569163477310005,10,2015,Sunday
2015-10-19,FOODS_2,483.0,3610.0,0.1337950138504155,10,2015,Monday
2015-10-20,FOODS_2,452.0,3804.0,0.11882229232386961,10,2015,Tuesday
2015-10-21,FOODS_2,456.0,3737.0,0.12202301311212202,10,2015,Wednesday
2015-10-22,FOODS_2,370.0,3660.0,0.10109289617486339,10,2015,Thursday
2015-10-23,FOODS_2,480.0,3595.0,0.13351877607788595,10,2015,Friday
2015-10-24,FOODS_2,527.0,3563.0,0.14790906539433063,10,2015,Saturday
2015-10-25,FOODS_2,639.0,3761.0,0.16990162190906674,10,2015,Sunday
2015-10-26,FOODS_2,535.0,3701.0,0.14455552553363957,10,2015,Monday
2015-10-27,FOODS_2,475.0,3631.0,0.13081795648581657,10,2015,Tuesday
2015-10-28,FOODS_2,342.0,3577.0,0.09561084707855745,10,2015,Wednesday
2015-10-29,FOODS_2,359.0,3534.0,0.10158460667798529,10,2015,Thursday
2015-10-30,FOODS_2,489.0,3716.0,0.13159311087190528,10,2015,Friday
2015-10-31,FOODS_2,526.0,3644.0,0.14434687156970363,10,2015,Saturday
2015-11-01,FOODS_2,688.0,3578.0,0.19228619340413639,11,2015,Sunday
2015-11-02,FOODS_2,575.0,3514.0,0.16363118952760386,11,2015,Monday
2015-11-03,FOODS_2,622.0,3465.0,0.1795093795093795,11,2015,Tuesday
2015-11-04,FOODS_2,525.0,3618.0,0.1451077943615257,11,2015,Wednesday
2015-11-05,FOODS_2,440.0,3555.0,0.12376933895921238,11,2015,Thursday
2015-11-06,FOODS_2,555.0,3481.0,0.15943694340706693,11,2015,Friday
2015-11-07,FOODS_2,670.0,3418.0,0.1960210649502633,11,2015,Saturday
2015-11-08,FOODS_2,749.0,3372.0,0.22212336892052195,11,2015,Sunday
2015-11-09,FOODS_2,570.0,3536.0,0.16119909502262444,11,2015,Monday
2015-11-10,FOODS_2,537.0,3483.0,0.15417743324720068,11,2015,Tuesday
2015-11-11,FOODS_2,519.0,3405.0,0.1524229074889868,11,2015,Wednesday
2015-11-12,FOODS_2,347.0,3340.0,0.10389221556886227,11,2015,Thursday
2015-11-13,FOODS_2,442.0,3290.0,0.13434650455927052,11,2015,Friday
2015-11-14,FOODS_2,617.0,3506.0,0.1759840273816315,11,2015,Saturday
2015-11-15,FOODS_2,729.0,3440.0,0.2119186046511628,11,2015,Sunday
2015-11-16,FOODS_2,491.0,3370.0,0.1456973293768546,11,2015,Monday
2015-11-17,FOODS_2,385.0,3322.0,0.11589403973509933,11,2015,Tuesday
2015-11-18,FOODS_2,388.0,3272.0,0.11858190709046455,11,2015,Wednesday
2015-11-19,FOODS_2,375.0,3440.0,0.10901162790697674,11,2015,Thursday
2015-11-20,FOODS_2,484.0,3372.0,0.1435349940688019,11,2015,Friday
2015-11-21,FOODS_2,548.0,3293.0,0.1664136046158518,11,2015,Saturday
2015-11-22,FOODS_2,692.0,3245.0,0.213251155624037,11,2015,Sunday
2015-11-23,FOODS_2,572.0,3205.0,0.17847113884555382,11,2015,Monday
2015-11-24,FOODS_2,499.0,3400.0,0.14676470588235294,11,2015,Tuesday
2015-11-25,FOODS_2,405.0,3331.0,0.1215851095767037,11,2015,Wednesday
2015-11-26,FOODS_2,136.0,3267.0,0.0416284052647689,11,2015,Thursday
2015-11-27,FOODS_2,220.0,3206.0,0.06862133499688085,11,2015,Friday
2015-11-28,FOODS_2,396.0,3158.0,0.12539582013932868,11,2015,Saturday
2015-11-29,FOODS_2,613.0,3327.0,0.18425007514277125,11,2015,Sunday
2015-11-30,FOODS_2,502.0,3265.0,0.1537519142419602,11,2015,Monday
2015-12-01,FOODS_2,490.0,3190.0,0.1536050156739812,12,2015,Tuesday
2015-12-02,FOODS_2,461.0,3132.0,0.1471902937420179,12,2015,Wednesday
2015-12-03,FOODS_2,502.0,3092.0,0.16235446313065977,12,2015,Thursday
2015-12-04,FOODS_2,532.0,3246.0,0.16389402341343193,12,2015,Friday
2015-12-05,FOODS_2,657.0,3173.0,0.20705956508036558,12,2015,Saturday
2015-12-06,FOODS_2,729.0,3104.0,0.2348582474226804,12,2015,Sunday
2015-12-07,FOODS_2,618.0,3042.0,0.20315581854043394,12,2015,Monday
2015-12-08,FOODS_2,438.0,3003.0,0.14585414585414586,12,2015,Tuesday
2015-12-09,FOODS_2,434.0,3180.0,0.13647798742138365,12,2015,Wednesday
2015-12-10,FOODS_2,406.0,3100.0,0.13096774193548388,12,2015,Thursday
2015-12-11,FOODS_2,447.0,3024.0,0.14781746031746032,12,2015,Friday
2015-12-12,FOODS_2,522.0,2973.0,0.17558022199798184,12,2015,Saturday
2015-12-13,FOODS_2,628.0,2930.0,0.2143344709897611,12,2015,Sunday
2015-12-14,FOODS_2,501.0,3105.0,0.16135265700483092,12,2015,Monday
2015-12-15,FOODS_2,475.0,3049.0,0.15578878320760906,12,2015,Tuesday
2015-12-16,FOODS_2,453.0,2989.0,0.15155570424891268,12,2015,Wednesday
2015-12-17,FOODS_2,419.0,2923.0,0.14334587752309272,12,2015,Thursday
2015-12-18,FOODS_2,392.0,2880.0,0.1361111111111111,12,2015,Friday
2015-12-19,FOODS_2,593.0,3053.0,0.1942351785129381,12,2015,Saturday
2015-12-20,FOODS_2,564.0,3007.0,0.1875623545061523,12,2015,Sunday
2015-12-21,FOODS_2,448.0,2939.0,0.15243280027220144,12,2015,Monday
2015-12-22,FOODS_2,473.0,2890.0,0.16366782006920416,12,2015,Tuesday
2015-12-23,FOODS_2,398.0,2840.0,0.14014084507042254,12,2015,Wednesday
2015-12-24,FOODS_2,326.0,2989.0,0.10906657745065239,12,2015,Thursday
2015-12-25,FOODS_2,0.0,2929.0,0.0,12,2015,Friday
2015-12-26,FOODS_2,436.0,2851.0,0.15292879691336372,12,2015,Saturday
2015-12-27,FOODS_2,497.0,2795.0,0.1778175313059034,12,2015,Sunday
2015-12-28,FOODS_2,500.0,2751.0,0.1817520901490367,12,2015,Monday
2015-12-29,FOODS_2,440.0,2905.0,0.1514629948364888,12,2015,Tuesday
2015-12-30,FOODS_2,440.0,2837.0,0.15509340853013748,12,2015,Wednesday
2015-12-31,FOODS_2,501.0,2774.0,0.1806056236481615,12,2015,Thursday
2016-01-01,FOODS_2,452.0,2725.0,0.16587155963302752,1,2016,Friday
2016-01-02,FOODS_2,665.0,2682.0,0.24794929157345263,1,2016,Saturday
2016-01-03,FOODS_2,822.0,2842.0,0.2892329345531316,1,2016,Sunday
2016-01-04,FOODS_2,619.0,2778.0,0.2228221742260619,1,2016,Monday
2016-01-05,FOODS_2,533.0,2698.0,0.19755374351371385,1,2016,Tuesday
2016-01-06,FOODS_2,511.0,2642.0,0.19341408024224072,1,2016,Wednesday
2016-01-07,FOODS_2,452.0,2602.0,0.17371252882398155,1,2016,Thursday
2016-01-08,FOODS_2,588.0,2766.0,0.21258134490238612,1,2016,Friday
2016-01-09,FOODS_2,760.0,2716.0,0.27982326951399117,1,2016,Saturday
2016-01-10,FOODS_2,803.0,2634.0,0.30485952923310555,1,2016,Sunday
2016-01-11,FOODS_2,512.0,2586.0,0.19798917246713071,1,2016,Monday
2016-01-12,FOODS_2,399.0,2539.0,0.15714848365498227,1,2016,Tuesday
2016-01-13,FOODS_2,398.0,2702.0,0.14729829755736493,1,2016,Wednesday
2016-01-14,FOODS_2,389.0,2646.0,0.14701436130007559,1,2016,Thursday
2016-01-15,FOODS_2,412.0,2584.0,0.15944272445820434,1,2016,Friday
2016-01-16,FOODS_2,623.0,2524.0,0.24683042789223456,1,2016,Saturday
2016-01-17,FOODS_2,609.0,2482.0,0.24536663980660758,1,2016,Sunday
2016-01-18,FOODS_2,544.0,2638.0,0.20621683093252463,1,2016,Monday
2016-01-19,FOODS_2,349.0,2581.0,0.13521890740023246,1,2016,Tuesday
2016-01-20,FOODS_2,447.0,2510.0,0.17808764940239044,1,2016,Wednesday
2016-01-21,FOODS_2,387.0,2460.0,0.1573170731707317,1,2016,Thursday
2016-01-22,FOODS_2,431.0,2416.0,0.17839403973509935,1,2016,Friday
2016-01-23,FOODS_2,688.0,2593.0,0.26532973389895875,1,2016,Saturday
2016-01-24,FOODS_2,621.0,2544.0,0.24410377358490565,1,2016,Sunday
2016-01-25,FOODS_2,440.0,2470.0,0.17813765182186234,1,2016,Monday
2016-01-26,FOODS_2,355.0,2424.0,0.14645214521452146,1,2016,Tuesday
2016-01-27,FOODS_2,371.0,2369.0,0.1566061629379485,1,2016,Wednesday
2016-01-28,FOODS_2,366.0,2540.0,0.14409448818897638,1,2016,Thursday
2016-01-29,FOODS_2,422.0,2489.0,0.16954600241060666,1,2016,Friday
2016-01-30,FOODS_2,674.0,2408.0,0.2799003322259136,1,2016,Saturday
2016-01-31,FOODS_2,722.0,2343.0,0.30815194195475887,1,2016,Sunday
2016-02-01,FOODS_2,548.0,2294.0,0.23888404533565824,2,2016,Monday
2016-02-02,FOODS_2,482.0,2453.0,0.1964940888707705,2,2016,Tuesday
2016-02-03,FOODS_2,466.0,2404.0,0.19384359400998336,2,2016,Wednesday
2016-02-04,FOODS_2,452.0,2320.0,0.19482758620689655,2,2016,Thursday
2016-02-05,FOODS_2,483.0,2263.0,0.21343349536014142,2,2016,Friday
2016-02-06,FOODS_2,805.0,2219.0,0.3627760252365931,2,2016,Saturday
2016-02-07,FOODS_2,620.0,2378.0,0.2607232968881413,2,2016,Sunday
2016-02-08,FOODS_2,462.0,2317.0,0.19939577039274925,2,2016,Monday
2016-02-09,FOODS_2,496.0,2243.0,0.22113241194828354,2,2016,Tuesday
2016-02-10,FOODS_2,499.0,2170.0,0.22995391705069124,2,2016,Wednesday
2016-02-11,FOODS_2,365.0,2116.0,0.1724952741020794,2,2016,Thursday
2016-02-12,FOODS_2,478.0,2243.0,0.21310744538564422,2,2016,Friday
2016-02-13,FOODS_2,588.0,2178.0,0.2699724517906336,2,2016,Saturday
2016-02-14,FOODS_2,506.0,2104.0,0.24049429657794677,2,2016,Sunday
2016-02-15,FOODS_2,536.0,2039.0,0.262873957822462,2,2016,Monday
2016-02-16,FOODS_2,432.0,1999.0,0.2161080540270135,2,2016,Tuesday
2016-02-17,FOODS_2,412.0,2148.0,0.19180633147113593,2,2016,Wednesday
2016-02-18,FOODS_2,421.0,2091.0,0.20133907221425154,2,2016,Thursday
2016-02-19,FOODS_2,436.0,2035.0,0.21425061425061426,2,2016,Friday
2016-02-20,FOODS_2,579.0,1987.0,0.29139406139909413,2,2016,Saturday
2016-02-21,FOODS_2,575.0,1946.0,0.2954779033915725,2,2016,Sunday
2016-02-22,FOODS_2,432.0,2108.0,0.2049335863377609,2,2016,Monday
2016-02-23,FOODS_2,471.0,2052.0,0.22953216374269006,2,2016,Tuesday
2016-02-24,FOODS_2,337.0,1982.0,0.17003027245206861,2,2016,Wednesday
2016-02-25,FOODS_2,337.0,1925.0,0.17506493506493506,2,2016,Thursday
2016-02-26,FOODS_2,422.0,1877.0,0.22482685135855088,2,2016,Friday
2016-02-27,FOODS_2,637.0,2004.0,0.31786427145708585,2,2016,Saturday
2016-02-28,FOODS_2,745.0,1942.0,0.38362512873326465,2,2016,Sunday
2016-02-29,FOODS_2,453.0,1870.0,0.24224598930481284,2,2016,Monday
2016-03-01,FOODS_2,474.0,1811.0,0.26173384870237437,3,2016,Tuesday
2016-03-02,FOODS_2,449.0,1763.0,0.2546795235394214,3,2016,Wednesday
2016-03-03,FOODS_2,531.0,1927.0,0.2755578619615983,3,2016,Thursday
2016-03-04,FOODS_2,553.0,1868.0,0.2960385438972163,3,2016,Friday
2016-03-05,FOODS_2,813.0,1798.0,0.4521690767519466,3,2016,Saturday
2016-03-06,FOODS_2,922.0,1739.0,0.5301897642323175,3,2016,Sunday
2016-03-07,FOODS_2,601.0,1690.0,0.35562130177514795,3,2016,Monday
2016-03-08,FOODS_2,518.0,1830.0,0.2830601092896175,3,2016,Tuesday
2016-03-09,FOODS_2,515.0,1765.0,0.29178470254957506,3,2016,Wednesday
2016-03-10,FOODS_2,471.0,1685.0,0.2795252225519288,3,2016,Thursday
2016-03-11,FOODS_2,479.0,1629.0,0.29404542664211175,3,2016,Friday
2016-03-12,FOODS_2,735.0,1582.0,0.4646017699115044,3,2016,Saturday
2016-03-13,FOODS_2,699.0,1714.0,0.40781796966161027,3,2016,Sunday
2016-03-14,FOODS_2,566.0,1659.0,0.3411693791440627,3,2016,Monday
2016-03-15,FOODS_2,422.0,1582.0,0.2667509481668774,3,2016,Tuesday
2016-03-16,FOODS_2,416.0,1503.0,0.2767797737857618,3,2016,Wednesday
2016-03-17,FOODS_2,348.0,1467.0,0.23721881390593047,3,2016,Thursday
2016-03-18,FOODS_2,474.0,1606.0,0.29514321295143214,3,2016,Friday
2016-03-19,FOODS_2,604.0,1551.0,0.3894261766602192,3,2016,Saturday
2016-03-20,FOODS_2,734.0,1481.0,0.49561107359891965,3,2016,Sunday
2016-03-21,FOODS_2,538.0,1417.0,0.3796753705010586,3,2016,Monday
2016-03-22,FOODS_2,476.0,1367.0,0.34820775420629113,3,2016,Tuesday
2016-03-23,FOODS_2,379.0,1484.0,0.2553908355795148,3,2016,Wednesday
2016-03-24,FOODS_2,418.0,1427.0,0.29292221443587946,3,2016,Thursday
2016-03-25,FOODS_2,549.0,1341.0,0.40939597315436244,3,2016,Friday
2016-03-26,FOODS_2,558.0,1286.0,0.43390357698289267,3,2016,Saturday
2016-03-27,FOODS_2,378.0,1230.0,0.3073170731707317,3,2016,Sunday
2016-03-28,FOODS_2,424.0,1320.0,0.3212121212121212,3,2016,Monday
2016-03-29,FOODS_2,413.0,1266.0,0.32622432859399686,3,2016,Tuesday
2016-03-30,FOODS_2,328.0,1212.0,0.2706270627062706,3,2016,Wednesday
2016-03-31,FOODS_2,434.0,1158.0,0.3747841105354059,3,2016,Thursday
2016-04-01,FOODS_2,575.0,1103.0,0.5213055303717135,4,2016,Friday
2016-04-02,FOODS_2,703.0,1202.0,0.5848585690515807,4,2016,Saturday
2016-04-03,FOODS_2,803.0,1133.0,0.7087378640776699,4,2016,Sunday
2016-04-04,FOODS_2,655.0,1046.0,0.6261950286806883,4,2016,Monday
2016-04-05,FOODS_2,550.0,985.0,0.5583756345177665,4,2016,Tuesday
2016-04-06,FOODS_2,552.0,937.0,0.5891141942369263,4,2016,Wednesday
2016-04-07,FOODS_2,461.0,963.0,0.4787123572170301,4,2016,Thursday
2016-04-08,FOODS_2,619.0,915.0,0.6765027322404371,4,2016,Friday
2016-04-09,FOODS_2,760.0,847.0,0.89728453364817,4,2016,Saturday
2016-04-10,FOODS_2,748.0,784.0,0.9540816326530612,4,2016,Sunday
2016-04-11,FOODS_2,573.0,737.0,0.7774762550881954,4,2016,Monday
2016-04-12,FOODS_2,496.0,741.0,0.6693657219973009,4,2016,Tuesday
2016-04-13,FOODS_2,440.0,682.0,0.6451612903225806,4,2016,Wednesday
2016-04-14,FOODS_2,373.0,606.0,0.6155115511551155,4,2016,Thursday
2016-04-15,FOODS_2,435.0,555.0,0.7837837837837838,4,2016,Friday
2016-04-16,FOODS_2,499.0,506.0,0.9861660079051383,4,2016,Saturday
2016-04-17,FOODS_2,637.0,477.0,1.3354297693920336,4,2016,Sunday
2016-04-18,FOODS_2,529.0,430.0,1.2302325581395348,4,2016,Monday
2016-04-19,FOODS_2,391.0,365.0,1.0712328767123287,4,2016,Tuesday
2016-04-20,FOODS_2,423.0,296.0,1.429054054054054,4,2016,Wednesday
2016-04-21,FOODS_2,365.0,256.0,1.42578125,4,2016,Thursday
2016-04-22,FOODS_2,489.0,125.0,3.912,4,2016,Friday
2016-04-23,FOODS_2,590.0,69.0,8.55072463768116,4,2016,Saturday
2016-04-24,FOODS_2,734.0,1.0,734.0,4,2016,Sunday
2011-01-29,FOODS_3,2268.0,823.0,2.755771567436209,1,2011,Saturday
2011-01-30,FOODS_3,2198.0,820.0,2.680487804878049,1,2011,Sunday
2011-01-31,FOODS_3,1398.0,1549.0,0.9025177533892834,1,2011,Monday
2011-02-01,FOODS_3,1607.0,1502.0,1.069906790945406,2,2011,Tuesday
2011-02-02,FOODS_3,1496.0,1901.0,0.7869542346133613,2,2011,Wednesday
2011-02-03,FOODS_3,1730.0,1828.0,0.9463894967177243,2,2011,Thursday
2011-02-04,FOODS_3,1915.0,2169.0,0.8828953434762563,2,2011,Friday
2011-02-05,FOODS_3,2952.0,2037.0,1.4491899852724595,2,2011,Saturday
2011-02-06,FOODS_3,2592.0,2358.0,1.099236641221374,2,2011,Sunday
2011-02-07,FOODS_3,1711.0,2226.0,0.7686433063791555,2,2011,Monday
2011-02-08,FOODS_3,1446.0,2536.0,0.5701892744479495,2,2011,Tuesday
2011-02-09,FOODS_3,1449.0,2379.0,0.6090794451450189,2,2011,Wednesday
2011-02-10,FOODS_3,1426.0,2665.0,0.5350844277673545,2,2011,Thursday
2011-02-11,FOODS_3,1441.0,2525.0,0.5706930693069306,2,2011,Friday
2011-02-12,FOODS_3,2052.0,2828.0,0.7256011315417256,2,2011,Saturday
2011-02-13,FOODS_3,2234.0,2695.0,0.8289424860853433,2,2011,Sunday
2011-02-14,FOODS_3,1365.0,2989.0,0.4566744730679157,2,2011,Monday
2011-02-15,FOODS_3,1231.0,2837.0,0.43390905886499825,2,2011,Tuesday
2011-02-16,FOODS_3,1162.0,3042.0,0.3819855358316897,2,2011,Wednesday
2011-02-17,FOODS_3,981.0,2894.0,0.338977194194886,2,2011,Thursday
2011-02-18,FOODS_3,1512.0,3106.0,0.4867997424339987,2,2011,Friday
2011-02-19,FOODS_3,2260.0,2950.0,0.7661016949152543,2,2011,Saturday
2011-02-20,FOODS_3,1999.0,3159.0,0.6327951883507439,2,2011,Sunday
2011-02-21,FOODS_3,1437.0,2995.0,0.47979966611018365,2,2011,Monday
2011-02-22,FOODS_3,1172.0,3182.0,0.3683218101822753,2,2011,Tuesday
2011-02-23,FOODS_3,1142.0,3034.0,0.3764007910349374,2,2011,Wednesday
2011-02-24,FOODS_3,1129.0,3250.0,0.3473846153846154,2,2011,Thursday
2011-02-25,FOODS_3,1291.0,3111.0,0.414979106396657,2,2011,Friday
2011-02-26,FOODS_3,1738.0,3334.0,0.5212957408518296,2,2011,Saturday
2011-02-27,FOODS_3,1951.0,3188.0,0.6119824341279799,2,2011,Sunday
2011-02-28,FOODS_3,1145.0,3395.0,0.33726067746686306,2,2011,Monday
2011-03-01,FOODS_3,1219.0,3249.0,0.3751923668821176,3,2011,Tuesday
2011-03-02,FOODS_3,1399.0,3442.0,0.40644973852411387,3,2011,Wednesday
2011-03-03,FOODS_3,1443.0,3270.0,0.44128440366972477,3,2011,Thursday
2011-03-04,FOODS_3,1595.0,3469.0,0.459786682040934,3,2011,Friday
2011-03-05,FOODS_3,2300.0,3315.0,0.693815987933635,3,2011,Saturday
2011-03-06,FOODS_3,2473.0,3553.0,0.6960315226569097,3,2011,Sunday
2011-03-07,FOODS_3,1548.0,3393.0,0.4562334217506631,3,2011,Monday
2011-03-08,FOODS_3,1455.0,3611.0,0.4029354749376904,3,2011,Tuesday
2011-03-09,FOODS_3,1442.0,3449.0,0.41809220063786606,3,2011,Wednesday
2011-03-10,FOODS_3,1374.0,3628.0,0.3787210584343991,3,2011,Thursday
2011-03-11,FOODS_3,1741.0,3458.0,0.5034702139965298,3,2011,Friday
2011-03-12,FOODS_3,2001.0,3662.0,0.5464227198252322,3,2011,Saturday
2011-03-13,FOODS_3,2170.0,3494.0,0.6210646823125358,3,2011,Sunday
2011-03-14,FOODS_3,1422.0,3684.0,0.38599348534201955,3,2011,Monday
2011-03-15,FOODS_3,1145.0,3521.0,0.32519170690144844,3,2011,Tuesday
2011-03-16,FOODS_3,1248.0,3726.0,0.33494363929146537,3,2011,Wednesday
2011-03-17,FOODS_3,1156.0,3546.0,0.3260011280315849,3,2011,Thursday
2011-03-18,FOODS_3,1355.0,3735.0,0.3627844712182062,3,2011,Friday
2011-03-19,FOODS_3,1959.0,3574.0,0.5481253497481813,3,2011,Saturday
2011-03-20,FOODS_3,1925.0,3786.0,0.5084521922873745,3,2011,Sunday
2011-03-21,FOODS_3,1367.0,3609.0,0.37877528401219174,3,2011,Monday
2011-03-22,FOODS_3,1084.0,3842.0,0.2821447162935971,3,2011,Tuesday
2011-03-23,FOODS_3,1074.0,3669.0,0.2927228127555192,3,2011,Wednesday
2011-03-24,FOODS_3,1009.0,3868.0,0.2608583247156153,3,2011,Thursday
2011-03-25,FOODS_3,1372.0,3681.0,0.37272480304265143,3,2011,Friday
2011-03-26,FOODS_3,1912.0,3860.0,0.49533678756476685,3,2011,Saturday
2011-03-27,FOODS_3,2060.0,3685.0,0.5590230664857531,3,2011,Sunday
2011-03-28,FOODS_3,1407.0,3903.0,0.36049192928516527,3,2011,Monday
2011-03-29,FOODS_3,1037.0,3753.0,0.2763122835065281,3,2011,Tuesday
2011-03-30,FOODS_3,1205.0,3934.0,0.30630401626842907,3,2011,Wednesday
2011-03-31,FOODS_3,1398.0,3769.0,0.370920668612364,3,2011,Thursday
2011-04-01,FOODS_3,1896.0,3957.0,0.4791508718726308,4,2011,Friday
2011-04-02,FOODS_3,2269.0,3782.0,0.5999471179270227,4,2011,Saturday
2011-04-03,FOODS_3,2342.0,4020.0,0.5825870646766169,4,2011,Sunday
2011-04-04,FOODS_3,1953.0,3826.0,0.5104547830632514,4,2011,Monday
2011-04-05,FOODS_3,1552.0,4021.0,0.38597363839840837,4,2011,Tuesday
2011-04-06,FOODS_3,1372.0,3879.0,0.3536994070636762,4,2011,Wednesday
2011-04-07,FOODS_3,1523.0,4040.0,0.376980198019802,4,2011,Thursday
2011-04-08,FOODS_3,1674.0,3879.0,0.43155452436194897,4,2011,Friday
2011-04-09,FOODS_3,2043.0,4052.0,0.5041954590325765,4,2011,Saturday
2011-04-10,FOODS_3,2225.0,3888.0,0.5722736625514403,4,2011,Sunday
2011-04-11,FOODS_3,1383.0,4129.0,0.3349479292806975,4,2011,Monday
2011-04-12,FOODS_3,1192.0,3960.0,0.301010101010101,4,2011,Tuesday
2011-04-13,FOODS_3,1095.0,4146.0,0.26410998552821996,4,2011,Wednesday
2011-04-14,FOODS_3,1165.0,3949.0,0.2950113952899468,4,2011,Thursday
2011-04-15,FOODS_3,1549.0,4154.0,0.3728935965334617,4,2011,Friday
2011-04-16,FOODS_3,1768.0,3982.0,0.4439979909593169,4,2011,Saturday
2011-04-17,FOODS_3,2219.0,4162.0,0.5331571359923114,4,2011,Sunday
2011-04-18,FOODS_3,1275.0,3984.0,0.3200301204819277,4,2011,Monday
2011-04-19,FOODS_3,1146.0,4204.0,0.2725975261655566,4,2011,Tuesday
2011-04-20,FOODS_3,1055.0,4025.0,0.26211180124223604,4,2011,Wednesday
2011-04-21,FOODS_3,1195.0,4195.0,0.28486293206197855,4,2011,Thursday
2011-04-22,FOODS_3,1490.0,4001.0,0.37240689827543116,4,2011,Friday
2011-04-23,FOODS_3,1919.0,4230.0,0.4536643026004728,4,2011,Saturday
2011-04-24,FOODS_3,1486.0,4023.0,0.3693760874968929,4,2011,Sunday
2011-04-25,FOODS_3,1056.0,4218.0,0.2503556187766714,4,2011,Monday
2011-04-26,FOODS_3,939.0,4017.0,0.2337565347274085,4,2011,Tuesday
2011-04-27,FOODS_3,935.0,4233.0,0.22088353413654618,4,2011,Wednesday
2011-04-28,FOODS_3,986.0,4021.0,0.2452126336732156,4,2011,Thursday
2011-04-29,FOODS_3,1244.0,4178.0,0.2977501196744854,4,2011,Friday
2011-04-30,FOODS_3,1573.0,3996.0,0.3936436436436436,4,2011,Saturday
2011-05-01,FOODS_3,1895.0,4152.0,0.45640655105973027,5,2011,Sunday
2011-05-02,FOODS_3,1385.0,3948.0,0.35081053698074977,5,2011,Monday
2011-05-03,FOODS_3,1418.0,4155.0,0.34127557160048133,5,2011,Tuesday
2011-05-04,FOODS_3,1462.0,3983.0,0.3670600050213407,5,2011,Wednesday
2011-05-05,FOODS_3,1179.0,4195.0,0.28104886769964244,5,2011,Thursday
2011-05-06,FOODS_3,1598.0,4002.0,0.39930034982508744,5,2011,Friday
2011-05-07,FOODS_3,1895.0,4176.0,0.4537835249042146,5,2011,Saturday
2011-05-08,FOODS_3,1579.0,4008.0,0.3939620758483034,5,2011,Sunday
2011-05-09,FOODS_3,1429.0,4194.0,0.34072484501669054,5,2011,Monday
2011-05-10,FOODS_3,1341.0,3993.0,0.33583771600300527,5,2011,Tuesday
2011-05-11,FOODS_3,1202.0,4152.0,0.2894990366088632,5,2011,Wednesday
2011-05-12,FOODS_3,1084.0,3979.0,0.2724302588590098,5,2011,Thursday
2011-05-13,FOODS_3,1452.0,4166.0,0.3485357657225156,5,2011,Friday
2011-05-14,FOODS_3,1774.0,3964.0,0.4475277497477296,5,2011,Saturday
2011-05-15,FOODS_3,1849.0,4163.0,0.4441508527504204,5,2011,Sunday
2011-05-16,FOODS_3,1049.0,3986.0,0.26317109884596085,5,2011,Monday
2011-05-17,FOODS_3,1050.0,4162.0,0.2522825564632388,5,2011,Tuesday
2011-05-18,FOODS_3,1018.0,3959.0,0.2571356403132104,5,2011,Wednesday
2011-05-19,FOODS_3,1084.0,4176.0,0.2595785440613027,5,2011,Thursday
2011-05-20,FOODS_3,1254.0,4012.0,0.31256231306081755,5,2011,Friday
2011-05-21,FOODS_3,1623.0,4230.0,0.38368794326241135,5,2011,Saturday
2011-05-22,FOODS_3,1779.0,4035.0,0.4408921933085502,5,2011,Sunday
2011-05-23,FOODS_3,1144.0,4245.0,0.2694935217903416,5,2011,Monday
2011-05-24,FOODS_3,1066.0,4049.0,0.2632748826870832,5,2011,Tuesday
2011-05-25,FOODS_3,1034.0,4232.0,0.2443289224952741,5,2011,Wednesday
2011-05-26,FOODS_3,1032.0,4049.0,0.25487774759199805,5,2011,Thursday
2011-05-27,FOODS_3,1243.0,4225.0,0.2942011834319527,5,2011,Friday
2011-05-28,FOODS_3,1424.0,4018.0,0.3544051767048283,5,2011,Saturday
2011-05-29,FOODS_3,1607.0,4232.0,0.3797258979206049,5,2011,Sunday
2011-05-30,FOODS_3,1330.0,4031.0,0.32994294219796577,5,2011,Monday
2011-05-31,FOODS_3,986.0,4237.0,0.23271182440405946,5,2011,Tuesday
2011-06-01,FOODS_3,1124.0,4046.0,0.277805239742956,6,2011,Wednesday
2011-06-02,FOODS_3,1178.0,4187.0,0.28134702651062815,6,2011,Thursday
2011-06-03,FOODS_3,1369.0,4003.0,0.3419935048713465,6,2011,Friday
2011-06-04,FOODS_3,1909.0,4153.0,0.45966771008909224,6,2011,Saturday
2011-06-05,FOODS_3,1886.0,3970.0,0.4750629722921914,6,2011,Sunday
2011-06-06,FOODS_3,1432.0,4142.0,0.34572670207629164,6,2011,Monday
2011-06-07,FOODS_3,1289.0,3965.0,0.32509457755359394,6,2011,Tuesday
2011-06-08,FOODS_3,1249.0,4133.0,0.30220179046697315,6,2011,Wednesday
2011-06-09,FOODS_3,1440.0,3951.0,0.36446469248291574,6,2011,Thursday
2011-06-10,FOODS_3,1724.0,4176.0,0.4128352490421456,6,2011,Friday
2011-06-11,FOODS_3,1593.0,3994.0,0.3988482724086129,6,2011,Saturday
2011-06-12,FOODS_3,1708.0,4174.0,0.40919980833732633,6,2011,Sunday
2011-06-13,FOODS_3,1536.0,3988.0,0.38515546639919757,6,2011,Monday
2011-06-14,FOODS_3,1407.0,4183.0,0.33636146306478604,6,2011,Tuesday
2011-06-15,FOODS_3,1399.0,3996.0,0.3501001001001001,6,2011,Wednesday
2011-06-16,FOODS_3,1231.0,4203.0,0.2928860337853914,6,2011,Thursday
2011-06-17,FOODS_3,1292.0,3998.0,0.3231615807903952,6,2011,Friday
2011-06-18,FOODS_3,1715.0,4193.0,0.4090150250417362,6,2011,Saturday
2011-06-19,FOODS_3,1584.0,4015.0,0.39452054794520547,6,2011,Sunday
2011-06-20,FOODS_3,1529.0,4182.0,0.36561453849832615,6,2011,Monday
2011-06-21,FOODS_3,1551.0,3986.0,0.38911189162067233,6,2011,Tuesday
2011-06-22,FOODS_3,1154.0,4160.0,0.27740384615384617,6,2011,Wednesday
2011-06-23,FOODS_3,1187.0,3993.0,0.2972702228900576,6,2011,Thursday
2011-06-24,FOODS_3,1355.0,4199.0,0.32269587997142174,6,2011,Friday
2011-06-25,FOODS_3,1561.0,4004.0,0.38986013986013984,6,2011,Saturday
2011-06-26,FOODS_3,1786.0,4213.0,0.42392594350818896,6,2011,Sunday
2011-06-27,FOODS_3,1270.0,4032.0,0.3149801587301587,6,2011,Monday
2011-06-28,FOODS_3,982.0,4231.0,0.23209643110375797,6,2011,Tuesday
2011-06-29,FOODS_3,995.0,4026.0,0.24714356681569796,6,2011,Wednesday
2011-06-30,FOODS_3,1260.0,4216.0,0.29886148007590135,6,2011,Thursday
2011-07-01,FOODS_3,1939.0,4040.0,0.47995049504950493,7,2011,Friday
2011-07-02,FOODS_3,2245.0,4225.0,0.5313609467455621,7,2011,Saturday
2011-07-03,FOODS_3,2151.0,4033.0,0.533349863625093,7,2011,Sunday
2011-07-04,FOODS_3,1518.0,4201.0,0.36134253749107353,7,2011,Monday
2011-07-05,FOODS_3,1642.0,4026.0,0.4078489816194734,7,2011,Tuesday
2011-07-06,FOODS_3,1677.0,4195.0,0.399761620977354,7,2011,Wednesday
2011-07-07,FOODS_3,1611.0,4031.0,0.3996526916397916,7,2011,Thursday
2011-07-08,FOODS_3,1585.0,4226.0,0.3750591575958353,7,2011,Friday
2011-07-09,FOODS_3,1859.0,4007.0,0.4639381083104567,7,2011,Saturday
2011-07-10,FOODS_3,2029.0,4208.0,0.4821768060836502,7,2011,Sunday
2011-07-11,FOODS_3,1308.0,4018.0,0.3255350920856147,7,2011,Monday
2011-07-12,FOODS_3,1084.0,4206.0,0.2577270565858298,7,2011,Tuesday
2011-07-13,FOODS_3,1238.0,4006.0,0.309036445332002,7,2011,Wednesday
2011-07-14,FOODS_3,1120.0,4189.0,0.2673669133444736,7,2011,Thursday
2011-07-15,FOODS_3,1327.0,3991.0,0.3324981207717364,7,2011,Friday
2011-07-16,FOODS_3,1723.0,4194.0,0.41082498807820694,7,2011,Saturday
2011-07-17,FOODS_3,1638.0,4041.0,0.4053452115812918,7,2011,Sunday
2011-07-18,FOODS_3,1417.0,4216.0,0.33610056925996207,7,2011,Monday
2011-07-19,FOODS_3,1142.0,4019.0,0.28415028614083104,7,2011,Tuesday
2011-07-20,FOODS_3,1256.0,4214.0,0.29805410536307547,7,2011,Wednesday
2011-07-21,FOODS_3,1263.0,4037.0,0.3128560812484518,7,2011,Thursday
2011-07-22,FOODS_3,1485.0,4195.0,0.3539928486293206,7,2011,Friday
2011-07-23,FOODS_3,1691.0,3999.0,0.42285571392848215,7,2011,Saturday
2011-07-24,FOODS_3,1820.0,4174.0,0.43603258265452804,7,2011,Sunday
2011-07-25,FOODS_3,1285.0,3996.0,0.32157157157157157,7,2011,Monday
2011-07-26,FOODS_3,1115.0,4172.0,0.2672579098753595,7,2011,Tuesday
2011-07-27,FOODS_3,1005.0,3970.0,0.2531486146095718,7,2011,Wednesday
2011-07-28,FOODS_3,1215.0,4205.0,0.28894173602853745,7,2011,Thursday
2011-07-29,FOODS_3,1534.0,4010.0,0.3825436408977556,7,2011,Friday
2011-07-30,FOODS_3,1323.0,4198.0,0.3151500714626012,7,2011,Saturday
2011-07-31,FOODS_3,1639.0,4021.0,0.4076100472519274,7,2011,Sunday
2011-08-01,FOODS_3,1351.0,4216.0,0.3204459203036053,8,2011,Monday
2011-08-02,FOODS_3,1453.0,4036.0,0.360009910802775,8,2011,Tuesday
2011-08-03,FOODS_3,1342.0,4233.0,0.31703283723127806,8,2011,Wednesday
2011-08-04,FOODS_3,1499.0,4054.0,0.3697582634435126,8,2011,Thursday
2011-08-05,FOODS_3,1569.0,4214.0,0.37233032747982914,8,2011,Friday
2011-08-06,FOODS_3,1873.0,4010.0,0.46708229426433917,8,2011,Saturday
2011-08-07,FOODS_3,1915.0,4199.0,0.4560609668968802,8,2011,Sunday
2011-08-08,FOODS_3,1594.0,4008.0,0.3977045908183633,8,2011,Monday
2011-08-09,FOODS_3,1340.0,4211.0,0.3182142009023985,8,2011,Tuesday
2011-08-10,FOODS_3,1275.0,4017.0,0.3174010455563854,8,2011,Wednesday
2011-08-11,FOODS_3,1269.0,4221.0,0.3006396588486141,8,2011,Thursday
2011-08-12,FOODS_3,1519.0,4033.0,0.3766426977436152,8,2011,Friday
2011-08-13,FOODS_3,1828.0,4230.0,0.43215130023640663,8,2011,Saturday
2011-08-14,FOODS_3,2116.0,4053.0,0.5220824080927707,8,2011,Sunday
2011-08-15,FOODS_3,1414.0,4229.0,0.3343580042563254,8,2011,Monday
2011-08-16,FOODS_3,1314.0,4058.0,0.32380482996550025,8,2011,Tuesday
2011-08-17,FOODS_3,1275.0,4268.0,0.29873477038425494,8,2011,Wednesday
2011-08-18,FOODS_3,1315.0,4078.0,0.3224619911721432,8,2011,Thursday
2011-08-19,FOODS_3,1406.0,4253.0,0.3305901716435457,8,2011,Friday
2011-08-20,FOODS_3,1679.0,4052.0,0.41436327739387957,8,2011,Saturday
2011-08-21,FOODS_3,2274.0,4242.0,0.536067892503536,8,2011,Sunday
2011-08-22,FOODS_3,1309.0,4068.0,0.321779744346116,8,2011,Monday
2011-08-23,FOODS_3,1073.0,4252.0,0.25235183443085607,8,2011,Tuesday
2011-08-24,FOODS_3,1153.0,4074.0,0.28301423662248404,8,2011,Wednesday
2011-08-25,FOODS_3,1191.0,4225.0,0.2818934911242604,8,2011,Thursday
2011-08-26,FOODS_3,1293.0,4028.0,0.32100297914597814,8,2011,Friday
2011-08-27,FOODS_3,1799.0,4215.0,0.42680901542111505,8,2011,Saturday
2011-08-28,FOODS_3,2000.0,4009.0,0.49887752556747317,8,2011,Sunday
2011-08-29,FOODS_3,1290.0,4201.0,0.3070697452987384,8,2011,Monday
2011-08-30,FOODS_3,954.0,4003.0,0.23832125905570822,8,2011,Tuesday
2011-08-31,FOODS_3,1032.0,4165.0,0.24777911164465785,8,2011,Wednesday
2011-09-01,FOODS_3,1416.0,3978.0,0.3559577677224736,9,2011,Thursday
2011-09-02,FOODS_3,1694.0,4152.0,0.4079961464354528,9,2011,Friday
2011-09-03,FOODS_3,1951.0,3954.0,0.4934243803743045,9,2011,Saturday
2011-09-04,FOODS_3,1857.0,4134.0,0.44920174165457183,9,2011,Sunday
2011-09-05,FOODS_3,1753.0,3970.0,0.4415617128463476,9,2011,Monday
2011-09-06,FOODS_3,1396.0,4150.0,0.3363855421686747,9,2011,Tuesday
2011-09-07,FOODS_3,1297.0,3943.0,0.32893735734212526,9,2011,Wednesday
2011-09-08,FOODS_3,1332.0,4099.0,0.32495730666016104,9,2011,Thursday
2011-09-09,FOODS_3,1592.0,3920.0,0.4061224489795918,9,2011,Friday
2011-09-10,FOODS_3,1900.0,4153.0,0.4575006019744763,9,2011,Saturday
2011-09-11,FOODS_3,2024.0,3947.0,0.5127945274892324,9,2011,Sunday
2011-09-12,FOODS_3,1288.0,4148.0,0.3105110896817743,9,2011,Monday
2011-09-13,FOODS_3,1049.0,3960.0,0.2648989898989899,9,2011,Tuesday
2011-09-14,FOODS_3,1003.0,4121.0,0.2433875272991992,9,2011,Wednesday
2011-09-15,FOODS_3,1116.0,3930.0,0.28396946564885495,9,2011,Thursday
2011-09-16,FOODS_3,1352.0,4154.0,0.3254694270582571,9,2011,Friday
2011-09-17,FOODS_3,1658.0,3957.0,0.4190042961839778,9,2011,Saturday
2011-09-18,FOODS_3,1860.0,4148.0,0.4484088717454195,9,2011,Sunday
2011-09-19,FOODS_3,1299.0,3960.0,0.328030303030303,9,2011,Monday
2011-09-20,FOODS_3,1231.0,4106.0,0.2998051631758402,9,2011,Tuesday
2011-09-21,FOODS_3,1195.0,3906.0,0.3059395801331285,9,2011,Wednesday
2011-09-22,FOODS_3,1143.0,4141.0,0.2760202849553248,9,2011,Thursday
2011-09-23,FOODS_3,1849.0,3967.0,0.4660952861104109,9,2011,Friday
2011-09-24,FOODS_3,2082.0,4162.0,0.5002402691013935,9,2011,Saturday
2011-09-25,FOODS_3,2156.0,3973.0,0.5426629750818022,9,2011,Sunday
2011-09-26,FOODS_3,1506.0,4149.0,0.36297903109182933,9,2011,Monday
2011-09-27,FOODS_3,1225.0,3946.0,0.3104409528636594,9,2011,Tuesday
2011-09-28,FOODS_3,1283.0,4150.0,0.3091566265060241,9,2011,Wednesday
2011-09-29,FOODS_3,1083.0,3957.0,0.27369219105382864,9,2011,Thursday
2011-09-30,FOODS_3,1815.0,4144.0,0.4379826254826255,9,2011,Friday
2011-10-01,FOODS_3,2381.0,3954.0,0.6021750126454224,10,2011,Saturday
2011-10-02,FOODS_3,2429.0,4151.0,0.5851602023608768,10,2011,Sunday
2011-10-03,FOODS_3,1602.0,3946.0,0.40598073998986317,10,2011,Monday
2011-10-04,FOODS_3,1546.0,4138.0,0.3736104398260029,10,2011,Tuesday
2011-10-05,FOODS_3,1476.0,3950.0,0.3736708860759494,10,2011,Wednesday
2011-10-06,FOODS_3,1313.0,4116.0,0.31899902818270165,10,2011,Thursday
2011-10-07,FOODS_3,1811.0,3941.0,0.45952803856889113,10,2011,Friday
2011-10-08,FOODS_3,2404.0,4156.0,0.5784408084696824,10,2011,Saturday
2011-10-09,FOODS_3,2449.0,3962.0,0.6181221605249874,10,2011,Sunday
2011-10-10,FOODS_3,1901.0,4167.0,0.4562035037197024,10,2011,Monday
2011-10-11,FOODS_3,1505.0,3981.0,0.3780457171564933,10,2011,Tuesday
2011-10-12,FOODS_3,1364.0,4214.0,0.3236829615567157,10,2011,Wednesday
2011-10-13,FOODS_3,1429.0,4032.0,0.35441468253968256,10,2011,Thursday
2011-10-14,FOODS_3,1704.0,4191.0,0.4065855404438082,10,2011,Friday
2011-10-15,FOODS_3,2095.0,4006.0,0.5229655516724913,10,2011,Saturday
2011-10-16,FOODS_3,2107.0,4172.0,0.5050335570469798,10,2011,Sunday
2011-10-17,FOODS_3,1351.0,3989.0,0.3386813737778892,10,2011,Monday
2011-10-18,FOODS_3,1210.0,4161.0,0.2907954818553232,10,2011,Tuesday
2011-10-19,FOODS_3,1264.0,3990.0,0.3167919799498747,10,2011,Wednesday
2011-10-20,FOODS_3,1317.0,4215.0,0.3124555160142349,10,2011,Thursday
2011-10-21,FOODS_3,1824.0,4017.0,0.4540702016430172,10,2011,Friday
2011-10-22,FOODS_3,2239.0,4217.0,0.5309461702632203,10,2011,Saturday
2011-10-23,FOODS_3,2349.0,4032.0,0.5825892857142857,10,2011,Sunday
2011-10-24,FOODS_3,1508.0,4240.0,0.35566037735849054,10,2011,Monday
2011-10-25,FOODS_3,1376.0,4031.0,0.3413545026048127,10,2011,Tuesday
2011-10-26,FOODS_3,1193.0,4208.0,0.28350760456273766,10,2011,Wednesday
2011-10-27,FOODS_3,1380.0,4023.0,0.343027591349739,10,2011,Thursday
2011-10-28,FOODS_3,1616.0,4169.0,0.38762293115855123,10,2011,Friday
2011-10-29,FOODS_3,2267.0,4015.0,0.5646326276463263,10,2011,Saturday
2011-10-30,FOODS_3,2401.0,4204.0,0.5711227402473834,10,2011,Sunday
2011-10-31,FOODS_3,1251.0,4022.0,0.31103928393833913,10,2011,Monday
2011-11-01,FOODS_3,1507.0,4199.0,0.3588949749940462,11,2011,Tuesday
2011-11-02,FOODS_3,1614.0,3990.0,0.4045112781954887,11,2011,Wednesday
2011-11-03,FOODS_3,1665.0,4193.0,0.39709038874314334,11,2011,Thursday
2011-11-04,FOODS_3,2023.0,4018.0,0.5034843205574913,11,2011,Friday
2011-11-05,FOODS_3,2551.0,4221.0,0.6043591565979626,11,2011,Saturday
2011-11-06,FOODS_3,2631.0,4036.0,0.6518830525272548,11,2011,Sunday
2011-11-07,FOODS_3,1626.0,4209.0,0.3863150392017106,11,2011,Monday
2011-11-08,FOODS_3,1692.0,4027.0,0.4201638937174075,11,2011,Tuesday
2011-11-09,FOODS_3,1524.0,4227.0,0.36053938963804116,11,2011,Wednesday
2011-11-10,FOODS_3,1762.0,4059.0,0.4340970682434097,11,2011,Thursday
2011-11-11,FOODS_3,2095.0,4262.0,0.49155326137963395,11,2011,Friday
2011-11-12,FOODS_3,2240.0,4055.0,0.5524044389642416,11,2011,Saturday
2011-11-13,FOODS_3,2371.0,4252.0,0.5576199435559737,11,2011,Sunday
2011-11-14,FOODS_3,1608.0,4050.0,0.397037037037037,11,2011,Monday
2011-11-15,FOODS_3,1419.0,4226.0,0.3357785139611926,11,2011,Tuesday
2011-11-16,FOODS_3,1254.0,4042.0,0.31024245423057895,11,2011,Wednesday
2011-11-17,FOODS_3,1246.0,4202.0,0.29652546406473107,11,2011,Thursday
2011-11-18,FOODS_3,1640.0,4027.0,0.4072510553762106,11,2011,Friday
2011-11-19,FOODS_3,2406.0,4219.0,0.5702773168997393,11,2011,Saturday
2011-11-20,FOODS_3,2403.0,4033.0,0.5958343664765683,11,2011,Sunday
2011-11-21,FOODS_3,1691.0,4200.0,0.4026190476190476,11,2011,Monday
2011-11-22,FOODS_3,2051.0,3997.0,0.5131348511383538,11,2011,Tuesday
2011-11-23,FOODS_3,2343.0,4160.0,0.5632211538461539,11,2011,Wednesday
2011-11-24,FOODS_3,1406.0,3977.0,0.35353281367865225,11,2011,Thursday
2011-11-25,FOODS_3,1740.0,4155.0,0.4187725631768953,11,2011,Friday
2011-11-26,FOODS_3,1644.0,3968.0,0.41431451612903225,11,2011,Saturday
2011-11-27,FOODS_3,1799.0,4179.0,0.4304857621440536,11,2011,Sunday
2011-11-28,FOODS_3,1304.0,3998.0,0.3261630815407704,11,2011,Monday
2011-11-29,FOODS_3,1308.0,4220.0,0.30995260663507107,11,2011,Tuesday
2011-11-30,FOODS_3,1279.0,4053.0,0.3155687145324451,11,2011,Wednesday
2011-12-01,FOODS_3,1381.0,4235.0,0.3260920897284534,12,2011,Thursday
2011-12-02,FOODS_3,1804.0,4031.0,0.44753162986851897,12,2011,Friday
2011-12-03,FOODS_3,2441.0,4235.0,0.5763872491145219,12,2011,Saturday
2011-12-04,FOODS_3,2432.0,4043.0,0.6015335147167945,12,2011,Sunday
2011-12-05,FOODS_3,1737.0,4220.0,0.41161137440758294,12,2011,Monday
2011-12-06,FOODS_3,1517.0,4033.0,0.3761467889908257,12,2011,Tuesday
2011-12-07,FOODS_3,1436.0,4197.0,0.3421491541577317,12,2011,Wednesday
2011-12-08,FOODS_3,1755.0,4017.0,0.4368932038834951,12,2011,Thursday
2011-12-09,FOODS_3,1760.0,4195.0,0.4195470798569726,12,2011,Friday
2011-12-10,FOODS_3,2540.0,4026.0,0.6308991554893194,12,2011,Saturday
2011-12-11,FOODS_3,2353.0,4201.0,0.5601047369673887,12,2011,Sunday
2011-12-12,FOODS_3,1680.0,4013.0,0.4186394218788936,12,2011,Monday
2011-12-13,FOODS_3,1615.0,4181.0,0.3862712269791916,12,2011,Tuesday
2011-12-14,FOODS_3,1540.0,4029.0,0.38222884090345,12,2011,Wednesday
2011-12-15,FOODS_3,1629.0,4224.0,0.3856534090909091,12,2011,Thursday
2011-12-16,FOODS_3,1848.0,4031.0,0.4584470354750682,12,2011,Friday
2011-12-17,FOODS_3,2507.0,4225.0,0.5933727810650887,12,2011,Saturday
2011-12-18,FOODS_3,2422.0,4020.0,0.6024875621890547,12,2011,Sunday
2011-12-19,FOODS_3,1820.0,4216.0,0.4316888045540797,12,2011,Monday
2011-12-20,FOODS_3,1754.0,4055.0,0.43255240443896426,12,2011,Tuesday
2011-12-21,FOODS_3,1852.0,4237.0,0.4371017229171584,12,2011,Wednesday
2011-12-22,FOODS_3,2010.0,4044.0,0.4970326409495549,12,2011,Thursday
2011-12-23,FOODS_3,2721.0,4204.0,0.6472407231208372,12,2011,Friday
2011-12-24,FOODS_3,2175.0,4007.0,0.5428000998253057,12,2011,Saturday
2011-12-25,FOODS_3,0.0,4160.0,0.0,12,2011,Sunday
2011-12-26,FOODS_3,1881.0,3955.0,0.47560050568900125,12,2011,Monday
2011-12-27,FOODS_3,1662.0,4179.0,0.39770279971284994,12,2011,Tuesday
2011-12-28,FOODS_3,1700.0,3996.0,0.42542542542542544,12,2011,Wednesday
2011-12-29,FOODS_3,1860.0,4229.0,0.43982028848427523,12,2011,Thursday
2011-12-30,FOODS_3,2440.0,4043.0,0.603512243383626,12,2011,Friday
2011-12-31,FOODS_3,2500.0,4214.0,0.5932605600379687,12,2011,Saturday
2012-01-01,FOODS_3,1448.0,4033.0,0.3590379370195884,1,2012,Sunday
2012-01-02,FOODS_3,2001.0,4251.0,0.47071277346506707,1,2012,Monday
2012-01-03,FOODS_3,1711.0,4063.0,0.4211174009352695,1,2012,Tuesday
2012-01-04,FOODS_3,1598.0,4235.0,0.377331759149941,1,2012,Wednesday
2012-01-05,FOODS_3,1949.0,4041.0,0.48230635981192777,1,2012,Thursday
2012-01-06,FOODS_3,1919.0,4218.0,0.45495495495495497,1,2012,Friday
2012-01-07,FOODS_3,2619.0,4046.0,0.6473059812160158,1,2012,Saturday
2012-01-08,FOODS_3,2548.0,4233.0,0.6019371604063312,1,2012,Sunday
2012-01-09,FOODS_3,2032.0,4044.0,0.5024727992087042,1,2012,Monday
2012-01-10,FOODS_3,1600.0,4193.0,0.38158836155497255,1,2012,Tuesday
2012-01-11,FOODS_3,1541.0,4020.0,0.38333333333333336,1,2012,Wednesday
2012-01-12,FOODS_3,1390.0,4215.0,0.32977461447212336,1,2012,Thursday
2012-01-13,FOODS_3,1895.0,4037.0,0.46940797621996533,1,2012,Friday
2012-01-14,FOODS_3,2347.0,4230.0,0.5548463356973995,1,2012,Saturday
2012-01-15,FOODS_3,2263.0,4059.0,0.5575264843557527,1,2012,Sunday
2012-01-16,FOODS_3,2018.0,4204.0,0.48001902949571834,1,2012,Monday
2012-01-17,FOODS_3,1448.0,4005.0,0.36154806491885144,1,2012,Tuesday
2012-01-18,FOODS_3,1434.0,4209.0,0.3406985032074127,1,2012,Wednesday
2012-01-19,FOODS_3,1473.0,4032.0,0.36532738095238093,1,2012,Thursday
2012-01-20,FOODS_3,1788.0,4224.0,0.42329545454545453,1,2012,Friday
2012-01-21,FOODS_3,2712.0,4024.0,0.6739562624254473,1,2012,Saturday
2012-01-22,FOODS_3,2306.0,4232.0,0.5448960302457467,1,2012,Sunday
2012-01-23,FOODS_3,1380.0,4034.0,0.34209221616261776,1,2012,Monday
2012-01-24,FOODS_3,1402.0,4226.0,0.3317557974443919,1,2012,Tuesday
2012-01-25,FOODS_3,1252.0,4080.0,0.30686274509803924,1,2012,Wednesday
2012-01-26,FOODS_3,1219.0,4224.0,0.28858901515151514,1,2012,Thursday
2012-01-27,FOODS_3,1818.0,4039.0,0.4501114137162664,1,2012,Friday
2012-01-28,FOODS_3,2137.0,4202.0,0.508567348881485,1,2012,Saturday
2012-01-29,FOODS_3,2310.0,4049.0,0.5705112373425537,1,2012,Sunday
2012-01-30,FOODS_3,1555.0,4245.0,0.3663133097762073,1,2012,Monday
2012-01-31,FOODS_3,1590.0,4054.0,0.3922052294030587,1,2012,Tuesday
2012-02-01,FOODS_3,1706.0,4231.0,0.4032143701252659,2,2012,Wednesday
2012-02-02,FOODS_3,1779.0,4033.0,0.4411108356062485,2,2012,Thursday
2012-02-03,FOODS_3,2204.0,4222.0,0.52202747513027,2,2012,Friday
2012-02-04,FOODS_3,3125.0,4015.0,0.7783312577833126,2,2012,Saturday
2012-02-05,FOODS_3,2714.0,4225.0,0.6423668639053255,2,2012,Sunday
2012-02-06,FOODS_3,1841.0,4013.0,0.45875903314228755,2,2012,Monday
2012-02-07,FOODS_3,1706.0,4214.0,0.4048410061699098,2,2012,Tuesday
2012-02-08,FOODS_3,1691.0,4030.0,0.41960297766749377,2,2012,Wednesday
2012-02-09,FOODS_3,1570.0,4215.0,0.37247924080664296,2,2012,Thursday
2012-02-10,FOODS_3,1869.0,4012.0,0.46585244267198406,2,2012,Friday
2012-02-11,FOODS_3,2819.0,4213.0,0.6691193923569903,2,2012,Saturday
2012-02-12,FOODS_3,2857.0,4019.0,0.710873351579995,2,2012,Sunday
2012-02-13,FOODS_3,1941.0,4170.0,0.4654676258992806,2,2012,Monday
2012-02-14,FOODS_3,1368.0,3990.0,0.34285714285714286,2,2012,Tuesday
2012-02-15,FOODS_3,1399.0,4177.0,0.3349293751496289,2,2012,Wednesday
2012-02-16,FOODS_3,1413.0,4000.0,0.35325,2,2012,Thursday
2012-02-17,FOODS_3,1705.0,4187.0,0.4072128015285407,2,2012,Friday
2012-02-18,FOODS_3,2468.0,3993.0,0.6180816428750313,2,2012,Saturday
2012-02-19,FOODS_3,2504.0,4142.0,0.6045388701110574,2,2012,Sunday
2012-02-20,FOODS_3,2073.0,3966.0,0.5226928895612708,2,2012,Monday
2012-02-21,FOODS_3,1541.0,4150.0,0.37132530120481927,2,2012,Tuesday
2012-02-22,FOODS_3,1469.0,3969.0,0.37011841773746534,2,2012,Wednesday
2012-02-23,FOODS_3,1540.0,4123.0,0.3735144312393888,2,2012,Thursday
2012-02-24,FOODS_3,1869.0,3958.0,0.47220818595250125,2,2012,Friday
2012-02-25,FOODS_3,2515.0,4150.0,0.6060240963855422,2,2012,Saturday
2012-02-26,FOODS_3,2547.0,3953.0,0.6443207690361751,2,2012,Sunday
2012-02-27,FOODS_3,1599.0,4123.0,0.3878243997089498,2,2012,Monday
2012-02-28,FOODS_3,1462.0,3933.0,0.3717264174930079,2,2012,Tuesday
2012-02-29,FOODS_3,1427.0,4134.0,0.3451862602805999,2,2012,Wednesday
2012-03-01,FOODS_3,1899.0,3959.0,0.4796665824703208,3,2012,Thursday
2012-03-02,FOODS_3,2142.0,4133.0,0.518267602225986,3,2012,Friday
2012-03-03,FOODS_3,3015.0,3945.0,0.7642585551330798,3,2012,Saturday
2012-03-04,FOODS_3,3106.0,4146.0,0.749155812831645,3,2012,Sunday
2012-03-05,FOODS_3,2429.0,3944.0,0.6158722109533469,3,2012,Monday
2012-03-06,FOODS_3,1821.0,4128.0,0.44113372093023256,3,2012,Tuesday
2012-03-07,FOODS_3,2061.0,3966.0,0.5196671709531013,3,2012,Wednesday
2012-03-08,FOODS_3,2034.0,4134.0,0.49201741654571846,3,2012,Thursday
2012-03-09,FOODS_3,2152.0,3943.0,0.5457773269084454,3,2012,Friday
2012-03-10,FOODS_3,3081.0,4166.0,0.7395583293326933,3,2012,Saturday
2012-03-11,FOODS_3,3136.0,3993.0,0.7853744052091159,3,2012,Sunday
2012-03-12,FOODS_3,2013.0,4143.0,0.48587979724837077,3,2012,Monday
2012-03-13,FOODS_3,1441.0,3955.0,0.3643489254108723,3,2012,Tuesday
2012-03-14,FOODS_3,1618.0,4106.0,0.39405747686312714,3,2012,Wednesday
2012-03-15,FOODS_3,1737.0,3926.0,0.4424350483953133,3,2012,Thursday
2012-03-16,FOODS_3,1896.0,4115.0,0.4607533414337789,3,2012,Friday
2012-03-17,FOODS_3,2456.0,3940.0,0.6233502538071066,3,2012,Saturday
2012-03-18,FOODS_3,2719.0,4104.0,0.6625243664717348,3,2012,Sunday
2012-03-19,FOODS_3,2002.0,3935.0,0.5087674714104193,3,2012,Monday
2012-03-20,FOODS_3,1634.0,4136.0,0.39506769825918764,3,2012,Tuesday
2012-03-21,FOODS_3,1579.0,3951.0,0.3996456593267527,3,2012,Wednesday
2012-03-22,FOODS_3,1818.0,4184.0,0.4345124282982792,3,2012,Thursday
2012-03-23,FOODS_3,1853.0,3976.0,0.466046277665996,3,2012,Friday
2012-03-24,FOODS_3,2927.0,4162.0,0.7032676597789524,3,2012,Saturday
2012-03-25,FOODS_3,3050.0,3961.0,0.7700075738449886,3,2012,Sunday
2012-03-26,FOODS_3,1734.0,4114.0,0.4214876033057851,3,2012,Monday
2012-03-27,FOODS_3,1502.0,3945.0,0.3807351077313055,3,2012,Tuesday
2012-03-28,FOODS_3,1457.0,4123.0,0.3533834586466165,3,2012,Wednesday
2012-03-29,FOODS_3,1497.0,3931.0,0.38081912999236833,3,2012,Thursday
2012-03-30,FOODS_3,2310.0,4155.0,0.555956678700361,3,2012,Friday
2012-03-31,FOODS_3,2467.0,3946.0,0.6251900658895083,3,2012,Saturday
2012-04-01,FOODS_3,2917.0,4113.0,0.7092146851446632,4,2012,Sunday
2012-04-02,FOODS_3,2073.0,3893.0,0.5324942203955818,4,2012,Monday
2012-04-03,FOODS_3,2250.0,4076.0,0.5520117762512267,4,2012,Tuesday
2012-04-04,FOODS_3,1874.0,3901.0,0.4803896436811074,4,2012,Wednesday
2012-04-05,FOODS_3,2051.0,4144.0,0.49493243243243246,4,2012,Thursday
2012-04-06,FOODS_3,2905.0,3954.0,0.7346990389479009,4,2012,Friday
2012-04-07,FOODS_3,3492.0,4096.0,0.8525390625,4,2012,Saturday
2012-04-08,FOODS_3,2379.0,3906.0,0.609062980030722,4,2012,Sunday
2012-04-09,FOODS_3,2171.0,4128.0,0.5259205426356589,4,2012,Monday
2012-04-10,FOODS_3,2090.0,3940.0,0.5304568527918782,4,2012,Tuesday
2012-04-11,FOODS_3,1765.0,4112.0,0.4292315175097276,4,2012,Wednesday
2012-04-12,FOODS_3,1766.0,3920.0,0.45051020408163267,4,2012,Thursday
2012-04-13,FOODS_3,2179.0,4104.0,0.5309454191033138,4,2012,Friday
2012-04-14,FOODS_3,3035.0,3898.0,0.7786044125192406,4,2012,Saturday
2012-04-15,FOODS_3,3019.0,4086.0,0.7388644150758689,4,2012,Sunday
2012-04-16,FOODS_3,1749.0,3911.0,0.44720020455126563,4,2012,Monday
2012-04-17,FOODS_3,1622.0,4071.0,0.39842790469172196,4,2012,Tuesday
2012-04-18,FOODS_3,1409.0,3888.0,0.36239711934156377,4,2012,Wednesday
2012-04-19,FOODS_3,1876.0,4074.0,0.46048109965635736,4,2012,Thursday
2012-04-20,FOODS_3,2587.0,3878.0,0.6670964414646725,4,2012,Friday
2012-04-21,FOODS_3,3102.0,4073.0,0.7616007856616744,4,2012,Saturday
2012-04-22,FOODS_3,2997.0,3869.0,0.7746187645386404,4,2012,Sunday
2012-04-23,FOODS_3,1701.0,4063.0,0.4186561653950283,4,2012,Monday
2012-04-24,FOODS_3,1722.0,3883.0,0.44347154262168426,4,2012,Tuesday
2012-04-25,FOODS_3,1602.0,4096.0,0.39111328125,4,2012,Wednesday
2012-04-26,FOODS_3,1671.0,3916.0,0.4267109295199183,4,2012,Thursday
2012-04-27,FOODS_3,2151.0,4081.0,0.5270766968880176,4,2012,Friday
2012-04-28,FOODS_3,2826.0,3891.0,0.7262914417887433,4,2012,Saturday
2012-04-29,FOODS_3,2965.0,4087.0,0.7254710056275997,4,2012,Sunday
2012-04-30,FOODS_3,1980.0,3904.0,0.507172131147541,4,2012,Monday
2012-05-01,FOODS_3,1975.0,4076.0,0.48454367026496564,5,2012,Tuesday
2012-05-02,FOODS_3,1964.0,3894.0,0.5043656908063687,5,2012,Wednesday
2012-05-03,FOODS_3,2182.0,4131.0,0.5282014040183974,5,2012,Thursday
2012-05-04,FOODS_3,2444.0,3951.0,0.6185775752973931,5,2012,Friday
2012-05-05,FOODS_3,2630.0,4161.0,0.6320596010574381,5,2012,Saturday
2012-05-06,FOODS_3,3371.0,3975.0,0.8480503144654088,5,2012,Sunday
2012-05-07,FOODS_3,2788.0,4164.0,0.6695485110470701,5,2012,Monday
2012-05-08,FOODS_3,2165.0,3988.0,0.5428786359077231,5,2012,Tuesday
2012-05-09,FOODS_3,2334.0,4153.0,0.5620033710570672,5,2012,Wednesday
2012-05-10,FOODS_3,2243.0,3938.0,0.5695784662265109,5,2012,Thursday
2012-05-11,FOODS_3,2767.0,4134.0,0.6693275278180939,5,2012,Friday
2012-05-12,FOODS_3,3674.0,3939.0,0.9327240416349327,5,2012,Saturday
2012-05-13,FOODS_3,2664.0,4116.0,0.6472303206997084,5,2012,Sunday
2012-05-14,FOODS_3,2052.0,3923.0,0.5230690797858781,5,2012,Monday
2012-05-15,FOODS_3,2111.0,4146.0,0.5091654606849976,5,2012,Tuesday
2012-05-16,FOODS_3,2267.0,3961.0,0.5723302196415047,5,2012,Wednesday
2012-05-17,FOODS_3,2035.0,4146.0,0.4908345393150024,5,2012,Thursday
2012-05-18,FOODS_3,2588.0,3944.0,0.6561866125760649,5,2012,Friday
2012-05-19,FOODS_3,3106.0,4160.0,0.7466346153846154,5,2012,Saturday
2012-05-20,FOODS_3,3514.0,3965.0,0.8862547288776796,5,2012,Sunday
2012-05-21,FOODS_3,2118.0,4180.0,0.5066985645933014,5,2012,Monday
2012-05-22,FOODS_3,1650.0,3992.0,0.4133266533066132,5,2012,Tuesday
2012-05-23,FOODS_3,1665.0,4124.0,0.40373423860329777,5,2012,Wednesday
2012-05-24,FOODS_3,2005.0,3940.0,0.5088832487309645,5,2012,Thursday
2012-05-25,FOODS_3,2555.0,4135.0,0.6178960096735188,5,2012,Friday
2012-05-26,FOODS_3,2761.0,3935.0,0.7016518424396442,5,2012,Saturday
2012-05-27,FOODS_3,2624.0,4137.0,0.6342760454435581,5,2012,Sunday
2012-05-28,FOODS_3,2256.0,3979.0,0.5669766272932898,5,2012,Monday
2012-05-29,FOODS_3,1761.0,4183.0,0.42098972029643794,5,2012,Tuesday
2012-05-30,FOODS_3,1574.0,3986.0,0.3948820873055695,5,2012,Wednesday
2012-05-31,FOODS_3,1938.0,4174.0,0.464302827024437,5,2012,Thursday
2012-06-01,FOODS_3,2650.0,3986.0,0.6648268941294531,6,2012,Friday
2012-06-02,FOODS_3,3245.0,4176.0,0.7770593869731801,6,2012,Saturday
2012-06-03,FOODS_3,3145.0,3981.0,0.7900025119316755,6,2012,Sunday
2012-06-04,FOODS_3,2155.0,4173.0,0.5164150491253295,6,2012,Monday
2012-06-05,FOODS_3,2123.0,3997.0,0.5311483612709532,6,2012,Tuesday
2012-06-06,FOODS_3,1939.0,4202.0,0.4614469300333175,6,2012,Wednesday
2012-06-07,FOODS_3,2102.0,4014.0,0.5236671649227703,6,2012,Thursday
2012-06-08,FOODS_3,2664.0,4197.0,0.6347390993566834,6,2012,Friday
2012-06-09,FOODS_3,2790.0,4021.0,0.6938572494404377,6,2012,Saturday
2012-06-10,FOODS_3,3239.0,4205.0,0.7702734839476814,6,2012,Sunday
2012-06-11,FOODS_3,2492.0,4006.0,0.6220668996505242,6,2012,Monday
2012-06-12,FOODS_3,2258.0,4185.0,0.5395459976105137,6,2012,Tuesday
2012-06-13,FOODS_3,2135.0,4005.0,0.533083645443196,6,2012,Wednesday
2012-06-14,FOODS_3,2163.0,4178.0,0.5177118238391575,6,2012,Thursday
2012-06-15,FOODS_3,2748.0,4014.0,0.6846038863976084,6,2012,Friday
2012-06-16,FOODS_3,3399.0,4211.0,0.8071716931845168,6,2012,Saturday
2012-06-17,FOODS_3,2822.0,4038.0,0.6988608221892025,6,2012,Sunday
2012-06-18,FOODS_3,2104.0,4216.0,0.4990512333965844,6,2012,Monday
2012-06-19,FOODS_3,1957.0,4020.0,0.48681592039800997,6,2012,Tuesday
2012-06-20,FOODS_3,1920.0,4196.0,0.45757864632983797,6,2012,Wednesday
2012-06-21,FOODS_3,1860.0,3999.0,0.46511627906976744,6,2012,Thursday
2012-06-22,FOODS_3,2819.0,4196.0,0.6718303145853194,6,2012,Friday
2012-06-23,FOODS_3,2574.0,4002.0,0.6431784107946027,6,2012,Saturday
2012-06-24,FOODS_3,3035.0,4206.0,0.7215882073228721,6,2012,Sunday
2012-06-25,FOODS_3,1954.0,4014.0,0.48679621325361233,6,2012,Monday
2012-06-26,FOODS_3,1749.0,4205.0,0.4159334126040428,6,2012,Tuesday
2012-06-27,FOODS_3,1719.0,3999.0,0.4298574643660915,6,2012,Wednesday
2012-06-28,FOODS_3,2128.0,4171.0,0.5101894030208584,6,2012,Thursday
2012-06-29,FOODS_3,2357.0,3986.0,0.5913196186653287,6,2012,Friday
2012-06-30,FOODS_3,2882.0,4170.0,0.6911270983213429,6,2012,Saturday
2012-07-01,FOODS_3,3148.0,3961.0,0.7947488008078768,7,2012,Sunday
2012-07-02,FOODS_3,2332.0,4159.0,0.5607117095455638,7,2012,Monday
2012-07-03,FOODS_3,2576.0,3960.0,0.6505050505050505,7,2012,Tuesday
2012-07-04,FOODS_3,2183.0,4093.0,0.5333496213046665,7,2012,Wednesday
2012-07-05,FOODS_3,1890.0,3892.0,0.4856115107913669,7,2012,Thursday
2012-07-06,FOODS_3,2499.0,4052.0,0.6167324777887463,7,2012,Friday
2012-07-07,FOODS_3,2716.0,3875.0,0.7009032258064516,7,2012,Saturday
2012-07-08,FOODS_3,3101.0,4085.0,0.7591187270501836,7,2012,Sunday
2012-07-09,FOODS_3,2435.0,3904.0,0.623719262295082,7,2012,Monday
2012-07-10,FOODS_3,2162.0,4115.0,0.5253948967193196,7,2012,Tuesday
2012-07-11,FOODS_3,1972.0,3938.0,0.5007618080243779,7,2012,Wednesday
2012-07-12,FOODS_3,2002.0,4160.0,0.48125,7,2012,Thursday
2012-07-13,FOODS_3,2250.0,3958.0,0.5684689236988378,7,2012,Friday
2012-07-14,FOODS_3,2547.0,4168.0,0.611084452975048,7,2012,Saturday
2012-07-15,FOODS_3,2728.0,4000.0,0.682,7,2012,Sunday
2012-07-16,FOODS_3,1763.0,4179.0,0.421871261067241,7,2012,Monday
2012-07-17,FOODS_3,1787.0,4024.0,0.4440854870775348,7,2012,Tuesday
2012-07-18,FOODS_3,1824.0,4203.0,0.43397573162027125,7,2012,Wednesday
2012-07-19,FOODS_3,1850.0,4011.0,0.4612316130640738,7,2012,Thursday
2012-07-20,FOODS_3,2548.0,4195.0,0.6073897497020262,7,2012,Friday
2012-07-21,FOODS_3,2822.0,3996.0,0.7062062062062062,7,2012,Saturday
2012-07-22,FOODS_3,2815.0,4172.0,0.6747363374880153,7,2012,Sunday
2012-07-23,FOODS_3,1759.0,3971.0,0.4429614706623017,7,2012,Monday
2012-07-24,FOODS_3,1675.0,4186.0,0.4001433349259436,7,2012,Tuesday
2012-07-25,FOODS_3,1732.0,4006.0,0.43235147279081376,7,2012,Wednesday
2012-07-26,FOODS_3,2030.0,4169.0,0.4869273207004078,7,2012,Thursday
2012-07-27,FOODS_3,2160.0,3991.0,0.5412177399148084,7,2012,Friday
2012-07-28,FOODS_3,2065.0,4145.0,0.49819059107358266,7,2012,Saturday
2012-07-29,FOODS_3,2438.0,3969.0,0.6142605190224237,7,2012,Sunday
2012-07-30,FOODS_3,1845.0,4177.0,0.4417045726598037,7,2012,Monday
2012-07-31,FOODS_3,1730.0,3980.0,0.43467336683417085,7,2012,Tuesday
2012-08-01,FOODS_3,1958.0,4147.0,0.47214854111405835,8,2012,Wednesday
2012-08-02,FOODS_3,2269.0,3980.0,0.5701005025125628,8,2012,Thursday
2012-08-03,FOODS_3,2461.0,4179.0,0.5888968652787748,8,2012,Friday
2012-08-04,FOODS_3,2756.0,3991.0,0.6905537459283387,8,2012,Saturday
2012-08-05,FOODS_3,3112.0,4176.0,0.7452107279693486,8,2012,Sunday
2012-08-06,FOODS_3,2546.0,3992.0,0.6377755511022044,8,2012,Monday
2012-08-07,FOODS_3,2176.0,4142.0,0.5253500724287784,8,2012,Tuesday
2012-08-08,FOODS_3,2254.0,3969.0,0.5679012345679012,8,2012,Wednesday
2012-08-09,FOODS_3,2241.0,4186.0,0.5353559483994267,8,2012,Thursday
2012-08-10,FOODS_3,2792.0,3993.0,0.6992236413724017,8,2012,Friday
2012-08-11,FOODS_3,3321.0,4213.0,0.788274388796582,8,2012,Saturday
2012-08-12,FOODS_3,3133.0,4044.0,0.7747279920870426,8,2012,Sunday
2012-08-13,FOODS_3,2355.0,4209.0,0.5595153243050606,8,2012,Monday
2012-08-14,FOODS_3,2124.0,4010.0,0.5296758104738155,8,2012,Tuesday
2012-08-15,FOODS_3,1973.0,4217.0,0.4678681527152004,8,2012,Wednesday
2012-08-16,FOODS_3,2283.0,4032.0,0.5662202380952381,8,2012,Thursday
2012-08-17,FOODS_3,2616.0,4216.0,0.6204933586337761,8,2012,Friday
2012-08-18,FOODS_3,3474.0,4012.0,0.865902293120638,8,2012,Saturday
2012-08-19,FOODS_3,3489.0,4215.0,0.8277580071174377,8,2012,Sunday
2012-08-20,FOODS_3,2180.0,4042.0,0.5393369619000494,8,2012,Monday
2012-08-21,FOODS_3,1985.0,4207.0,0.47183265985262657,8,2012,Tuesday
2012-08-22,FOODS_3,1749.0,4011.0,0.4360508601346298,8,2012,Wednesday
2012-08-23,FOODS_3,1818.0,4175.0,0.43544910179640717,8,2012,Thursday
2012-08-24,FOODS_3,2080.0,3972.0,0.5236656596173213,8,2012,Friday
2012-08-25,FOODS_3,2869.0,4140.0,0.6929951690821256,8,2012,Saturday
2012-08-26,FOODS_3,3010.0,3954.0,0.761254425897825,8,2012,Sunday
2012-08-27,FOODS_3,1940.0,4118.0,0.4711024769305488,8,2012,Monday
2012-08-28,FOODS_3,1840.0,3936.0,0.46747967479674796,8,2012,Tuesday
2012-08-29,FOODS_3,1620.0,4152.0,0.3901734104046243,8,2012,Wednesday
2012-08-30,FOODS_3,1777.0,3982.0,0.446258161727775,8,2012,Thursday
2012-08-31,FOODS_3,2195.0,4179.0,0.5252452739889926,8,2012,Friday
2012-09-01,FOODS_3,3429.0,3982.0,0.8611250627825213,9,2012,Saturday
2012-09-02,FOODS_3,3242.0,4201.0,0.7717210188050464,9,2012,Sunday
2012-09-03,FOODS_3,2973.0,3984.0,0.7462349397590361,9,2012,Monday
2012-09-04,FOODS_3,2070.0,4202.0,0.4926225606853879,9,2012,Tuesday
2012-09-05,FOODS_3,1875.0,4025.0,0.4658385093167702,9,2012,Wednesday
2012-09-06,FOODS_3,1713.0,4188.0,0.40902578796561606,9,2012,Thursday
2012-09-07,FOODS_3,2300.0,3994.0,0.5758637956935403,9,2012,Friday
2012-09-08,FOODS_3,2756.0,4208.0,0.6549429657794676,9,2012,Saturday
2012-09-09,FOODS_3,3217.0,4020.0,0.8002487562189055,9,2012,Sunday
2012-09-10,FOODS_3,2029.0,4217.0,0.48114773535688876,9,2012,Monday
2012-09-11,FOODS_3,1802.0,4032.0,0.4469246031746032,9,2012,Tuesday
2012-09-12,FOODS_3,1649.0,4214.0,0.39131466540104415,9,2012,Wednesday
2012-09-13,FOODS_3,1820.0,4029.0,0.4517249937949864,9,2012,Thursday
2012-09-14,FOODS_3,2210.0,4230.0,0.5224586288416075,9,2012,Friday
2012-09-15,FOODS_3,2687.0,4036.0,0.6657581764122894,9,2012,Saturday
2012-09-16,FOODS_3,3063.0,4215.0,0.7266903914590748,9,2012,Sunday
2012-09-17,FOODS_3,1832.0,4001.0,0.45788552861784554,9,2012,Monday
2012-09-18,FOODS_3,1715.0,4211.0,0.40726668249821896,9,2012,Tuesday
2012-09-19,FOODS_3,1496.0,4028.0,0.3714001986097319,9,2012,Wednesday
2012-09-20,FOODS_3,1711.0,4192.0,0.40815839694656486,9,2012,Thursday
2012-09-21,FOODS_3,2110.0,4001.0,0.5273681579605098,9,2012,Friday
2012-09-22,FOODS_3,2729.0,4199.0,0.6499166468206716,9,2012,Saturday
2012-09-23,FOODS_3,2996.0,4015.0,0.7462017434620174,9,2012,Sunday
2012-09-24,FOODS_3,1614.0,4206.0,0.38373751783166904,9,2012,Monday
2012-09-25,FOODS_3,1547.0,4040.0,0.38292079207920793,9,2012,Tuesday
2012-09-26,FOODS_3,1521.0,4189.0,0.3630938171401289,9,2012,Wednesday
2012-09-27,FOODS_3,1446.0,3987.0,0.36267870579382994,9,2012,Thursday
2012-09-28,FOODS_3,2072.0,4179.0,0.49581239530988275,9,2012,Friday
2012-09-29,FOODS_3,2616.0,3974.0,0.6582788122798188,9,2012,Saturday
2012-09-30,FOODS_3,2984.0,4156.0,0.7179980750721848,9,2012,Sunday
2012-10-01,FOODS_3,2172.0,3958.0,0.5487620010106115,10,2012,Monday
2012-10-02,FOODS_3,2325.0,4088.0,0.5687377690802349,10,2012,Tuesday
2012-10-03,FOODS_3,2077.0,3875.0,0.536,10,2012,Wednesday
2012-10-04,FOODS_3,1852.0,4102.0,0.4514870794734276,10,2012,Thursday
2012-10-05,FOODS_3,2016.0,3912.0,0.5153374233128835,10,2012,Friday
2012-10-06,FOODS_3,2783.0,4115.0,0.6763061968408263,10,2012,Saturday
2012-10-07,FOODS_3,3295.0,3919.0,0.8407757080887982,10,2012,Sunday
2012-10-08,FOODS_3,2250.0,4086.0,0.5506607929515418,10,2012,Monday
2012-10-09,FOODS_3,1910.0,3895.0,0.49037227214377405,10,2012,Tuesday
2012-10-10,FOODS_3,1704.0,4079.0,0.4177494483942143,10,2012,Wednesday
2012-10-11,FOODS_3,1570.0,3875.0,0.40516129032258064,10,2012,Thursday
2012-10-12,FOODS_3,2036.0,4054.0,0.5022200296003947,10,2012,Friday
2012-10-13,FOODS_3,2218.0,3839.0,0.5777546235998958,10,2012,Saturday
2012-10-14,FOODS_3,2478.0,4061.0,0.6101945333661659,10,2012,Sunday
2012-10-15,FOODS_3,1648.0,3900.0,0.42256410256410254,10,2012,Monday
2012-10-16,FOODS_3,1517.0,4129.0,0.36740130782271735,10,2012,Tuesday
2012-10-17,FOODS_3,1545.0,3953.0,0.39084239817859856,10,2012,Wednesday
2012-10-18,FOODS_3,1428.0,4129.0,0.34584645192540564,10,2012,Thursday
2012-10-19,FOODS_3,1876.0,3932.0,0.47711088504577825,10,2012,Friday
2012-10-20,FOODS_3,2128.0,4114.0,0.5172581429265921,10,2012,Saturday
2012-10-21,FOODS_3,2416.0,3948.0,0.6119554204660588,10,2012,Sunday
2012-10-22,FOODS_3,1596.0,4134.0,0.386066763425254,10,2012,Monday
2012-10-23,FOODS_3,1408.0,3945.0,0.35690747782002535,10,2012,Tuesday
2012-10-24,FOODS_3,1349.0,4150.0,0.32506024096385544,10,2012,Wednesday
2012-10-25,FOODS_3,1508.0,3966.0,0.38023197175995965,10,2012,Thursday
2012-10-26,FOODS_3,1927.0,4105.0,0.4694275274056029,10,2012,Friday
2012-10-27,FOODS_3,2360.0,3948.0,0.5977710233029382,10,2012,Saturday
2012-10-28,FOODS_3,2521.0,4153.0,0.6070310618829762,10,2012,Sunday
2012-10-29,FOODS_3,1796.0,3977.0,0.4515966809152628,10,2012,Monday
2012-10-30,FOODS_3,1640.0,4123.0,0.39776861508610234,10,2012,Tuesday
2012-10-31,FOODS_3,1165.0,3922.0,0.29704232534421215,10,2012,Wednesday
2012-11-01,FOODS_3,1649.0,4124.0,0.3998545101842871,11,2012,Thursday
2012-11-02,FOODS_3,1991.0,3923.0,0.5075197552893194,11,2012,Friday
2012-11-03,FOODS_3,2620.0,4103.0,0.6385571533024617,11,2012,Saturday
2012-11-04,FOODS_3,2667.0,3890.0,0.6856041131105398,11,2012,Sunday
2012-11-05,FOODS_3,2012.0,4088.0,0.49217221135029354,11,2012,Monday
2012-11-06,FOODS_3,1608.0,3915.0,0.410727969348659,11,2012,Tuesday
2012-11-07,FOODS_3,1724.0,4145.0,0.4159227985524729,11,2012,Wednesday
2012-11-08,FOODS_3,1662.0,3924.0,0.4235474006116208,11,2012,Thursday
2012-11-09,FOODS_3,2104.0,4085.0,0.5150550795593635,11,2012,Friday
2012-11-10,FOODS_3,2635.0,3915.0,0.6730523627075351,11,2012,Saturday
2012-11-11,FOODS_3,2648.0,4078.0,0.6493379107405591,11,2012,Sunday
2012-11-12,FOODS_3,1866.0,3891.0,0.47956823438704704,11,2012,Monday
2012-11-13,FOODS_3,1593.0,4097.0,0.3888210886014157,11,2012,Tuesday
2012-11-14,FOODS_3,1330.0,3918.0,0.3394589076059214,11,2012,Wednesday
2012-11-15,FOODS_3,1473.0,4109.0,0.35848138233146754,11,2012,Thursday
2012-11-16,FOODS_3,1878.0,3930.0,0.4778625954198473,11,2012,Friday
2012-11-17,FOODS_3,2613.0,4122.0,0.63391557496361,11,2012,Saturday
2012-11-18,FOODS_3,2355.0,3949.0,0.596353507217017,11,2012,Sunday
2012-11-19,FOODS_3,1882.0,4196.0,0.44852240228789325,11,2012,Monday
2012-11-20,FOODS_3,2071.0,4013.0,0.5160727635185647,11,2012,Tuesday
2012-11-21,FOODS_3,2450.0,4174.0,0.5869669381887878,11,2012,Wednesday
2012-11-22,FOODS_3,1452.0,3981.0,0.36473247927656366,11,2012,Thursday
2012-11-23,FOODS_3,1296.0,4224.0,0.3068181818181818,11,2012,Friday
2012-11-24,FOODS_3,1631.0,4012.0,0.40653040877367896,11,2012,Saturday
2012-11-25,FOODS_3,1898.0,4207.0,0.451152840503922,11,2012,Sunday
2012-11-26,FOODS_3,1515.0,4011.0,0.3777112939416604,11,2012,Monday
2012-11-27,FOODS_3,1324.0,4193.0,0.3157643691867398,11,2012,Tuesday
2012-11-28,FOODS_3,1305.0,4000.0,0.32625,11,2012,Wednesday
2012-11-29,FOODS_3,1161.0,4197.0,0.27662616154395997,11,2012,Thursday
2012-11-30,FOODS_3,1597.0,4007.0,0.3985525330671325,11,2012,Friday
2012-12-01,FOODS_3,2611.0,4193.0,0.6227045075125208,12,2012,Saturday
2012-12-02,FOODS_3,2194.0,4001.0,0.5483629092726818,12,2012,Sunday
2012-12-03,FOODS_3,2030.0,4186.0,0.48494983277591974,12,2012,Monday
2012-12-04,FOODS_3,1496.0,4004.0,0.37362637362637363,12,2012,Tuesday
2012-12-05,FOODS_3,1513.0,4184.0,0.36161567877629064,12,2012,Wednesday
2012-12-06,FOODS_3,1704.0,3994.0,0.4266399599399099,12,2012,Thursday
2012-12-07,FOODS_3,2080.0,4171.0,0.4986813713737713,12,2012,Friday
2012-12-08,FOODS_3,2646.0,3979.0,0.6649912038200553,12,2012,Saturday
2012-12-09,FOODS_3,2608.0,4181.0,0.6237742166945707,12,2012,Sunday
2012-12-10,FOODS_3,2093.0,3981.0,0.5257472996734489,12,2012,Monday
2012-12-11,FOODS_3,1597.0,4210.0,0.3793349168646081,12,2012,Tuesday
2012-12-12,FOODS_3,1577.0,4014.0,0.39287493771798704,12,2012,Wednesday
2012-12-13,FOODS_3,1494.0,4171.0,0.3581874850155838,12,2012,Thursday
2012-12-14,FOODS_3,1851.0,4012.0,0.46136590229312063,12,2012,Friday
2012-12-15,FOODS_3,2366.0,4212.0,0.5617283950617284,12,2012,Saturday
2012-12-16,FOODS_3,2421.0,4012.0,0.6034396809571286,12,2012,Sunday
2012-12-17,FOODS_3,1695.0,4218.0,0.4018492176386913,12,2012,Monday
2012-12-18,FOODS_3,1703.0,4013.0,0.4243707949165213,12,2012,Tuesday
2012-12-19,FOODS_3,1611.0,4184.0,0.38503824091778205,12,2012,Wednesday
2012-12-20,FOODS_3,1787.0,3981.0,0.448882190404421,12,2012,Thursday
2012-12-21,FOODS_3,1912.0,4140.0,0.4618357487922705,12,2012,Friday
2012-12-22,FOODS_3,2689.0,3949.0,0.6809318814889845,12,2012,Saturday
2012-12-23,FOODS_3,2455.0,4121.0,0.595729191943703,12,2012,Sunday
2012-12-24,FOODS_3,2029.0,3948.0,0.5139311043566362,12,2012,Monday
2012-12-25,FOODS_3,0.0,4130.0,0.0,12,2012,Tuesday
2012-12-26,FOODS_3,1574.0,3945.0,0.39898605830164763,12,2012,Wednesday
2012-12-27,FOODS_3,1478.0,4157.0,0.35554486408467645,12,2012,Thursday
2012-12-28,FOODS_3,1762.0,3965.0,0.44438839848675915,12,2012,Friday
2012-12-29,FOODS_3,1989.0,4158.0,0.47835497835497837,12,2012,Saturday
2012-12-30,FOODS_3,2340.0,3976.0,0.5885311871227364,12,2012,Sunday
2012-12-31,FOODS_3,2318.0,4171.0,0.5557420282905778,12,2012,Monday
2013-01-01,FOODS_3,1358.0,4005.0,0.3390761548064919,1,2013,Tuesday
2013-01-02,FOODS_3,1652.0,4191.0,0.3941780004772131,1,2013,Wednesday
2013-01-03,FOODS_3,2044.0,4012.0,0.5094715852442672,1,2013,Thursday
2013-01-04,FOODS_3,2110.0,4183.0,0.5044226631604112,1,2013,Friday
2013-01-05,FOODS_3,2373.0,3994.0,0.5941412118177266,1,2013,Saturday
2013-01-06,FOODS_3,2571.0,4177.0,0.6155135264543931,1,2013,Sunday
2013-01-07,FOODS_3,2002.0,4004.0,0.5,1,2013,Monday
2013-01-08,FOODS_3,1736.0,4172.0,0.4161073825503356,1,2013,Tuesday
2013-01-09,FOODS_3,1424.0,3991.0,0.35680280631420697,1,2013,Wednesday
2013-01-10,FOODS_3,1730.0,4200.0,0.4119047619047619,1,2013,Thursday
2013-01-11,FOODS_3,1994.0,4013.0,0.4968851233491154,1,2013,Friday
2013-01-12,FOODS_3,2652.0,4203.0,0.6309778729478943,1,2013,Saturday
2013-01-13,FOODS_3,2409.0,4008.0,0.6010479041916168,1,2013,Sunday
2013-01-14,FOODS_3,1642.0,4203.0,0.3906733285748275,1,2013,Monday
2013-01-15,FOODS_3,1489.0,3998.0,0.37243621810905453,1,2013,Tuesday
2013-01-16,FOODS_3,1401.0,4137.0,0.3386511965192168,1,2013,Wednesday
2013-01-17,FOODS_3,1503.0,3927.0,0.3827349121466769,1,2013,Thursday
2013-01-18,FOODS_3,1890.0,4147.0,0.45575114540631784,1,2013,Friday
2013-01-19,FOODS_3,2494.0,3961.0,0.6296389800555415,1,2013,Saturday
2013-01-20,FOODS_3,2112.0,4174.0,0.5059894585529469,1,2013,Sunday
2013-01-21,FOODS_3,1805.0,3955.0,0.4563843236409608,1,2013,Monday
2013-01-22,FOODS_3,1307.0,4157.0,0.31440942987731535,1,2013,Tuesday
2013-01-23,FOODS_3,1207.0,3975.0,0.3036477987421384,1,2013,Wednesday
2013-01-24,FOODS_3,1180.0,4172.0,0.2828379674017258,1,2013,Thursday
2013-01-25,FOODS_3,1494.0,3969.0,0.3764172335600907,1,2013,Friday
2013-01-26,FOODS_3,2336.0,4154.0,0.562349542609533,1,2013,Saturday
2013-01-27,FOODS_3,2156.0,3958.0,0.5447195553309753,1,2013,Sunday
2013-01-28,FOODS_3,1467.0,4148.0,0.35366441658630665,1,2013,Monday
2013-01-29,FOODS_3,1414.0,3961.0,0.35698056046452914,1,2013,Tuesday
2013-01-30,FOODS_3,1206.0,4160.0,0.2899038461538462,1,2013,Wednesday
2013-01-31,FOODS_3,1467.0,3970.0,0.36952141057934507,1,2013,Thursday
2013-02-01,FOODS_3,2141.0,4145.0,0.5165259348612786,2,2013,Friday
2013-02-02,FOODS_3,3207.0,3952.0,0.8114878542510121,2,2013,Saturday
2013-02-03,FOODS_3,2391.0,4169.0,0.5735188294555049,2,2013,Sunday
2013-02-04,FOODS_3,1610.0,3974.0,0.4051333668847509,2,2013,Monday
2013-02-05,FOODS_3,1592.0,4146.0,0.3839845634346358,2,2013,Tuesday
2013-02-06,FOODS_3,1654.0,3956.0,0.41809908998988876,2,2013,Wednesday
2013-02-07,FOODS_3,1664.0,4157.0,0.4002886697137359,2,2013,Thursday
2013-02-08,FOODS_3,1975.0,3983.0,0.49585739392417777,2,2013,Friday
2013-02-09,FOODS_3,2749.0,4165.0,0.6600240096038416,2,2013,Saturday
2013-02-10,FOODS_3,2832.0,3969.0,0.7135298563869993,2,2013,Sunday
2013-02-11,FOODS_3,1927.0,4143.0,0.4651218923485397,2,2013,Monday
2013-02-12,FOODS_3,1481.0,3961.0,0.37389548093915675,2,2013,Tuesday
2013-02-13,FOODS_3,1696.0,4106.0,0.41305406721870436,2,2013,Wednesday
2013-02-14,FOODS_3,1424.0,3900.0,0.36512820512820515,2,2013,Thursday
2013-02-15,FOODS_3,1960.0,4097.0,0.4783988284110325,2,2013,Friday
2013-02-16,FOODS_3,2468.0,3925.0,0.6287898089171975,2,2013,Saturday
2013-02-17,FOODS_3,2366.0,4131.0,0.5727426773178407,2,2013,Sunday
2013-02-18,FOODS_3,1752.0,3950.0,0.44354430379746834,2,2013,Monday
2013-02-19,FOODS_3,1354.0,4147.0,0.3265010851217748,2,2013,Tuesday
2013-02-20,FOODS_3,1577.0,3945.0,0.39974651457541194,2,2013,Wednesday
2013-02-21,FOODS_3,1608.0,4134.0,0.3889695210449927,2,2013,Thursday
2013-02-22,FOODS_3,1969.0,3948.0,0.4987335359675785,2,2013,Friday
2013-02-23,FOODS_3,2280.0,4175.0,0.5461077844311377,2,2013,Saturday
2013-02-24,FOODS_3,2284.0,3979.0,0.5740135712490575,2,2013,Sunday
2013-02-25,FOODS_3,1581.0,4162.0,0.3798654493032196,2,2013,Monday
2013-02-26,FOODS_3,1454.0,3969.0,0.36633912824389014,2,2013,Tuesday
2013-02-27,FOODS_3,1494.0,4126.0,0.362094037809016,2,2013,Wednesday
2013-02-28,FOODS_3,1536.0,3933.0,0.3905415713196034,2,2013,Thursday
2013-03-01,FOODS_3,1943.0,4129.0,0.470573988859288,3,2013,Friday
2013-03-02,FOODS_3,2631.0,3955.0,0.6652338811630847,3,2013,Saturday
2013-03-03,FOODS_3,2864.0,4137.0,0.6922890983804689,3,2013,Sunday
2013-03-04,FOODS_3,1884.0,3938.0,0.47841543930929403,3,2013,Monday
2013-03-05,FOODS_3,1639.0,4151.0,0.3948446157552397,3,2013,Tuesday
2013-03-06,FOODS_3,1763.0,3946.0,0.44678155093765837,3,2013,Wednesday
2013-03-07,FOODS_3,1666.0,4149.0,0.40154254037117376,3,2013,Thursday
2013-03-08,FOODS_3,2078.0,3962.0,0.5244825845532559,3,2013,Friday
2013-03-09,FOODS_3,2544.0,4131.0,0.615831517792302,3,2013,Saturday
2013-03-10,FOODS_3,2476.0,3944.0,0.6277890466531441,3,2013,Sunday
2013-03-11,FOODS_3,1747.0,4111.0,0.42495743128192653,3,2013,Monday
2013-03-12,FOODS_3,1527.0,3924.0,0.38914373088685017,3,2013,Tuesday
2013-03-13,FOODS_3,1420.0,4116.0,0.34499514091350825,3,2013,Wednesday
2013-03-14,FOODS_3,1546.0,3960.0,0.3904040404040404,3,2013,Thursday
2013-03-15,FOODS_3,1884.0,4133.0,0.4558432131623518,3,2013,Friday
2013-03-16,FOODS_3,2376.0,3946.0,0.6021287379624937,3,2013,Saturday
2013-03-17,FOODS_3,2425.0,4142.0,0.585465958474167,3,2013,Sunday
2013-03-18,FOODS_3,1453.0,3956.0,0.3672901921132457,3,2013,Monday
2013-03-19,FOODS_3,1398.0,4147.0,0.33711116469737157,3,2013,Tuesday
2013-03-20,FOODS_3,1622.0,3940.0,0.4116751269035533,3,2013,Wednesday
2013-03-21,FOODS_3,1549.0,4091.0,0.3786360303104375,3,2013,Thursday
2013-03-22,FOODS_3,2028.0,3911.0,0.5185374584505241,3,2013,Friday
2013-03-23,FOODS_3,2399.0,4128.0,0.5811531007751938,3,2013,Saturday
2013-03-24,FOODS_3,2458.0,3958.0,0.6210207175341081,3,2013,Sunday
2013-03-25,FOODS_3,1630.0,4134.0,0.3942912433478471,3,2013,Monday
2013-03-26,FOODS_3,1615.0,3953.0,0.4085504679989881,3,2013,Tuesday
2013-03-27,FOODS_3,1472.0,4128.0,0.35658914728682173,3,2013,Wednesday
2013-03-28,FOODS_3,1926.0,3932.0,0.4898270600203459,3,2013,Thursday
2013-03-29,FOODS_3,2434.0,4121.0,0.590633341421985,3,2013,Friday
2013-03-30,FOODS_3,3296.0,3925.0,0.8397452229299363,3,2013,Saturday
2013-03-31,FOODS_3,2526.0,4107.0,0.6150474799123448,3,2013,Sunday
2013-04-01,FOODS_3,1731.0,3927.0,0.440794499618029,4,2013,Monday
2013-04-02,FOODS_3,1863.0,4114.0,0.4528439474963539,4,2013,Tuesday
2013-04-03,FOODS_3,2002.0,3925.0,0.510063694267516,4,2013,Wednesday
2013-04-04,FOODS_3,1939.0,4110.0,0.47177615571776155,4,2013,Thursday
2013-04-05,FOODS_3,2275.0,3934.0,0.5782918149466192,4,2013,Friday
2013-04-06,FOODS_3,2742.0,4124.0,0.6648884578079535,4,2013,Saturday
2013-04-07,FOODS_3,2999.0,3947.0,0.7598175829744109,4,2013,Sunday
2013-04-08,FOODS_3,1948.0,4144.0,0.4700772200772201,4,2013,Monday
2013-04-09,FOODS_3,1931.0,3958.0,0.48787266296109144,4,2013,Tuesday
2013-04-10,FOODS_3,1991.0,4156.0,0.47906641000962463,4,2013,Wednesday
2013-04-11,FOODS_3,1856.0,3998.0,0.464232116058029,4,2013,Thursday
2013-04-12,FOODS_3,1951.0,4150.0,0.47012048192771083,4,2013,Friday
2013-04-13,FOODS_3,2423.0,3975.0,0.6095597484276729,4,2013,Saturday
2013-04-14,FOODS_3,2425.0,4142.0,0.585465958474167,4,2013,Sunday
2013-04-15,FOODS_3,1663.0,3945.0,0.42154626108998733,4,2013,Monday
2013-04-16,FOODS_3,1457.0,4147.0,0.3513383168555582,4,2013,Tuesday
2013-04-17,FOODS_3,1569.0,3956.0,0.3966127401415571,4,2013,Wednesday
2013-04-18,FOODS_3,1529.0,4160.0,0.36754807692307695,4,2013,Thursday
2013-04-19,FOODS_3,2074.0,3988.0,0.5200601805416248,4,2013,Friday
2013-04-20,FOODS_3,2562.0,4169.0,0.6145358599184456,4,2013,Saturday
2013-04-21,FOODS_3,2696.0,3979.0,0.6775571751696406,4,2013,Sunday
2013-04-22,FOODS_3,1816.0,4188.0,0.43361986628462273,4,2013,Monday
2013-04-23,FOODS_3,1418.0,3982.0,0.3561024610748368,4,2013,Tuesday
2013-04-24,FOODS_3,1572.0,4114.0,0.38210986874088476,4,2013,Wednesday
2013-04-25,FOODS_3,1561.0,3921.0,0.3981127263453201,4,2013,Thursday
2013-04-26,FOODS_3,1811.0,4127.0,0.43881754300945,4,2013,Friday
2013-04-27,FOODS_3,2303.0,3950.0,0.5830379746835443,4,2013,Saturday
2013-04-28,FOODS_3,2555.0,4138.0,0.6174480425326244,4,2013,Sunday
2013-04-29,FOODS_3,1942.0,3923.0,0.4950293143002804,4,2013,Monday
2013-04-30,FOODS_3,1702.0,4103.0,0.41481842554228615,4,2013,Tuesday
2013-05-01,FOODS_3,1728.0,3910.0,0.44194373401534526,5,2013,Wednesday
2013-05-02,FOODS_3,2015.0,4119.0,0.4891964068948774,5,2013,Thursday
2013-05-03,FOODS_3,2520.0,3918.0,0.6431852986217458,5,2013,Friday
2013-05-04,FOODS_3,2828.0,4110.0,0.6880778588807785,5,2013,Saturday
2013-05-05,FOODS_3,2819.0,3921.0,0.718949247640908,5,2013,Sunday
2013-05-06,FOODS_3,2118.0,4102.0,0.5163334958556801,5,2013,Monday
2013-05-07,FOODS_3,1947.0,3906.0,0.49846390168970817,5,2013,Tuesday
2013-05-08,FOODS_3,1734.0,4076.0,0.4254170755642787,5,2013,Wednesday
2013-05-09,FOODS_3,1876.0,3897.0,0.48139594559917886,5,2013,Thursday
2013-05-10,FOODS_3,2174.0,4067.0,0.5345463486599459,5,2013,Friday
2013-05-11,FOODS_3,3150.0,3883.0,0.8112284316250322,5,2013,Saturday
2013-05-12,FOODS_3,2507.0,4069.0,0.616121897272057,5,2013,Sunday
2013-05-13,FOODS_3,1893.0,3878.0,0.48813821557503867,5,2013,Monday
2013-05-14,FOODS_3,1717.0,4076.0,0.42124631992149164,5,2013,Tuesday
2013-05-15,FOODS_3,1723.0,3891.0,0.44281675661783604,5,2013,Wednesday
2013-05-16,FOODS_3,1787.0,4093.0,0.436599071585634,5,2013,Thursday
2013-05-17,FOODS_3,2060.0,3907.0,0.5272587663168672,5,2013,Friday
2013-05-18,FOODS_3,2299.0,4079.0,0.5636185339544005,5,2013,Saturday
2013-05-19,FOODS_3,2779.0,3915.0,0.7098339719029374,5,2013,Sunday
2013-05-20,FOODS_3,1967.0,4116.0,0.477891156462585,5,2013,Monday
2013-05-21,FOODS_3,1738.0,3929.0,0.4423517434461695,5,2013,Tuesday
2013-05-22,FOODS_3,1675.0,4151.0,0.40351722476511687,5,2013,Wednesday
2013-05-23,FOODS_3,1749.0,3953.0,0.44244877308373387,5,2013,Thursday
2013-05-24,FOODS_3,2152.0,4142.0,0.5195557701593433,5,2013,Friday
2013-05-25,FOODS_3,2356.0,3964.0,0.5943491422805247,5,2013,Saturday
2013-05-26,FOODS_3,2230.0,4155.0,0.5367027677496992,5,2013,Sunday
2013-05-27,FOODS_3,2204.0,3959.0,0.5567062389492295,5,2013,Monday
2013-05-28,FOODS_3,1647.0,4143.0,0.39753801593048516,5,2013,Tuesday
2013-05-29,FOODS_3,1485.0,3987.0,0.3724604966139955,5,2013,Wednesday
2013-05-30,FOODS_3,1701.0,4158.0,0.4090909090909091,5,2013,Thursday
2013-05-31,FOODS_3,2220.0,3965.0,0.5598991172761665,5,2013,Friday
2013-06-01,FOODS_3,2943.0,4121.0,0.7141470516864838,6,2013,Saturday
2013-06-02,FOODS_3,2979.0,3932.0,0.7576297049847406,6,2013,Sunday
2013-06-03,FOODS_3,2103.0,4125.0,0.5098181818181818,6,2013,Monday
2013-06-04,FOODS_3,1962.0,3957.0,0.49583017437452614,6,2013,Tuesday
2013-06-05,FOODS_3,2102.0,4149.0,0.5066281031573874,6,2013,Wednesday
2013-06-06,FOODS_3,1550.0,3959.0,0.39151300833543823,6,2013,Thursday
2013-06-07,FOODS_3,2462.0,4179.0,0.5891361569753529,6,2013,Friday
2013-06-08,FOODS_3,2999.0,3990.0,0.7516290726817043,6,2013,Saturday
2013-06-09,FOODS_3,3117.0,4157.0,0.7498195814289151,6,2013,Sunday
2013-06-10,FOODS_3,2390.0,3966.0,0.6026222894604135,6,2013,Monday
2013-06-11,FOODS_3,1914.0,4144.0,0.46187258687258687,6,2013,Tuesday
2013-06-12,FOODS_3,1949.0,3959.0,0.4922960343521091,6,2013,Wednesday
2013-06-13,FOODS_3,2042.0,4173.0,0.4893362089623772,6,2013,Thursday
2013-06-14,FOODS_3,2668.0,3986.0,0.6693426994480682,6,2013,Friday
2013-06-15,FOODS_3,2938.0,4183.0,0.7023667224480038,6,2013,Saturday
2013-06-16,FOODS_3,2595.0,3980.0,0.6520100502512562,6,2013,Sunday
2013-06-17,FOODS_3,1949.0,4151.0,0.46952541556251504,6,2013,Monday
2013-06-18,FOODS_3,1884.0,3930.0,0.47938931297709925,6,2013,Tuesday
2013-06-19,FOODS_3,1604.0,4127.0,0.3886600436152169,6,2013,Wednesday
2013-06-20,FOODS_3,1866.0,3920.0,0.4760204081632653,6,2013,Thursday
2013-06-21,FOODS_3,2570.0,4087.0,0.628823097626621,6,2013,Friday
2013-06-22,FOODS_3,2852.0,3891.0,0.7329735286558725,6,2013,Saturday
2013-06-23,FOODS_3,2739.0,4106.0,0.6670725767169995,6,2013,Sunday
2013-06-24,FOODS_3,1859.0,3900.0,0.4766666666666667,6,2013,Monday
2013-06-25,FOODS_3,1616.0,4127.0,0.39156772473952023,6,2013,Tuesday
2013-06-26,FOODS_3,1995.0,3918.0,0.5091883614088821,6,2013,Wednesday
2013-06-27,FOODS_3,1990.0,4125.0,0.4824242424242424,6,2013,Thursday
2013-06-28,FOODS_3,2919.0,3928.0,0.7431262729124236,6,2013,Friday
2013-06-29,FOODS_3,3217.0,4135.0,0.7779927448609432,6,2013,Saturday
2013-06-30,FOODS_3,3197.0,3942.0,0.8110096397767631,6,2013,Sunday
2013-07-01,FOODS_3,2848.0,4156.0,0.685274302213667,7,2013,Monday
2013-07-02,FOODS_3,2795.0,3951.0,0.7074158440901037,7,2013,Tuesday
2013-07-03,FOODS_3,3053.0,4133.0,0.738688603919671,7,2013,Wednesday
2013-07-04,FOODS_3,2772.0,3948.0,0.7021276595744681,7,2013,Thursday
2013-07-05,FOODS_3,2780.0,4165.0,0.6674669867947179,7,2013,Friday
2013-07-06,FOODS_3,2527.0,3983.0,0.6344463971880492,7,2013,Saturday
2013-07-07,FOODS_3,3221.0,4131.0,0.7797143548777535,7,2013,Sunday
2013-07-08,FOODS_3,2324.0,3949.0,0.5885034185869841,7,2013,Monday
2013-07-09,FOODS_3,2211.0,4165.0,0.5308523409363746,7,2013,Tuesday
2013-07-10,FOODS_3,2255.0,3998.0,0.564032016008004,7,2013,Wednesday
2013-07-11,FOODS_3,2092.0,4183.0,0.5001195314367679,7,2013,Thursday
2013-07-12,FOODS_3,2500.0,4002.0,0.624687656171914,7,2013,Friday
2013-07-13,FOODS_3,2719.0,4198.0,0.6476893758932826,7,2013,Saturday
2013-07-14,FOODS_3,3165.0,3996.0,0.7920420420420421,7,2013,Sunday
2013-07-15,FOODS_3,2055.0,4204.0,0.48882017126546146,7,2013,Monday
2013-07-16,FOODS_3,1977.0,3999.0,0.4943735933983496,7,2013,Tuesday
2013-07-17,FOODS_3,2051.0,4218.0,0.48624940730203886,7,2013,Wednesday
2013-07-18,FOODS_3,2126.0,4027.0,0.527936429103551,7,2013,Thursday
2013-07-19,FOODS_3,2348.0,4187.0,0.5607833771196561,7,2013,Friday
2013-07-20,FOODS_3,2825.0,4001.0,0.7060734816295926,7,2013,Saturday
2013-07-21,FOODS_3,2958.0,4199.0,0.7044534412955465,7,2013,Sunday
2013-07-22,FOODS_3,1980.0,4019.0,0.49265986563821845,7,2013,Monday
2013-07-23,FOODS_3,2026.0,4191.0,0.48341684562157006,7,2013,Tuesday
2013-07-24,FOODS_3,1889.0,3994.0,0.4729594391587381,7,2013,Wednesday
2013-07-25,FOODS_3,1907.0,4203.0,0.45372353081132527,7,2013,Thursday
2013-07-26,FOODS_3,2111.0,4032.0,0.5235615079365079,7,2013,Friday
2013-07-27,FOODS_3,2404.0,4179.0,0.5752572385738215,7,2013,Saturday
2013-07-28,FOODS_3,2817.0,3997.0,0.7047785839379535,7,2013,Sunday
2013-07-29,FOODS_3,1938.0,4188.0,0.46275071633237824,7,2013,Monday
2013-07-30,FOODS_3,1879.0,4005.0,0.46916354556803996,7,2013,Tuesday
2013-07-31,FOODS_3,1804.0,4187.0,0.4308574158108431,7,2013,Wednesday
2013-08-01,FOODS_3,2223.0,4001.0,0.5556110972256936,8,2013,Thursday
2013-08-02,FOODS_3,2688.0,4164.0,0.6455331412103746,8,2013,Friday
2013-08-03,FOODS_3,3020.0,3973.0,0.7601308834633778,8,2013,Saturday
2013-08-04,FOODS_3,2833.0,4157.0,0.6815010825114265,8,2013,Sunday
2013-08-05,FOODS_3,2479.0,3999.0,0.619904976244061,8,2013,Monday
2013-08-06,FOODS_3,2090.0,4239.0,0.49304081151214907,8,2013,Tuesday
2013-08-07,FOODS_3,2450.0,4049.0,0.6050876759693752,8,2013,Wednesday
2013-08-08,FOODS_3,2288.0,4249.0,0.5384796422687691,8,2013,Thursday
2013-08-09,FOODS_3,2669.0,4065.0,0.656580565805658,8,2013,Friday
2013-08-10,FOODS_3,3729.0,4241.0,0.8792737561895779,8,2013,Saturday
2013-08-11,FOODS_3,3718.0,4041.0,0.9200692897797574,8,2013,Sunday
2013-08-12,FOODS_3,2575.0,4227.0,0.6091790868228057,8,2013,Monday
2013-08-13,FOODS_3,2136.0,4017.0,0.5317401045556386,8,2013,Tuesday
2013-08-14,FOODS_3,2057.0,4202.0,0.4895287958115183,8,2013,Wednesday
2013-08-15,FOODS_3,2457.0,4028.0,0.6099801390268124,8,2013,Thursday
2013-08-16,FOODS_3,2786.0,4226.0,0.6592522479886418,8,2013,Friday
2013-08-17,FOODS_3,3141.0,4034.0,0.7786316311353495,8,2013,Saturday
2013-08-18,FOODS_3,3400.0,4194.0,0.8106819265617549,8,2013,Sunday
2013-08-19,FOODS_3,2344.0,4004.0,0.5854145854145855,8,2013,Monday
2013-08-20,FOODS_3,1894.0,4213.0,0.4495608829812485,8,2013,Tuesday
2013-08-21,FOODS_3,2305.0,4010.0,0.5748129675810474,8,2013,Wednesday
2013-08-22,FOODS_3,2047.0,4140.0,0.49444444444444446,8,2013,Thursday
2013-08-23,FOODS_3,2332.0,3940.0,0.5918781725888325,8,2013,Friday
2013-08-24,FOODS_3,3104.0,4137.0,0.7503021513173798,8,2013,Saturday
2013-08-25,FOODS_3,4042.0,3975.0,1.0168553459119496,8,2013,Sunday
2013-08-26,FOODS_3,2080.0,4183.0,0.497250776954339,8,2013,Monday
2013-08-27,FOODS_3,1914.0,4007.0,0.477664087846269,8,2013,Tuesday
2013-08-28,FOODS_3,1767.0,4185.0,0.4222222222222222,8,2013,Wednesday
2013-08-29,FOODS_3,1903.0,4000.0,0.47575,8,2013,Thursday
2013-08-30,FOODS_3,2825.0,4213.0,0.6705435556610492,8,2013,Friday
2013-08-31,FOODS_3,3737.0,4014.0,0.9309915296462382,8,2013,Saturday
2013-09-01,FOODS_3,3751.0,4226.0,0.88760056791292,9,2013,Sunday
2013-09-02,FOODS_3,3485.0,4064.0,0.8575295275590551,9,2013,Monday
2013-09-03,FOODS_3,2494.0,4278.0,0.5829827021972884,9,2013,Tuesday
2013-09-04,FOODS_3,2282.0,4087.0,0.5583557621727429,9,2013,Wednesday
2013-09-05,FOODS_3,2319.0,4257.0,0.5447498238195913,9,2013,Thursday
2013-09-06,FOODS_3,2795.0,4079.0,0.6852169649423878,9,2013,Friday
2013-09-07,FOODS_3,3577.0,4270.0,0.8377049180327869,9,2013,Saturday
2013-09-08,FOODS_3,3960.0,4092.0,0.967741935483871,9,2013,Sunday
2013-09-09,FOODS_3,2578.0,4279.0,0.6024772143024071,9,2013,Monday
2013-09-10,FOODS_3,2230.0,4091.0,0.5450989978000489,9,2013,Tuesday
2013-09-11,FOODS_3,2021.0,4280.0,0.472196261682243,9,2013,Wednesday
2013-09-12,FOODS_3,1997.0,4103.0,0.48671703631489155,9,2013,Thursday
2013-09-13,FOODS_3,2485.0,4269.0,0.582103537128133,9,2013,Friday
2013-09-14,FOODS_3,3132.0,4086.0,0.7665198237885462,9,2013,Saturday
2013-09-15,FOODS_3,3135.0,4223.0,0.7423632488752072,9,2013,Sunday
2013-09-16,FOODS_3,2204.0,4044.0,0.5450049455984174,9,2013,Monday
2013-09-17,FOODS_3,2097.0,4223.0,0.49656642197489936,9,2013,Tuesday
2013-09-18,FOODS_3,1900.0,4044.0,0.4698318496538081,9,2013,Wednesday
2013-09-19,FOODS_3,1939.0,4228.0,0.4586092715231788,9,2013,Thursday
2013-09-20,FOODS_3,2410.0,4039.0,0.5966823471156226,9,2013,Friday
2013-09-21,FOODS_3,3173.0,4215.0,0.7527876631079478,9,2013,Saturday
2013-09-22,FOODS_3,3583.0,4026.0,0.8899652260307997,9,2013,Sunday
2013-09-23,FOODS_3,2170.0,4206.0,0.5159296243461722,9,2013,Monday
2013-09-24,FOODS_3,2010.0,4000.0,0.5025,9,2013,Tuesday
2013-09-25,FOODS_3,1647.0,4245.0,0.38798586572438165,9,2013,Wednesday
2013-09-26,FOODS_3,1821.0,4055.0,0.449075215782984,9,2013,Thursday
2013-09-27,FOODS_3,2366.0,4248.0,0.5569679849340866,9,2013,Friday
2013-09-28,FOODS_3,3341.0,4053.0,0.8243276585245497,9,2013,Saturday
2013-09-29,FOODS_3,3759.0,4281.0,0.8780658724597057,9,2013,Sunday
2013-09-30,FOODS_3,2452.0,4083.0,0.6005388194954691,9,2013,Monday
2013-10-01,FOODS_3,2469.0,4232.0,0.5834120982986768,10,2013,Tuesday
2013-10-02,FOODS_3,1816.0,4052.0,0.4481737413622902,10,2013,Wednesday
2013-10-03,FOODS_3,2184.0,4241.0,0.5149728837538317,10,2013,Thursday
2013-10-04,FOODS_3,2533.0,4046.0,0.6260504201680672,10,2013,Friday
2013-10-05,FOODS_3,3183.0,4239.0,0.7508846426043878,10,2013,Saturday
2013-10-06,FOODS_3,3398.0,4057.0,0.8375647029824994,10,2013,Sunday
2013-10-07,FOODS_3,2556.0,4223.0,0.6052569263556713,10,2013,Monday
2013-10-08,FOODS_3,2375.0,4029.0,0.5894762968478531,10,2013,Tuesday
2013-10-09,FOODS_3,2107.0,4219.0,0.49940744252192465,10,2013,Wednesday
2013-10-10,FOODS_3,2333.0,4031.0,0.5787645745472587,10,2013,Thursday
2013-10-11,FOODS_3,2432.0,4223.0,0.5758939142789486,10,2013,Friday
2013-10-12,FOODS_3,2723.0,4035.0,0.6748451053283767,10,2013,Saturday
2013-10-13,FOODS_3,3124.0,4237.0,0.7373141373613405,10,2013,Sunday
2013-10-14,FOODS_3,2159.0,4064.0,0.53125,10,2013,Monday
2013-10-15,FOODS_3,1730.0,4244.0,0.40763430725730443,10,2013,Tuesday
2013-10-16,FOODS_3,1681.0,4075.0,0.41251533742331287,10,2013,Wednesday
2013-10-17,FOODS_3,1871.0,4245.0,0.44075382803297997,10,2013,Thursday
2013-10-18,FOODS_3,2202.0,4059.0,0.5424981522542498,10,2013,Friday
2013-10-19,FOODS_3,2858.0,4263.0,0.6704198920947689,10,2013,Saturday
2013-10-20,FOODS_3,3175.0,4077.0,0.7787588913416728,10,2013,Sunday
2013-10-21,FOODS_3,2006.0,4245.0,0.4725559481743227,10,2013,Monday
2013-10-22,FOODS_3,1790.0,4055.0,0.44143033292231815,10,2013,Tuesday
2013-10-23,FOODS_3,1822.0,4234.0,0.430325932923949,10,2013,Wednesday
2013-10-24,FOODS_3,1636.0,4039.0,0.40505075513741023,10,2013,Thursday
2013-10-25,FOODS_3,2156.0,4242.0,0.5082508250825083,10,2013,Friday
2013-10-26,FOODS_3,2886.0,4068.0,0.7094395280235988,10,2013,Saturday
2013-10-27,FOODS_3,2923.0,4227.0,0.6915069789448781,10,2013,Sunday
2013-10-28,FOODS_3,2057.0,4052.0,0.5076505429417572,10,2013,Monday
2013-10-29,FOODS_3,1786.0,4218.0,0.42342342342342343,10,2013,Tuesday
2013-10-30,FOODS_3,1813.0,4033.0,0.44954128440366975,10,2013,Wednesday
2013-10-31,FOODS_3,1539.0,4226.0,0.36417415996213914,10,2013,Thursday
2013-11-01,FOODS_3,2437.0,4059.0,0.6003941857600394,11,2013,Friday
2013-11-02,FOODS_3,2824.0,4293.0,0.6578150477521547,11,2013,Saturday
2013-11-03,FOODS_3,3488.0,4099.0,0.8509392534764577,11,2013,Sunday
2013-11-04,FOODS_3,2171.0,4261.0,0.5095048110772119,11,2013,Monday
2013-11-05,FOODS_3,2063.0,4072.0,0.5066306483300589,11,2013,Tuesday
2013-11-06,FOODS_3,1986.0,4264.0,0.46575984990619135,11,2013,Wednesday
2013-11-07,FOODS_3,1928.0,4061.0,0.4747599113518838,11,2013,Thursday
2013-11-08,FOODS_3,2199.0,4263.0,0.5158339197748065,11,2013,Friday
2013-11-09,FOODS_3,2775.0,4059.0,0.6836659275683666,11,2013,Saturday
2013-11-10,FOODS_3,3174.0,4251.0,0.7466478475652788,11,2013,Sunday
2013-11-11,FOODS_3,2287.0,4065.0,0.5626076260762608,11,2013,Monday
2013-11-12,FOODS_3,1651.0,4259.0,0.38764968302418407,11,2013,Tuesday
2013-11-13,FOODS_3,1628.0,4085.0,0.398531211750306,11,2013,Wednesday
2013-11-14,FOODS_3,1776.0,4236.0,0.4192634560906516,11,2013,Thursday
2013-11-15,FOODS_3,1945.0,4052.0,0.48000987166831194,11,2013,Friday
2013-11-16,FOODS_3,2808.0,4195.0,0.6693682955899881,11,2013,Saturday
2013-11-17,FOODS_3,2969.0,3997.0,0.7428071053289967,11,2013,Sunday
2013-11-18,FOODS_3,1930.0,4190.0,0.4606205250596659,11,2013,Monday
2013-11-19,FOODS_3,1592.0,4007.0,0.397304716745695,11,2013,Tuesday
2013-11-20,FOODS_3,1638.0,4197.0,0.3902787705503931,11,2013,Wednesday
2013-11-21,FOODS_3,1668.0,4013.0,0.4156491402940444,11,2013,Thursday
2013-11-22,FOODS_3,1971.0,4195.0,0.4698450536352801,11,2013,Friday
2013-11-23,FOODS_3,2792.0,3982.0,0.7011551983927674,11,2013,Saturday
2013-11-24,FOODS_3,2918.0,4144.0,0.7041505791505791,11,2013,Sunday
2013-11-25,FOODS_3,2127.0,3963.0,0.5367146101438305,11,2013,Monday
2013-11-26,FOODS_3,2287.0,4159.0,0.5498918009136812,11,2013,Tuesday
2013-11-27,FOODS_3,2623.0,3965.0,0.6615384615384615,11,2013,Wednesday
2013-11-28,FOODS_3,1552.0,4154.0,0.3736157920077034,11,2013,Thursday
2013-11-29,FOODS_3,1428.0,3956.0,0.3609706774519717,11,2013,Friday
2013-11-30,FOODS_3,1719.0,4150.0,0.4142168674698795,11,2013,Saturday
2013-12-01,FOODS_3,2339.0,3972.0,0.5888721047331319,12,2013,Sunday
2013-12-02,FOODS_3,2517.0,4182.0,0.6018651362984218,12,2013,Monday
2013-12-03,FOODS_3,2129.0,4014.0,0.5303936223218735,12,2013,Tuesday
2013-12-04,FOODS_3,2071.0,4232.0,0.4893667296786389,12,2013,Wednesday
2013-12-05,FOODS_3,1979.0,4024.0,0.4917992047713718,12,2013,Thursday
2013-12-06,FOODS_3,2298.0,4209.0,0.5459729151817534,12,2013,Friday
2013-12-07,FOODS_3,3301.0,4031.0,0.8189034978913421,12,2013,Saturday
2013-12-08,FOODS_3,3005.0,4249.0,0.7072252294657566,12,2013,Sunday
2013-12-09,FOODS_3,2188.0,4054.0,0.5397138628515047,12,2013,Monday
2013-12-10,FOODS_3,2487.0,4256.0,0.5843515037593985,12,2013,Tuesday
2013-12-11,FOODS_3,1806.0,4074.0,0.44329896907216493,12,2013,Wednesday
2013-12-12,FOODS_3,1760.0,4219.0,0.41716046456506284,12,2013,Thursday
2013-12-13,FOODS_3,1965.0,4028.0,0.48783515392254223,12,2013,Friday
2013-12-14,FOODS_3,2687.0,4200.0,0.6397619047619048,12,2013,Saturday
2013-12-15,FOODS_3,2751.0,4044.0,0.68026706231454,12,2013,Sunday
2013-12-16,FOODS_3,2118.0,4214.0,0.502610346464167,12,2013,Monday
2013-12-17,FOODS_3,1732.0,4038.0,0.4289252105002476,12,2013,Tuesday
2013-12-18,FOODS_3,1755.0,4245.0,0.4134275618374558,12,2013,Wednesday
2013-12-19,FOODS_3,1806.0,4057.0,0.4451565195957604,12,2013,Thursday
2013-12-20,FOODS_3,1862.0,4242.0,0.4389438943894389,12,2013,Friday
2013-12-21,FOODS_3,2551.0,4053.0,0.6294103133481371,12,2013,Saturday
2013-12-22,FOODS_3,2657.0,4233.0,0.6276872194660997,12,2013,Sunday
2013-12-23,FOODS_3,2554.0,4058.0,0.6293740758994578,12,2013,Monday
2013-12-24,FOODS_3,1835.0,4199.0,0.4370088116218147,12,2013,Tuesday
2013-12-25,FOODS_3,0.0,4021.0,0.0,12,2013,Wednesday
2013-12-26,FOODS_3,1987.0,4192.0,0.47399809160305345,12,2013,Thursday
2013-12-27,FOODS_3,2110.0,3982.0,0.5298844801607232,12,2013,Friday
2013-12-28,FOODS_3,2506.0,4129.0,0.6069266166141923,12,2013,Saturday
2013-12-29,FOODS_3,2301.0,3927.0,0.5859434682964094,12,2013,Sunday
2013-12-30,FOODS_3,2384.0,4143.0,0.575428433502293,12,2013,Monday
2013-12-31,FOODS_3,2574.0,3945.0,0.6524714828897339,12,2013,Tuesday
2014-01-01,FOODS_3,1654.0,4115.0,0.40194410692588095,1,2014,Wednesday
2014-01-02,FOODS_3,2309.0,3919.0,0.5891809134983415,1,2014,Thursday
2014-01-03,FOODS_3,2479.0,4132.0,0.5999515972894482,1,2014,Friday
2014-01-04,FOODS_3,2824.0,3932.0,0.7182095625635809,1,2014,Saturday
2014-01-05,FOODS_3,3134.0,4118.0,0.7610490529383196,1,2014,Sunday
2014-01-06,FOODS_3,2340.0,3923.0,0.5964822839663523,1,2014,Monday
2014-01-07,FOODS_3,2087.0,4108.0,0.5080331061343719,1,2014,Tuesday
2014-01-08,FOODS_3,1928.0,3911.0,0.49296855024290465,1,2014,Wednesday
2014-01-09,FOODS_3,1647.0,4123.0,0.3994664079553723,1,2014,Thursday
2014-01-10,FOODS_3,2106.0,3918.0,0.5375191424196019,1,2014,Friday
2014-01-11,FOODS_3,3029.0,4103.0,0.7382403119668535,1,2014,Saturday
2014-01-12,FOODS_3,2940.0,3924.0,0.7492354740061162,1,2014,Sunday
2014-01-13,FOODS_3,2039.0,4094.0,0.4980459208597948,1,2014,Monday
2014-01-14,FOODS_3,1691.0,3890.0,0.43470437017994856,1,2014,Tuesday
2014-01-15,FOODS_3,1755.0,4085.0,0.42962056303549573,1,2014,Wednesday
2014-01-16,FOODS_3,1718.0,3895.0,0.4410783055198973,1,2014,Thursday
2014-01-17,FOODS_3,2287.0,4103.0,0.5573970265659274,1,2014,Friday
2014-01-18,FOODS_3,2941.0,3928.0,0.7487270875763747,1,2014,Saturday
2014-01-19,FOODS_3,2762.0,4133.0,0.6682796999758045,1,2014,Sunday
2014-01-20,FOODS_3,2048.0,3944.0,0.5192697768762677,1,2014,Monday
2014-01-21,FOODS_3,1434.0,4118.0,0.34822729480330256,1,2014,Tuesday
2014-01-22,FOODS_3,1631.0,3939.0,0.41406448337141405,1,2014,Wednesday
2014-01-23,FOODS_3,1505.0,4129.0,0.36449503511746184,1,2014,Thursday
2014-01-24,FOODS_3,2123.0,3954.0,0.5369246332827516,1,2014,Friday
2014-01-25,FOODS_3,2568.0,4148.0,0.6190935390549662,1,2014,Saturday
2014-01-26,FOODS_3,2917.0,3963.0,0.7360585415089579,1,2014,Sunday
2014-01-27,FOODS_3,1785.0,4146.0,0.4305354558610709,1,2014,Monday
2014-01-28,FOODS_3,1499.0,3947.0,0.3797821129972131,1,2014,Tuesday
2014-01-29,FOODS_3,1418.0,4180.0,0.33923444976076556,1,2014,Wednesday
2014-01-30,FOODS_3,1363.0,3983.0,0.34220436856640724,1,2014,Thursday
2014-01-31,FOODS_3,2227.0,4163.0,0.534950756665866,1,2014,Friday
2014-02-01,FOODS_3,3432.0,3968.0,0.8649193548387096,2,2014,Saturday
2014-02-02,FOODS_3,2962.0,4133.0,0.7166706992499395,2,2014,Sunday
2014-02-03,FOODS_3,2172.0,3945.0,0.5505703422053232,2,2014,Monday
2014-02-04,FOODS_3,1798.0,4105.0,0.4380024360535932,2,2014,Tuesday
2014-02-05,FOODS_3,1801.0,3918.0,0.459673302705462,2,2014,Wednesday
2014-02-06,FOODS_3,1844.0,4091.0,0.4507455389880225,2,2014,Thursday
2014-02-07,FOODS_3,2152.0,3911.0,0.5502429046279724,2,2014,Friday
2014-02-08,FOODS_3,2880.0,4100.0,0.7024390243902439,2,2014,Saturday
2014-02-09,FOODS_3,3131.0,3921.0,0.7985207855138995,2,2014,Sunday
2014-02-10,FOODS_3,2124.0,4130.0,0.5142857142857142,2,2014,Monday
2014-02-11,FOODS_3,1704.0,3946.0,0.4318297009630005,2,2014,Tuesday
2014-02-12,FOODS_3,1686.0,4131.0,0.4081336238198983,2,2014,Wednesday
2014-02-13,FOODS_3,1887.0,3929.0,0.4802748791040977,2,2014,Thursday
2014-02-14,FOODS_3,1733.0,4112.0,0.42144941634241245,2,2014,Friday
2014-02-15,FOODS_3,2457.0,3919.0,0.6269456494003572,2,2014,Saturday
2014-02-16,FOODS_3,2452.0,4126.0,0.5942801745031507,2,2014,Sunday
2014-02-17,FOODS_3,2001.0,3936.0,0.5083841463414634,2,2014,Monday
2014-02-18,FOODS_3,1478.0,4142.0,0.3568324480927088,2,2014,Tuesday
2014-02-19,FOODS_3,1402.0,3967.0,0.3534156793546761,2,2014,Wednesday
2014-02-20,FOODS_3,1488.0,4181.0,0.35589571872757714,2,2014,Thursday
2014-02-21,FOODS_3,1880.0,3978.0,0.4725992961287079,2,2014,Friday
2014-02-22,FOODS_3,2459.0,4167.0,0.5901127909767219,2,2014,Saturday
2014-02-23,FOODS_3,2572.0,3975.0,0.6470440251572327,2,2014,Sunday
2014-02-24,FOODS_3,1876.0,4181.0,0.4486964840947142,2,2014,Monday
2014-02-25,FOODS_3,1511.0,4007.0,0.3770900923384078,2,2014,Tuesday
2014-02-26,FOODS_3,1351.0,4189.0,0.32251133922177133,2,2014,Wednesday
2014-02-27,FOODS_3,1527.0,3994.0,0.38232348522784176,2,2014,Thursday
2014-02-28,FOODS_3,1697.0,4208.0,0.40327946768060835,2,2014,Friday
2014-03-01,FOODS_3,2704.0,4026.0,0.6716343765524093,3,2014,Saturday
2014-03-02,FOODS_3,2829.0,4162.0,0.6797212878423835,3,2014,Sunday
2014-03-03,FOODS_3,1907.0,3982.0,0.47890507282772476,3,2014,Monday
2014-03-04,FOODS_3,1687.0,4199.0,0.40176232436294357,3,2014,Tuesday
2014-03-05,FOODS_3,1502.0,4011.0,0.3744702069309399,3,2014,Wednesday
2014-03-06,FOODS_3,1569.0,4219.0,0.3718890732401043,3,2014,Thursday
2014-03-07,FOODS_3,2157.0,4029.0,0.5353685778108712,3,2014,Friday
2014-03-08,FOODS_3,2689.0,4190.0,0.6417661097852029,3,2014,Saturday
2014-03-09,FOODS_3,3283.0,4019.0,0.8168698681263996,3,2014,Sunday
2014-03-10,FOODS_3,2463.0,4214.0,0.5844803037494067,3,2014,Monday
2014-03-11,FOODS_3,1808.0,4038.0,0.4477464091134225,3,2014,Tuesday
2014-03-12,FOODS_3,1864.0,4206.0,0.4431764146457442,3,2014,Wednesday
2014-03-13,FOODS_3,1850.0,4001.0,0.46238440389902524,3,2014,Thursday
2014-03-14,FOODS_3,2092.0,4189.0,0.4994031988541418,3,2014,Friday
2014-03-15,FOODS_3,2945.0,3999.0,0.7364341085271318,3,2014,Saturday
2014-03-16,FOODS_3,3126.0,4197.0,0.7448177269478199,3,2014,Sunday
2014-03-17,FOODS_3,1915.0,4012.0,0.4773180458624128,3,2014,Monday
2014-03-18,FOODS_3,1691.0,4226.0,0.40014197823000475,3,2014,Tuesday
2014-03-19,FOODS_3,1726.0,4017.0,0.4296738859845656,3,2014,Wednesday
2014-03-20,FOODS_3,1764.0,4201.0,0.4199000238038562,3,2014,Thursday
2014-03-21,FOODS_3,2133.0,4008.0,0.532185628742515,3,2014,Friday
2014-03-22,FOODS_3,2723.0,4195.0,0.6491060786650775,3,2014,Saturday
2014-03-23,FOODS_3,3156.0,4013.0,0.7864440568153501,3,2014,Sunday
2014-03-24,FOODS_3,2233.0,4191.0,0.5328083989501312,3,2014,Monday
2014-03-25,FOODS_3,1677.0,4005.0,0.41872659176029964,3,2014,Tuesday
2014-03-26,FOODS_3,1583.0,4182.0,0.3785270205643233,3,2014,Wednesday
2014-03-27,FOODS_3,1711.0,3985.0,0.42936010037641154,3,2014,Thursday
2014-03-28,FOODS_3,2077.0,4162.0,0.49903892359442575,3,2014,Friday
2014-03-29,FOODS_3,2503.0,3981.0,0.6287364983672444,3,2014,Saturday
2014-03-30,FOODS_3,3091.0,4147.0,0.7453580901856764,3,2014,Sunday
2014-03-31,FOODS_3,1783.0,3962.0,0.45002523977788994,3,2014,Monday
2014-04-01,FOODS_3,1898.0,4180.0,0.454066985645933,4,2014,Tuesday
2014-04-02,FOODS_3,1963.0,3995.0,0.4913642052565707,4,2014,Wednesday
2014-04-03,FOODS_3,2028.0,4217.0,0.4809105999525729,4,2014,Thursday
2014-04-04,FOODS_3,2253.0,4021.0,0.5603083809997513,4,2014,Friday
2014-04-05,FOODS_3,2962.0,4195.0,0.7060786650774732,4,2014,Saturday
2014-04-06,FOODS_3,3607.0,3991.0,0.903783512904034,4,2014,Sunday
2014-04-07,FOODS_3,2508.0,4192.0,0.5982824427480916,4,2014,Monday
2014-04-08,FOODS_3,2309.0,4012.0,0.5755234297108675,4,2014,Tuesday
2014-04-09,FOODS_3,2187.0,4197.0,0.5210864903502502,4,2014,Wednesday
2014-04-10,FOODS_3,2229.0,4010.0,0.5558603491271821,4,2014,Thursday
2014-04-11,FOODS_3,2357.0,4226.0,0.557737813535258,4,2014,Friday
2014-04-12,FOODS_3,2833.0,4013.0,0.7059556441564914,4,2014,Saturday
2014-04-13,FOODS_3,3171.0,4204.0,0.7542816365366318,4,2014,Sunday
2014-04-14,FOODS_3,2200.0,4020.0,0.5472636815920398,4,2014,Monday
2014-04-15,FOODS_3,1849.0,4222.0,0.4379441023211748,4,2014,Tuesday
2014-04-16,FOODS_3,2200.0,4029.0,0.5460412012906428,4,2014,Wednesday
2014-04-17,FOODS_3,2053.0,4200.0,0.4888095238095238,4,2014,Thursday
2014-04-18,FOODS_3,2755.0,3996.0,0.6894394394394394,4,2014,Friday
2014-04-19,FOODS_3,3589.0,4163.0,0.8621186644246938,4,2014,Saturday
2014-04-20,FOODS_3,2862.0,3960.0,0.7227272727272728,4,2014,Sunday
2014-04-21,FOODS_3,2077.0,4157.0,0.49963916285783017,4,2014,Monday
2014-04-22,FOODS_3,2071.0,3969.0,0.5217939027462837,4,2014,Tuesday
2014-04-23,FOODS_3,1549.0,4133.0,0.37478828937817565,4,2014,Wednesday
2014-04-24,FOODS_3,1770.0,3927.0,0.4507257448433919,4,2014,Thursday
2014-04-25,FOODS_3,2332.0,4128.0,0.564922480620155,4,2014,Friday
2014-04-26,FOODS_3,2816.0,3942.0,0.7143581938102486,4,2014,Saturday
2014-04-27,FOODS_3,3128.0,4140.0,0.7555555555555555,4,2014,Sunday
2014-04-28,FOODS_3,2162.0,3965.0,0.5452711223203026,4,2014,Monday
2014-04-29,FOODS_3,1714.0,4156.0,0.4124157844080847,4,2014,Tuesday
2014-04-30,FOODS_3,1812.0,3959.0,0.4576913361960091,4,2014,Wednesday
2014-05-01,FOODS_3,2301.0,4155.0,0.5537906137184115,5,2014,Thursday
2014-05-02,FOODS_3,2660.0,3961.0,0.6715475889926786,5,2014,Friday
2014-05-03,FOODS_3,3214.0,4157.0,0.7731537166225644,5,2014,Saturday
2014-05-04,FOODS_3,3541.0,3943.0,0.8980471722039056,5,2014,Sunday
2014-05-05,FOODS_3,2322.0,4153.0,0.5591138935709126,5,2014,Monday
2014-05-06,FOODS_3,1910.0,3967.0,0.4814721451978825,5,2014,Tuesday
2014-05-07,FOODS_3,1871.0,4199.0,0.4455822814955942,5,2014,Wednesday
2014-05-08,FOODS_3,1882.0,4024.0,0.4676938369781312,5,2014,Thursday
2014-05-09,FOODS_3,2344.0,4227.0,0.5545303998107405,5,2014,Friday
2014-05-10,FOODS_3,2768.0,4061.0,0.6816055158827875,5,2014,Saturday
2014-05-11,FOODS_3,2298.0,4236.0,0.5424929178470255,5,2014,Sunday
2014-05-12,FOODS_3,2523.0,4012.0,0.6288634097706879,5,2014,Monday
2014-05-13,FOODS_3,2336.0,4205.0,0.5555291319857313,5,2014,Tuesday
2014-05-14,FOODS_3,2106.0,4020.0,0.5238805970149254,5,2014,Wednesday
2014-05-15,FOODS_3,1890.0,4193.0,0.4507512520868113,5,2014,Thursday
2014-05-16,FOODS_3,2375.0,3987.0,0.5956859794331577,5,2014,Friday
2014-05-17,FOODS_3,2554.0,4170.0,0.6124700239808153,5,2014,Saturday
2014-05-18,FOODS_3,3132.0,3986.0,0.7857501254390367,5,2014,Sunday
2014-05-19,FOODS_3,2102.0,4156.0,0.5057747834456208,5,2014,Monday
2014-05-20,FOODS_3,1590.0,3968.0,0.4007056451612903,5,2014,Tuesday
2014-05-21,FOODS_3,1612.0,4151.0,0.38834015899783186,5,2014,Wednesday
2014-05-22,FOODS_3,1770.0,3935.0,0.4498094027954257,5,2014,Thursday
2014-05-23,FOODS_3,1989.0,4114.0,0.4834710743801653,5,2014,Friday
2014-05-24,FOODS_3,2387.0,3926.0,0.6079979623025981,5,2014,Saturday
2014-05-25,FOODS_3,2455.0,4117.0,0.5963079912557687,5,2014,Sunday
2014-05-26,FOODS_3,2437.0,3909.0,0.6234331030954208,5,2014,Monday
2014-05-27,FOODS_3,1770.0,4130.0,0.42857142857142855,5,2014,Tuesday
2014-05-28,FOODS_3,1533.0,3943.0,0.3887902612224195,5,2014,Wednesday
2014-05-29,FOODS_3,1655.0,4125.0,0.4012121212121212,5,2014,Thursday
2014-05-30,FOODS_3,1958.0,3924.0,0.49898063200815496,5,2014,Friday
2014-05-31,FOODS_3,2428.0,4138.0,0.5867568873852103,5,2014,Saturday
2014-06-01,FOODS_3,3090.0,3956.0,0.7810920121334681,6,2014,Sunday
2014-06-02,FOODS_3,2217.0,4176.0,0.5308908045977011,6,2014,Monday
2014-06-03,FOODS_3,1930.0,3994.0,0.48322483725588383,6,2014,Tuesday
2014-06-04,FOODS_3,1798.0,4179.0,0.4302464704474755,6,2014,Wednesday
2014-06-05,FOODS_3,1939.0,3975.0,0.48779874213836477,6,2014,Thursday
2014-06-06,FOODS_3,2219.0,4147.0,0.5350856040511213,6,2014,Friday
2014-06-07,FOODS_3,2827.0,3968.0,0.7124495967741935,6,2014,Saturday
2014-06-08,FOODS_3,3180.0,4177.0,0.7613119463729949,6,2014,Sunday
2014-06-09,FOODS_3,2506.0,3999.0,0.6266566641660415,6,2014,Monday
2014-06-10,FOODS_3,2112.0,4193.0,0.5036966372525638,6,2014,Tuesday
2014-06-11,FOODS_3,1967.0,4013.0,0.4901569897832046,6,2014,Wednesday
2014-06-12,FOODS_3,1861.0,4171.0,0.4461759769839367,6,2014,Thursday
2014-06-13,FOODS_3,2423.0,3995.0,0.6065081351689612,6,2014,Friday
2014-06-14,FOODS_3,2917.0,4172.0,0.6991850431447747,6,2014,Saturday
2014-06-15,FOODS_3,2574.0,3990.0,0.6451127819548872,6,2014,Sunday
2014-06-16,FOODS_3,2065.0,4202.0,0.491432651118515,6,2014,Monday
2014-06-17,FOODS_3,1815.0,4008.0,0.4528443113772455,6,2014,Tuesday
2014-06-18,FOODS_3,2026.0,4221.0,0.47998104714522627,6,2014,Wednesday
2014-06-19,FOODS_3,1877.0,4038.0,0.46483407627538387,6,2014,Thursday
2014-06-20,FOODS_3,2583.0,4210.0,0.6135391923990499,6,2014,Friday
2014-06-21,FOODS_3,2727.0,4017.0,0.6788648244958925,6,2014,Saturday
2014-06-22,FOODS_3,2910.0,4202.0,0.6925273679200381,6,2014,Sunday
2014-06-23,FOODS_3,1942.0,4000.0,0.4855,6,2014,Monday
2014-06-24,FOODS_3,1885.0,4233.0,0.4453106543822348,6,2014,Tuesday
2014-06-25,FOODS_3,1812.0,4024.0,0.45029821073558646,6,2014,Wednesday
2014-06-26,FOODS_3,1731.0,4205.0,0.4116527942925089,6,2014,Thursday
2014-06-27,FOODS_3,2137.0,4035.0,0.5296158612143742,6,2014,Friday
2014-06-28,FOODS_3,2664.0,4237.0,0.628746754779325,6,2014,Saturday
2014-06-29,FOODS_3,2977.0,4023.0,0.7399950285856326,6,2014,Sunday
2014-06-30,FOODS_3,2177.0,4211.0,0.5169793398242698,6,2014,Monday
2014-07-01,FOODS_3,2212.0,4041.0,0.5473892600841376,7,2014,Tuesday
2014-07-02,FOODS_3,2235.0,4224.0,0.5291193181818182,7,2014,Wednesday
2014-07-03,FOODS_3,2977.0,4004.0,0.7435064935064936,7,2014,Thursday
2014-07-04,FOODS_3,2736.0,4233.0,0.6463501063075833,7,2014,Friday
2014-07-05,FOODS_3,2754.0,4030.0,0.6833746898263028,7,2014,Saturday
2014-07-06,FOODS_3,3259.0,4199.0,0.7761371755179804,7,2014,Sunday
2014-07-07,FOODS_3,2570.0,4023.0,0.6388267462092966,7,2014,Monday
2014-07-08,FOODS_3,2377.0,4177.0,0.5690687096001915,7,2014,Tuesday
2014-07-09,FOODS_3,2147.0,3964.0,0.5416246215943491,7,2014,Wednesday
2014-07-10,FOODS_3,2314.0,4145.0,0.5582629674306393,7,2014,Thursday
2014-07-11,FOODS_3,2505.0,3969.0,0.6311413454270597,7,2014,Friday
2014-07-12,FOODS_3,2964.0,4164.0,0.7118155619596542,7,2014,Saturday
2014-07-13,FOODS_3,3017.0,3993.0,0.75557225144002,7,2014,Sunday
2014-07-14,FOODS_3,2121.0,4191.0,0.506084466714388,7,2014,Monday
2014-07-15,FOODS_3,2094.0,4002.0,0.5232383808095952,7,2014,Tuesday
2014-07-16,FOODS_3,1921.0,4176.0,0.4600095785440613,7,2014,Wednesday
2014-07-17,FOODS_3,1948.0,3972.0,0.4904330312185297,7,2014,Thursday
2014-07-18,FOODS_3,2408.0,4165.0,0.5781512605042017,7,2014,Friday
2014-07-19,FOODS_3,2712.0,3976.0,0.682092555331992,7,2014,Saturday
2014-07-20,FOODS_3,3312.0,4181.0,0.7921549868452523,7,2014,Sunday
2014-07-21,FOODS_3,1979.0,3989.0,0.4961143143645024,7,2014,Monday
2014-07-22,FOODS_3,1821.0,4193.0,0.43429525399475316,7,2014,Tuesday
2014-07-23,FOODS_3,2011.0,4031.0,0.4988836516993302,7,2014,Wednesday
2014-07-24,FOODS_3,2083.0,4189.0,0.4972547147290523,7,2014,Thursday
2014-07-25,FOODS_3,2382.0,3987.0,0.5974416854778029,7,2014,Friday
2014-07-26,FOODS_3,2472.0,4184.0,0.5908221797323135,7,2014,Saturday
2014-07-27,FOODS_3,2888.0,3986.0,0.7245358755644756,7,2014,Sunday
2014-07-28,FOODS_3,2298.0,4180.0,0.5497607655502392,7,2014,Monday
2014-07-29,FOODS_3,1933.0,4012.0,0.48180458624127614,7,2014,Tuesday
2014-07-30,FOODS_3,2112.0,4197.0,0.503216583273767,7,2014,Wednesday
2014-07-31,FOODS_3,2131.0,4005.0,0.5320848938826467,7,2014,Thursday
2014-08-01,FOODS_3,2730.0,4211.0,0.648302066017573,8,2014,Friday
2014-08-02,FOODS_3,3204.0,3999.0,0.8012003000750187,8,2014,Saturday
2014-08-03,FOODS_3,3314.0,4177.0,0.7933923868805363,8,2014,Sunday
2014-08-04,FOODS_3,2625.0,3975.0,0.660377358490566,8,2014,Monday
2014-08-05,FOODS_3,2293.0,4159.0,0.5513344553979322,8,2014,Tuesday
2014-08-06,FOODS_3,2118.0,3972.0,0.5332326283987915,8,2014,Wednesday
2014-08-07,FOODS_3,2094.0,4180.0,0.500956937799043,8,2014,Thursday
2014-08-08,FOODS_3,2500.0,3982.0,0.6278252134605726,8,2014,Friday
2014-08-09,FOODS_3,3013.0,4173.0,0.7220225257608435,8,2014,Saturday
2014-08-10,FOODS_3,3290.0,4010.0,0.8204488778054863,8,2014,Sunday
2014-08-11,FOODS_3,2168.0,4199.0,0.5163134079542748,8,2014,Monday
2014-08-12,FOODS_3,1941.0,4001.0,0.48512871782054484,8,2014,Tuesday
2014-08-13,FOODS_3,2153.0,4209.0,0.5115229270610596,8,2014,Wednesday
2014-08-14,FOODS_3,2037.0,4035.0,0.5048327137546469,8,2014,Thursday
2014-08-15,FOODS_3,2303.0,4214.0,0.5465116279069767,8,2014,Friday
2014-08-16,FOODS_3,3112.0,4023.0,0.7735520755654984,8,2014,Saturday
2014-08-17,FOODS_3,3367.0,4235.0,0.7950413223140496,8,2014,Sunday
2014-08-18,FOODS_3,2424.0,4049.0,0.5986663373672512,8,2014,Monday
2014-08-19,FOODS_3,1828.0,4226.0,0.432560340747752,8,2014,Tuesday
2014-08-20,FOODS_3,1826.0,3994.0,0.45718577866800203,8,2014,Wednesday
2014-08-21,FOODS_3,1827.0,4210.0,0.4339667458432304,8,2014,Thursday
2014-08-22,FOODS_3,2239.0,4029.0,0.5557210225862497,8,2014,Friday
2014-08-23,FOODS_3,2885.0,4194.0,0.6878874582737243,8,2014,Saturday
2014-08-24,FOODS_3,3500.0,4003.0,0.874344241818636,8,2014,Sunday
2014-08-25,FOODS_3,1890.0,4178.0,0.4523695548109143,8,2014,Monday
2014-08-26,FOODS_3,1819.0,3992.0,0.4556613226452906,8,2014,Tuesday
2014-08-27,FOODS_3,1539.0,4178.0,0.36835806606031596,8,2014,Wednesday
2014-08-28,FOODS_3,1813.0,3983.0,0.45518453427065025,8,2014,Thursday
2014-08-29,FOODS_3,2373.0,4164.0,0.5698847262247838,8,2014,Friday
2014-08-30,FOODS_3,2883.0,3985.0,0.7234629861982435,8,2014,Saturday
2014-08-31,FOODS_3,2806.0,4171.0,0.6727403500359626,8,2014,Sunday
2014-09-01,FOODS_3,2812.0,3979.0,0.7067102287006786,9,2014,Monday
2014-09-02,FOODS_3,1863.0,4166.0,0.4471915506481037,9,2014,Tuesday
2014-09-03,FOODS_3,2125.0,3977.0,0.5343223535328137,9,2014,Wednesday
2014-09-04,FOODS_3,1872.0,4168.0,0.4491362763915547,9,2014,Thursday
2014-09-05,FOODS_3,2185.0,3998.0,0.5465232616308154,9,2014,Friday
2014-09-06,FOODS_3,3131.0,4186.0,0.7479694218824654,9,2014,Saturday
2014-09-07,FOODS_3,3438.0,4001.0,0.8592851787053236,9,2014,Sunday
2014-09-08,FOODS_3,2138.0,4178.0,0.5117280995691719,9,2014,Monday
2014-09-09,FOODS_3,2033.0,3993.0,0.5091409967443026,9,2014,Tuesday
2014-09-10,FOODS_3,1970.0,4187.0,0.47050394076904706,9,2014,Wednesday
2014-09-11,FOODS_3,2087.0,3983.0,0.5239769018327893,9,2014,Thursday
2014-09-12,FOODS_3,2232.0,4189.0,0.532824063022201,9,2014,Friday
2014-09-13,FOODS_3,2872.0,3970.0,0.7234256926952141,9,2014,Saturday
2014-09-14,FOODS_3,2961.0,4135.0,0.7160822249093107,9,2014,Sunday
2014-09-15,FOODS_3,2086.0,3954.0,0.5275670207384927,9,2014,Monday
2014-09-16,FOODS_3,1799.0,4122.0,0.43643862202814165,9,2014,Tuesday
2014-09-17,FOODS_3,1692.0,3932.0,0.4303153611393693,9,2014,Wednesday
2014-09-18,FOODS_3,1525.0,4129.0,0.3693388229595544,9,2014,Thursday
2014-09-19,FOODS_3,2146.0,3951.0,0.5431536319919008,9,2014,Friday
2014-09-20,FOODS_3,2724.0,4112.0,0.6624513618677043,9,2014,Saturday
2014-09-21,FOODS_3,3262.0,3946.0,0.826659908768373,9,2014,Sunday
2014-09-22,FOODS_3,2025.0,4119.0,0.49162418062636565,9,2014,Monday
2014-09-23,FOODS_3,1805.0,3923.0,0.4601070609227632,9,2014,Tuesday
2014-09-24,FOODS_3,1796.0,4101.0,0.43794196537429897,9,2014,Wednesday
2014-09-25,FOODS_3,1691.0,3928.0,0.4304989816700611,9,2014,Thursday
2014-09-26,FOODS_3,2179.0,4088.0,0.5330234833659491,9,2014,Friday
2014-09-27,FOODS_3,2813.0,3913.0,0.7188857653973934,9,2014,Saturday
2014-09-28,FOODS_3,3071.0,4084.0,0.7519588638589618,9,2014,Sunday
2014-09-29,FOODS_3,2133.0,3916.0,0.5446884576098059,9,2014,Monday
2014-09-30,FOODS_3,1892.0,4094.0,0.46213971665852466,9,2014,Tuesday
2014-10-01,FOODS_3,1849.0,3902.0,0.47385955920041006,10,2014,Wednesday
2014-10-02,FOODS_3,2051.0,4072.0,0.5036836935166994,10,2014,Thursday
2014-10-03,FOODS_3,2679.0,3897.0,0.6874518860662048,10,2014,Friday
2014-10-04,FOODS_3,3254.0,4127.0,0.78846619820693,10,2014,Saturday
2014-10-05,FOODS_3,3348.0,3939.0,0.84996191926885,10,2014,Sunday
2014-10-06,FOODS_3,2593.0,4127.0,0.6283014296098861,10,2014,Monday
2014-10-07,FOODS_3,2035.0,3959.0,0.514018691588785,10,2014,Tuesday
2014-10-08,FOODS_3,2176.0,4113.0,0.5290542183321176,10,2014,Wednesday
2014-10-09,FOODS_3,2287.0,3924.0,0.5828236493374108,10,2014,Thursday
2014-10-10,FOODS_3,2378.0,4105.0,0.5792935444579781,10,2014,Friday
2014-10-11,FOODS_3,2844.0,3917.0,0.7260658667347459,10,2014,Saturday
2014-10-12,FOODS_3,3122.0,4125.0,0.7568484848484849,10,2014,Sunday
2014-10-13,FOODS_3,2208.0,3939.0,0.5605483625285606,10,2014,Monday
2014-10-14,FOODS_3,1725.0,4130.0,0.41767554479418884,10,2014,Tuesday
2014-10-15,FOODS_3,1620.0,3938.0,0.41137633316404265,10,2014,Wednesday
2014-10-16,FOODS_3,1697.0,4146.0,0.409310178485287,10,2014,Thursday
2014-10-17,FOODS_3,2114.0,3961.0,0.5337036101994446,10,2014,Friday
2014-10-18,FOODS_3,3090.0,4138.0,0.7467375543740937,10,2014,Saturday
2014-10-19,FOODS_3,3259.0,3990.0,0.8167919799498747,10,2014,Sunday
2014-10-20,FOODS_3,2215.0,4156.0,0.5329643888354186,10,2014,Monday
2014-10-21,FOODS_3,1726.0,3957.0,0.43618903209502147,10,2014,Tuesday
2014-10-22,FOODS_3,1692.0,4165.0,0.4062424969987995,10,2014,Wednesday
2014-10-23,FOODS_3,1690.0,3963.0,0.4264446126671713,10,2014,Thursday
2014-10-24,FOODS_3,2069.0,4166.0,0.4966394623139702,10,2014,Friday
2014-10-25,FOODS_3,2831.0,3982.0,0.7109492717227524,10,2014,Saturday
2014-10-26,FOODS_3,2599.0,4192.0,0.6199904580152672,10,2014,Sunday
2014-10-27,FOODS_3,1979.0,4002.0,0.49450274862568716,10,2014,Monday
2014-10-28,FOODS_3,1540.0,4177.0,0.36868565956428057,10,2014,Tuesday
2014-10-29,FOODS_3,1659.0,3978.0,0.41704374057315236,10,2014,Wednesday
2014-10-30,FOODS_3,1760.0,4181.0,0.4209519253767041,10,2014,Thursday
2014-10-31,FOODS_3,1870.0,4001.0,0.46738315421144716,10,2014,Friday
2014-11-01,FOODS_3,3100.0,4181.0,0.7414494140157857,11,2014,Saturday
2014-11-02,FOODS_3,3326.0,3988.0,0.8340020060180542,11,2014,Sunday
2014-11-03,FOODS_3,2487.0,4183.0,0.5945493664833851,11,2014,Monday
2014-11-04,FOODS_3,1963.0,4003.0,0.490382213339995,11,2014,Tuesday
2014-11-05,FOODS_3,1718.0,4185.0,0.4105137395459976,11,2014,Wednesday
2014-11-06,FOODS_3,1915.0,4007.0,0.4779136511105565,11,2014,Thursday
2014-11-07,FOODS_3,2206.0,4188.0,0.5267430754536772,11,2014,Friday
2014-11-08,FOODS_3,2816.0,3990.0,0.7057644110275689,11,2014,Saturday
2014-11-09,FOODS_3,3199.0,4182.0,0.7649450023912003,11,2014,Sunday
2014-11-10,FOODS_3,2327.0,4004.0,0.5811688311688312,11,2014,Monday
2014-11-11,FOODS_3,1888.0,4190.0,0.4505966587112172,11,2014,Tuesday
2014-11-12,FOODS_3,1668.0,4002.0,0.41679160419790107,11,2014,Wednesday
2014-11-13,FOODS_3,1542.0,4213.0,0.3660099691431284,11,2014,Thursday
2014-11-14,FOODS_3,2043.0,4038.0,0.5059435364041605,11,2014,Friday
2014-11-15,FOODS_3,2637.0,4239.0,0.6220806794055201,11,2014,Saturday
2014-11-16,FOODS_3,2902.0,4044.0,0.7176063303659743,11,2014,Sunday
2014-11-17,FOODS_3,1922.0,4221.0,0.45534233593935086,11,2014,Monday
2014-11-18,FOODS_3,1608.0,4053.0,0.39674315321983716,11,2014,Tuesday
2014-11-19,FOODS_3,1466.0,4218.0,0.34755808440018965,11,2014,Wednesday
2014-11-20,FOODS_3,1632.0,4062.0,0.4017725258493353,11,2014,Thursday
2014-11-21,FOODS_3,1978.0,4256.0,0.46475563909774437,11,2014,Friday
2014-11-22,FOODS_3,2705.0,4074.0,0.663966617574865,11,2014,Saturday
2014-11-23,FOODS_3,2593.0,4262.0,0.6083998122946973,11,2014,Sunday
2014-11-24,FOODS_3,2277.0,4088.0,0.5569960861056752,11,2014,Monday
2014-11-25,FOODS_3,2297.0,4295.0,0.5348079161816065,11,2014,Tuesday
2014-11-26,FOODS_3,2435.0,4132.0,0.5893030009680542,11,2014,Wednesday
2014-11-27,FOODS_3,1628.0,4247.0,0.3833294089945844,11,2014,Thursday
2014-11-28,FOODS_3,1636.0,4069.0,0.40206438928483657,11,2014,Friday
2014-11-29,FOODS_3,2216.0,4313.0,0.513795501970786,11,2014,Saturday
2014-11-30,FOODS_3,2431.0,4117.0,0.5904785037648773,11,2014,Sunday
2014-12-01,FOODS_3,1953.0,4268.0,0.4575913776944705,12,2014,Monday
2014-12-02,FOODS_3,1573.0,4076.0,0.38591756624141316,12,2014,Tuesday
2014-12-03,FOODS_3,1557.0,4280.0,0.36378504672897194,12,2014,Wednesday
2014-12-04,FOODS_3,1865.0,4059.0,0.45947277654594726,12,2014,Thursday
2014-12-05,FOODS_3,1858.0,4226.0,0.43965925224798863,12,2014,Friday
2014-12-06,FOODS_3,2544.0,3994.0,0.6369554331497246,12,2014,Saturday
2014-12-07,FOODS_3,2599.0,4170.0,0.6232613908872902,12,2014,Sunday
2014-12-08,FOODS_3,2133.0,3961.0,0.5385003786922494,12,2014,Monday
2014-12-09,FOODS_3,1766.0,4170.0,0.4235011990407674,12,2014,Tuesday
2014-12-10,FOODS_3,2206.0,3975.0,0.5549685534591196,12,2014,Wednesday
2014-12-11,FOODS_3,1148.0,4195.0,0.2736591179976162,12,2014,Thursday
2014-12-12,FOODS_3,1633.0,3988.0,0.40947843530591777,12,2014,Friday
2014-12-13,FOODS_3,2165.0,4189.0,0.5168297923132013,12,2014,Saturday
2014-12-14,FOODS_3,2621.0,4009.0,0.6537789972561736,12,2014,Sunday
2014-12-15,FOODS_3,1695.0,4195.0,0.40405244338498214,12,2014,Monday
2014-12-16,FOODS_3,1649.0,4038.0,0.40837048043585933,12,2014,Tuesday
2014-12-17,FOODS_3,1687.0,4177.0,0.4038783816135983,12,2014,Wednesday
2014-12-18,FOODS_3,1779.0,3975.0,0.44754716981132076,12,2014,Thursday
2014-12-19,FOODS_3,1800.0,4136.0,0.43520309477756286,12,2014,Friday
2014-12-20,FOODS_3,2427.0,3929.0,0.6177144311529651,12,2014,Saturday
2014-12-21,FOODS_3,2464.0,4140.0,0.5951690821256038,12,2014,Sunday
2014-12-22,FOODS_3,2299.0,3960.0,0.5805555555555556,12,2014,Monday
2014-12-23,FOODS_3,1996.0,4150.0,0.48096385542168674,12,2014,Tuesday
2014-12-24,FOODS_3,1687.0,3966.0,0.4253656076651538,12,2014,Wednesday
2014-12-25,FOODS_3,0.0,4189.0,0.0,12,2014,Thursday
2014-12-26,FOODS_3,1716.0,3986.0,0.4305067737079779,12,2014,Friday
2014-12-27,FOODS_3,1886.0,4189.0,0.45022678443542613,12,2014,Saturday
2014-12-28,FOODS_3,2127.0,3983.0,0.5340195832287221,12,2014,Sunday
2014-12-29,FOODS_3,1743.0,4195.0,0.4154946364719905,12,2014,Monday
2014-12-30,FOODS_3,1695.0,3989.0,0.4249185259463525,12,2014,Tuesday
2014-12-31,FOODS_3,2064.0,4185.0,0.4931899641577061,12,2014,Wednesday
2015-01-01,FOODS_3,1491.0,3999.0,0.37284321080270066,1,2015,Thursday
2015-01-02,FOODS_3,2198.0,4183.0,0.5254601960315562,1,2015,Friday
2015-01-03,FOODS_3,2534.0,3999.0,0.6336584146036509,1,2015,Saturday
2015-01-04,FOODS_3,3171.0,4204.0,0.7542816365366318,1,2015,Sunday
2015-01-05,FOODS_3,2326.0,4023.0,0.5781754909271688,1,2015,Monday
2015-01-06,FOODS_3,1833.0,4223.0,0.4340516220696188,1,2015,Tuesday
2015-01-07,FOODS_3,1801.0,4033.0,0.44656583188693283,1,2015,Wednesday
2015-01-08,FOODS_3,1831.0,4249.0,0.4309249235114144,1,2015,Thursday
2015-01-09,FOODS_3,2096.0,4076.0,0.5142296368989205,1,2015,Friday
2015-01-10,FOODS_3,2917.0,4257.0,0.6852243363871271,1,2015,Saturday
2015-01-11,FOODS_3,3049.0,4051.0,0.7526536657615404,1,2015,Sunday
2015-01-12,FOODS_3,1990.0,4235.0,0.46989374262101535,1,2015,Monday
2015-01-13,FOODS_3,1570.0,4050.0,0.38765432098765434,1,2015,Tuesday
2015-01-14,FOODS_3,1523.0,4227.0,0.36030281523539154,1,2015,Wednesday
2015-01-15,FOODS_3,1647.0,4050.0,0.4066666666666667,1,2015,Thursday
2015-01-16,FOODS_3,1934.0,4231.0,0.4571023398723706,1,2015,Friday
2015-01-17,FOODS_3,2517.0,4028.0,0.624875868917577,1,2015,Saturday
2015-01-18,FOODS_3,2661.0,4224.0,0.6299715909090909,1,2015,Sunday
2015-01-19,FOODS_3,2085.0,4046.0,0.5153237765694513,1,2015,Monday
2015-01-20,FOODS_3,1692.0,4206.0,0.40228245363766046,1,2015,Tuesday
2015-01-21,FOODS_3,1585.0,4021.0,0.3941805521014673,1,2015,Wednesday
2015-01-22,FOODS_3,1459.0,4206.0,0.34688540180694244,1,2015,Thursday
2015-01-23,FOODS_3,1923.0,4008.0,0.47979041916167664,1,2015,Friday
2015-01-24,FOODS_3,2680.0,4180.0,0.6411483253588517,1,2015,Saturday
2015-01-25,FOODS_3,2716.0,3973.0,0.6836143971809716,1,2015,Sunday
2015-01-26,FOODS_3,1717.0,4148.0,0.4139344262295082,1,2015,Monday
2015-01-27,FOODS_3,1416.0,3985.0,0.35533249686323715,1,2015,Tuesday
2015-01-28,FOODS_3,1475.0,4160.0,0.3545673076923077,1,2015,Wednesday
2015-01-29,FOODS_3,1456.0,3984.0,0.3654618473895582,1,2015,Thursday
2015-01-30,FOODS_3,1962.0,4194.0,0.4678111587982833,1,2015,Friday
2015-01-31,FOODS_3,3055.0,4011.0,0.7616554475193219,1,2015,Saturday
2015-02-01,FOODS_3,2808.0,4205.0,0.6677764565992865,2,2015,Sunday
2015-02-02,FOODS_3,1916.0,4012.0,0.47756729810568294,2,2015,Monday
2015-02-03,FOODS_3,1894.0,4203.0,0.450630502022365,2,2015,Tuesday
2015-02-04,FOODS_3,1762.0,4028.0,0.4374379344587885,2,2015,Wednesday
2015-02-05,FOODS_3,1779.0,4238.0,0.41977347805568666,2,2015,Thursday
2015-02-06,FOODS_3,1956.0,4045.0,0.4835599505562423,2,2015,Friday
2015-02-07,FOODS_3,3030.0,4231.0,0.7161427558496809,2,2015,Saturday
2015-02-08,FOODS_3,2894.0,4041.0,0.7161593664934423,2,2015,Sunday
2015-02-09,FOODS_3,2469.0,4166.0,0.5926548247719635,2,2015,Monday
2015-02-10,FOODS_3,2044.0,4005.0,0.5103620474406991,2,2015,Tuesday
2015-02-11,FOODS_3,1926.0,4192.0,0.4594465648854962,2,2015,Wednesday
2015-02-12,FOODS_3,1717.0,4029.0,0.42616033755274263,2,2015,Thursday
2015-02-13,FOODS_3,1934.0,4221.0,0.4581852641554134,2,2015,Friday
2015-02-14,FOODS_3,2101.0,4039.0,0.5201782619460262,2,2015,Saturday
2015-02-15,FOODS_3,2375.0,4193.0,0.5664202241831624,2,2015,Sunday
2015-02-16,FOODS_3,2016.0,4036.0,0.49950445986124875,2,2015,Monday
2015-02-17,FOODS_3,1579.0,4222.0,0.3739933680720038,2,2015,Tuesday
2015-02-18,FOODS_3,1363.0,4024.0,0.33871769383697814,2,2015,Wednesday
2015-02-19,FOODS_3,1483.0,4211.0,0.35217288055093804,2,2015,Thursday
2015-02-20,FOODS_3,1944.0,4025.0,0.4829813664596273,2,2015,Friday
2015-02-21,FOODS_3,2256.0,4188.0,0.5386819484240688,2,2015,Saturday
2015-02-22,FOODS_3,2589.0,3992.0,0.6485470941883767,2,2015,Sunday
2015-02-23,FOODS_3,1730.0,4187.0,0.4131836637210413,2,2015,Monday
2015-02-24,FOODS_3,1332.0,3997.0,0.33324993745308984,2,2015,Tuesday
2015-02-25,FOODS_3,1323.0,4203.0,0.3147751605995717,2,2015,Wednesday
2015-02-26,FOODS_3,1254.0,4022.0,0.31178518150174045,2,2015,Thursday
2015-02-27,FOODS_3,1741.0,4199.0,0.41462252917361275,2,2015,Friday
2015-02-28,FOODS_3,2403.0,3975.0,0.6045283018867924,2,2015,Saturday
2015-03-01,FOODS_3,2658.0,4171.0,0.6372572524574442,3,2015,Sunday
2015-03-02,FOODS_3,1904.0,3988.0,0.477432296890672,3,2015,Monday
2015-03-03,FOODS_3,1704.0,4185.0,0.407168458781362,3,2015,Tuesday
2015-03-04,FOODS_3,1686.0,4008.0,0.42065868263473055,3,2015,Wednesday
2015-03-05,FOODS_3,1620.0,4188.0,0.3868194842406877,3,2015,Thursday
2015-03-06,FOODS_3,2067.0,4006.0,0.5159760359460809,3,2015,Friday
2015-03-07,FOODS_3,2485.0,4195.0,0.5923718712753278,3,2015,Saturday
2015-03-08,FOODS_3,2841.0,4032.0,0.7046130952380952,3,2015,Sunday
2015-03-09,FOODS_3,1945.0,4198.0,0.463315864697475,3,2015,Monday
2015-03-10,FOODS_3,1710.0,4027.0,0.4246337223739757,3,2015,Tuesday
2015-03-11,FOODS_3,1654.0,4224.0,0.3915719696969697,3,2015,Wednesday
2015-03-12,FOODS_3,1660.0,4037.0,0.41119643299479813,3,2015,Thursday
2015-03-13,FOODS_3,2043.0,4235.0,0.48240850059031876,3,2015,Friday
2015-03-14,FOODS_3,2479.0,4039.0,0.6137657836098044,3,2015,Saturday
2015-03-15,FOODS_3,2857.0,4222.0,0.6766935101847465,3,2015,Sunday
2015-03-16,FOODS_3,1821.0,4007.0,0.4544547042675318,3,2015,Monday
2015-03-17,FOODS_3,1578.0,4215.0,0.37437722419928826,3,2015,Tuesday
2015-03-18,FOODS_3,1556.0,4035.0,0.3856257744733581,3,2015,Wednesday
2015-03-19,FOODS_3,1445.0,4204.0,0.34372026641294007,3,2015,Thursday
2015-03-20,FOODS_3,1993.0,4007.0,0.4973795857249813,3,2015,Friday
2015-03-21,FOODS_3,2632.0,4195.0,0.6274135876042908,3,2015,Saturday
2015-03-22,FOODS_3,2658.0,4012.0,0.6625124626121635,3,2015,Sunday
2015-03-23,FOODS_3,1687.0,4157.0,0.40582150589367333,3,2015,Monday
2015-03-24,FOODS_3,1499.0,3957.0,0.37882234015668437,3,2015,Tuesday
2015-03-25,FOODS_3,1473.0,4132.0,0.35648596321394,3,2015,Wednesday
2015-03-26,FOODS_3,1557.0,3954.0,0.3937784522003035,3,2015,Thursday
2015-03-27,FOODS_3,1877.0,4148.0,0.4525072324011572,3,2015,Friday
2015-03-28,FOODS_3,2431.0,3958.0,0.6141990904497221,3,2015,Saturday
2015-03-29,FOODS_3,2858.0,4105.0,0.6962241169305725,3,2015,Sunday
2015-03-30,FOODS_3,1947.0,3918.0,0.49693721286370596,3,2015,Monday
2015-03-31,FOODS_3,1784.0,4153.0,0.42956898627498197,3,2015,Tuesday
2015-04-01,FOODS_3,1958.0,3962.0,0.49419485108531047,4,2015,Wednesday
2015-04-02,FOODS_3,2121.0,4169.0,0.5087550971455984,4,2015,Thursday
2015-04-03,FOODS_3,2760.0,3961.0,0.6967937389548093,4,2015,Friday
2015-04-04,FOODS_3,3209.0,4188.0,0.7662368672397326,4,2015,Saturday
2015-04-05,FOODS_3,2263.0,3992.0,0.5668837675350702,4,2015,Sunday
2015-04-06,FOODS_3,1870.0,4169.0,0.44854881266490765,4,2015,Monday
2015-04-07,FOODS_3,1803.0,3997.0,0.4510883162371779,4,2015,Tuesday
2015-04-08,FOODS_3,1837.0,4186.0,0.43884376493072147,4,2015,Wednesday
2015-04-09,FOODS_3,1769.0,3988.0,0.44358074222668004,4,2015,Thursday
2015-04-10,FOODS_3,2267.0,4180.0,0.5423444976076555,4,2015,Friday
2015-04-11,FOODS_3,2600.0,3989.0,0.6517924291802457,4,2015,Saturday
2015-04-12,FOODS_3,3006.0,4165.0,0.7217286914765907,4,2015,Sunday
2015-04-13,FOODS_3,2046.0,3977.0,0.5144581342720643,4,2015,Monday
2015-04-14,FOODS_3,1698.0,4152.0,0.40895953757225434,4,2015,Tuesday
2015-04-15,FOODS_3,1685.0,3973.0,0.4241127611376793,4,2015,Wednesday
2015-04-16,FOODS_3,1759.0,4184.0,0.4204110898661568,4,2015,Thursday
2015-04-17,FOODS_3,2144.0,3958.0,0.5416877210712481,4,2015,Friday
2015-04-18,FOODS_3,2690.0,4155.0,0.6474127557160048,4,2015,Saturday
2015-04-19,FOODS_3,2778.0,3983.0,0.697464222947527,4,2015,Sunday
2015-04-20,FOODS_3,1839.0,4144.0,0.4437741312741313,4,2015,Monday
2015-04-21,FOODS_3,1533.0,3951.0,0.3880030372057707,4,2015,Tuesday
2015-04-22,FOODS_3,1511.0,4167.0,0.3626109911207103,4,2015,Wednesday
2015-04-23,FOODS_3,1774.0,3981.0,0.44561667922632503,4,2015,Thursday
2015-04-24,FOODS_3,1991.0,4157.0,0.4789511667067597,4,2015,Friday
2015-04-25,FOODS_3,2787.0,3967.0,0.7025460045374339,4,2015,Saturday
2015-04-26,FOODS_3,2903.0,4206.0,0.6902044698050405,4,2015,Sunday
2015-04-27,FOODS_3,1934.0,3982.0,0.48568558513309895,4,2015,Monday
2015-04-28,FOODS_3,1706.0,4153.0,0.4107873826149771,4,2015,Tuesday
2015-04-29,FOODS_3,1699.0,3975.0,0.42742138364779875,4,2015,Wednesday
2015-04-30,FOODS_3,1694.0,4200.0,0.4033333333333333,4,2015,Thursday
2015-05-01,FOODS_3,2533.0,4002.0,0.6329335332333833,5,2015,Friday
2015-05-02,FOODS_3,2836.0,4188.0,0.6771728748806113,5,2015,Saturday
2015-05-03,FOODS_3,3146.0,4009.0,0.7847343477176353,5,2015,Sunday
2015-05-04,FOODS_3,2205.0,4176.0,0.5280172413793104,5,2015,Monday
2015-05-05,FOODS_3,2019.0,3962.0,0.5095911155981827,5,2015,Tuesday
2015-05-06,FOODS_3,1754.0,4166.0,0.4210273643783005,5,2015,Wednesday
2015-05-07,FOODS_3,1947.0,3987.0,0.48833709556057187,5,2015,Thursday
2015-05-08,FOODS_3,2311.0,4178.0,0.5531354715174724,5,2015,Friday
2015-05-09,FOODS_3,2950.0,4014.0,0.7349277528649726,5,2015,Saturday
2015-05-10,FOODS_3,2542.0,4156.0,0.611645813282002,5,2015,Sunday
2015-05-11,FOODS_3,2280.0,3953.0,0.5767771312926891,5,2015,Monday
2015-05-12,FOODS_3,1728.0,4138.0,0.41759304011599807,5,2015,Tuesday
2015-05-13,FOODS_3,1869.0,3941.0,0.47424511545293074,5,2015,Wednesday
2015-05-14,FOODS_3,1657.0,4128.0,0.4014050387596899,5,2015,Thursday
2015-05-15,FOODS_3,2039.0,3954.0,0.5156803237228124,5,2015,Friday
2015-05-16,FOODS_3,2412.0,4096.0,0.5888671875,5,2015,Saturday
2015-05-17,FOODS_3,2693.0,3914.0,0.6880429228410833,5,2015,Sunday
2015-05-18,FOODS_3,1916.0,4087.0,0.46880352336677267,5,2015,Monday
2015-05-19,FOODS_3,1617.0,3906.0,0.41397849462365593,5,2015,Tuesday
2015-05-20,FOODS_3,1607.0,4116.0,0.3904275996112731,5,2015,Wednesday
2015-05-21,FOODS_3,1650.0,3924.0,0.42048929663608564,5,2015,Thursday
2015-05-22,FOODS_3,2206.0,4118.0,0.5356969402622632,5,2015,Friday
2015-05-23,FOODS_3,2418.0,3919.0,0.6169941311559071,5,2015,Saturday
2015-05-24,FOODS_3,2510.0,4113.0,0.6102601507415512,5,2015,Sunday
2015-05-25,FOODS_3,2345.0,3931.0,0.5965403205291274,5,2015,Monday
2015-05-26,FOODS_3,1641.0,4154.0,0.39504092441020705,5,2015,Tuesday
2015-05-27,FOODS_3,1704.0,3954.0,0.4309559939301973,5,2015,Wednesday
2015-05-28,FOODS_3,1579.0,4159.0,0.3796585717720606,5,2015,Thursday
2015-05-29,FOODS_3,1754.0,3958.0,0.4431531076301162,5,2015,Friday
2015-05-30,FOODS_3,2546.0,4183.0,0.6086540760219938,5,2015,Saturday
2015-05-31,FOODS_3,2755.0,3987.0,0.690995736142463,5,2015,Sunday
2015-06-01,FOODS_3,2207.0,4208.0,0.5244771863117871,6,2015,Monday
2015-06-02,FOODS_3,2029.0,3995.0,0.5078848560700876,6,2015,Tuesday
2015-06-03,FOODS_3,1771.0,4192.0,0.42247137404580154,6,2015,Wednesday
2015-06-04,FOODS_3,1796.0,3983.0,0.4509163946773789,6,2015,Thursday
2015-06-05,FOODS_3,2202.0,4195.0,0.5249106078665078,6,2015,Friday
2015-06-06,FOODS_3,2652.0,4006.0,0.6620069895157265,6,2015,Saturday
2015-06-07,FOODS_3,2828.0,4199.0,0.6734936889735651,6,2015,Sunday
2015-06-08,FOODS_3,2300.0,4002.0,0.5747126436781609,6,2015,Monday
2015-06-09,FOODS_3,2030.0,4160.0,0.4879807692307692,6,2015,Tuesday
2015-06-10,FOODS_3,2021.0,3966.0,0.5095814422592032,6,2015,Wednesday
2015-06-11,FOODS_3,1885.0,4177.0,0.4512808235575772,6,2015,Thursday
2015-06-12,FOODS_3,2219.0,3994.0,0.5555833750625939,6,2015,Friday
2015-06-13,FOODS_3,2771.0,4179.0,0.6630772912179947,6,2015,Saturday
2015-06-14,FOODS_3,2883.0,3971.0,0.7260135985897759,6,2015,Sunday
2015-06-15,FOODS_3,2142.0,4172.0,0.5134228187919463,6,2015,Monday
2015-06-16,FOODS_3,1783.0,3976.0,0.44844064386317906,6,2015,Tuesday
2015-06-17,FOODS_3,1865.0,4198.0,0.4442591710338256,6,2015,Wednesday
2015-06-18,FOODS_3,1859.0,4002.0,0.4645177411294353,6,2015,Thursday
2015-06-19,FOODS_3,2211.0,4171.0,0.5300887077439463,6,2015,Friday
2015-06-20,FOODS_3,2747.0,3974.0,0.6912430800201308,6,2015,Saturday
2015-06-21,FOODS_3,2469.0,4185.0,0.5899641577060932,6,2015,Sunday
2015-06-22,FOODS_3,2064.0,3987.0,0.5176824680210684,6,2015,Monday
2015-06-23,FOODS_3,2085.0,4193.0,0.49725733365132363,6,2015,Tuesday
2015-06-24,FOODS_3,1810.0,4005.0,0.4519350811485643,6,2015,Wednesday
2015-06-25,FOODS_3,1894.0,4154.0,0.45594607607125665,6,2015,Thursday
2015-06-26,FOODS_3,2012.0,3965.0,0.5074401008827238,6,2015,Friday
2015-06-27,FOODS_3,2468.0,4158.0,0.5935545935545935,6,2015,Saturday
2015-06-28,FOODS_3,2692.0,3963.0,0.6792833711834468,6,2015,Sunday
2015-06-29,FOODS_3,1731.0,4151.0,0.4170079498915924,6,2015,Monday
2015-06-30,FOODS_3,2007.0,3955.0,0.5074589127686473,6,2015,Tuesday
2015-07-01,FOODS_3,2190.0,4165.0,0.5258103241296519,7,2015,Wednesday
2015-07-02,FOODS_3,2314.0,3971.0,0.5827247544699068,7,2015,Thursday
2015-07-03,FOODS_3,3145.0,4172.0,0.7538350910834132,7,2015,Friday
2015-07-04,FOODS_3,2340.0,3973.0,0.5889755852001006,7,2015,Saturday
2015-07-05,FOODS_3,2359.0,4135.0,0.5704957678355502,7,2015,Sunday
2015-07-06,FOODS_3,2300.0,3952.0,0.5819838056680162,7,2015,Monday
2015-07-07,FOODS_3,2073.0,4153.0,0.4991572357332049,7,2015,Tuesday
2015-07-08,FOODS_3,1839.0,3989.0,0.46101779894710454,7,2015,Wednesday
2015-07-09,FOODS_3,1883.0,4234.0,0.44473311289560696,7,2015,Thursday
2015-07-10,FOODS_3,2415.0,4025.0,0.6,7,2015,Friday
2015-07-11,FOODS_3,2604.0,4207.0,0.6189683860232945,7,2015,Saturday
2015-07-12,FOODS_3,2784.0,4053.0,0.6868985936343449,7,2015,Sunday
2015-07-13,FOODS_3,1935.0,4243.0,0.4560452510016498,7,2015,Monday
2015-07-14,FOODS_3,1699.0,4060.0,0.4184729064039409,7,2015,Tuesday
2015-07-15,FOODS_3,1742.0,4219.0,0.4128940507229201,7,2015,Wednesday
2015-07-16,FOODS_3,1885.0,4025.0,0.4683229813664596,7,2015,Thursday
2015-07-17,FOODS_3,2140.0,4202.0,0.5092812946216088,7,2015,Friday
2015-07-18,FOODS_3,2324.0,4011.0,0.5794066317626527,7,2015,Saturday
2015-07-19,FOODS_3,2538.0,4166.0,0.6092174747959673,7,2015,Sunday
2015-07-20,FOODS_3,2113.0,3976.0,0.5314386317907445,7,2015,Monday
2015-07-21,FOODS_3,1740.0,4147.0,0.4195804195804196,7,2015,Tuesday
2015-07-22,FOODS_3,1853.0,3966.0,0.4672213817448311,7,2015,Wednesday
2015-07-23,FOODS_3,1672.0,4168.0,0.40115163147792704,7,2015,Thursday
2015-07-24,FOODS_3,2049.0,3987.0,0.5139202407825433,7,2015,Friday
2015-07-25,FOODS_3,2237.0,4152.0,0.5387764932562621,7,2015,Saturday
2015-07-26,FOODS_3,2532.0,3948.0,0.6413373860182371,7,2015,Sunday
2015-07-27,FOODS_3,2273.0,4122.0,0.5514313440077632,7,2015,Monday
2015-07-28,FOODS_3,1852.0,3920.0,0.47244897959183674,7,2015,Tuesday
2015-07-29,FOODS_3,1751.0,4116.0,0.42541302235179784,7,2015,Wednesday
2015-07-30,FOODS_3,1949.0,3949.0,0.4935426690301342,7,2015,Thursday
2015-07-31,FOODS_3,2331.0,4099.0,0.5686752866552818,7,2015,Friday
2015-08-01,FOODS_3,2795.0,3915.0,0.7139208173690932,8,2015,Saturday
2015-08-02,FOODS_3,3227.0,4139.0,0.7796569219618266,8,2015,Sunday
2015-08-03,FOODS_3,2482.0,3956.0,0.6274014155712841,8,2015,Monday
2015-08-04,FOODS_3,2019.0,4118.0,0.49028654686741135,8,2015,Tuesday
2015-08-05,FOODS_3,1938.0,3937.0,0.492252984505969,8,2015,Wednesday
2015-08-06,FOODS_3,2093.0,4137.0,0.505922165820643,8,2015,Thursday
2015-08-07,FOODS_3,2131.0,3974.0,0.5362355309511827,8,2015,Friday
2015-08-08,FOODS_3,2745.0,4162.0,0.6595386833253244,8,2015,Saturday
2015-08-09,FOODS_3,2991.0,3980.0,0.7515075376884423,8,2015,Sunday
2015-08-10,FOODS_3,2239.0,4180.0,0.535645933014354,8,2015,Monday
2015-08-11,FOODS_3,1849.0,3972.0,0.46550855991943607,8,2015,Tuesday
2015-08-12,FOODS_3,1857.0,4137.0,0.44887599709934733,8,2015,Wednesday
2015-08-13,FOODS_3,1684.0,3949.0,0.426437072676627,8,2015,Thursday
2015-08-14,FOODS_3,2115.0,4150.0,0.5096385542168674,8,2015,Friday
2015-08-15,FOODS_3,2588.0,3973.0,0.65139692927259,8,2015,Saturday
2015-08-16,FOODS_3,3070.0,4134.0,0.7426221577164973,8,2015,Sunday
2015-08-17,FOODS_3,2434.0,3963.0,0.6141811758768609,8,2015,Monday
2015-08-18,FOODS_3,1725.0,4166.0,0.414066250600096,8,2015,Tuesday
2015-08-19,FOODS_3,1694.0,3999.0,0.42360590147536886,8,2015,Wednesday
2015-08-20,FOODS_3,1673.0,4165.0,0.4016806722689076,8,2015,Thursday
2015-08-21,FOODS_3,1866.0,3971.0,0.46990682447746157,8,2015,Friday
2015-08-22,FOODS_3,2331.0,4158.0,0.5606060606060606,8,2015,Saturday
2015-08-23,FOODS_3,2932.0,3977.0,0.7372391249685692,8,2015,Sunday
2015-08-24,FOODS_3,1787.0,4208.0,0.42466730038022815,8,2015,Monday
2015-08-25,FOODS_3,1356.0,4012.0,0.33798604187437686,8,2015,Tuesday
2015-08-26,FOODS_3,1549.0,4189.0,0.36977798997374073,8,2015,Wednesday
2015-08-27,FOODS_3,1615.0,3991.0,0.40466048609371086,8,2015,Thursday
2015-08-28,FOODS_3,1900.0,4159.0,0.45684058667949023,8,2015,Friday
2015-08-29,FOODS_3,2515.0,3963.0,0.6346202371940449,8,2015,Saturday
2015-08-30,FOODS_3,2783.0,4203.0,0.6621460861289555,8,2015,Sunday
2015-08-31,FOODS_3,1876.0,4010.0,0.4678304239401496,8,2015,Monday
2015-09-01,FOODS_3,1775.0,4238.0,0.41882963662104766,9,2015,Tuesday
2015-09-02,FOODS_3,1621.0,4042.0,0.401039089559624,9,2015,Wednesday
2015-09-03,FOODS_3,1882.0,4193.0,0.4488433102790365,9,2015,Thursday
2015-09-04,FOODS_3,2207.0,4014.0,0.5498256103637269,9,2015,Friday
2015-09-05,FOODS_3,2791.0,4229.0,0.6599668952471033,9,2015,Saturday
2015-09-06,FOODS_3,2674.0,4049.0,0.6604099777722895,9,2015,Sunday
2015-09-07,FOODS_3,2715.0,4237.0,0.6407835732829832,9,2015,Monday
2015-09-08,FOODS_3,1877.0,4054.0,0.4629995066600888,9,2015,Tuesday
2015-09-09,FOODS_3,1916.0,4215.0,0.4545670225385528,9,2015,Wednesday
2015-09-10,FOODS_3,1799.0,4034.0,0.4459593455627169,9,2015,Thursday
2015-09-11,FOODS_3,2073.0,4212.0,0.49216524216524216,9,2015,Friday
2015-09-12,FOODS_3,2602.0,4034.0,0.6450173525037184,9,2015,Saturday
2015-09-13,FOODS_3,2904.0,4219.0,0.6883147665323537,9,2015,Sunday
2015-09-14,FOODS_3,1864.0,4027.0,0.46287558976905885,9,2015,Monday
2015-09-15,FOODS_3,1732.0,4220.0,0.4104265402843602,9,2015,Tuesday
2015-09-16,FOODS_3,1625.0,4017.0,0.4045307443365696,9,2015,Wednesday
2015-09-17,FOODS_3,1665.0,4198.0,0.39661743687470224,9,2015,Thursday
2015-09-18,FOODS_3,2061.0,4021.0,0.5125590649092265,9,2015,Friday
2015-09-19,FOODS_3,2758.0,4195.0,0.6574493444576878,9,2015,Saturday
2015-09-20,FOODS_3,3076.0,4004.0,0.7682317682317682,9,2015,Sunday
2015-09-21,FOODS_3,2170.0,4206.0,0.5159296243461722,9,2015,Monday
2015-09-22,FOODS_3,1818.0,4020.0,0.45223880597014926,9,2015,Tuesday
2015-09-23,FOODS_3,1696.0,4218.0,0.40208629682313896,9,2015,Wednesday
2015-09-24,FOODS_3,1584.0,4047.0,0.39140103780578206,9,2015,Thursday
2015-09-25,FOODS_3,2094.0,4223.0,0.49585602652143024,9,2015,Friday
2015-09-26,FOODS_3,2632.0,4048.0,0.650197628458498,9,2015,Saturday
2015-09-27,FOODS_3,2876.0,4221.0,0.6813551291163231,9,2015,Sunday
2015-09-28,FOODS_3,1851.0,4039.0,0.4582817529091359,9,2015,Monday
2015-09-29,FOODS_3,1364.0,4231.0,0.32238241550460883,9,2015,Tuesday
2015-09-30,FOODS_3,1524.0,4049.0,0.3763892319091134,9,2015,Wednesday
2015-10-01,FOODS_3,1733.0,4238.0,0.40891930155733835,10,2015,Thursday
2015-10-02,FOODS_3,2355.0,4044.0,0.5823442136498517,10,2015,Friday
2015-10-03,FOODS_3,2995.0,4215.0,0.7105575326215896,10,2015,Saturday
2015-10-04,FOODS_3,3337.0,4029.0,0.8282452221394887,10,2015,Sunday
2015-10-05,FOODS_3,2280.0,4236.0,0.5382436260623229,10,2015,Monday
2015-10-06,FOODS_3,1908.0,4040.0,0.47227722772277225,10,2015,Tuesday
2015-10-07,FOODS_3,1791.0,4201.0,0.4263270649845275,10,2015,Wednesday
2015-10-08,FOODS_3,1909.0,4033.0,0.4733449045375651,10,2015,Thursday
2015-10-09,FOODS_3,2390.0,4261.0,0.5609011969021357,10,2015,Friday
2015-10-10,FOODS_3,3043.0,4070.0,0.7476658476658476,10,2015,Saturday
2015-10-11,FOODS_3,3038.0,4228.0,0.7185430463576159,10,2015,Sunday
2015-10-12,FOODS_3,2289.0,4045.0,0.5658838071693448,10,2015,Monday
2015-10-13,FOODS_3,1906.0,4212.0,0.45251661918328584,10,2015,Tuesday
2015-10-14,FOODS_3,1727.0,4012.0,0.43045862412761715,10,2015,Wednesday
2015-10-15,FOODS_3,1725.0,4194.0,0.4113018597997139,10,2015,Thursday
2015-10-16,FOODS_3,1897.0,4001.0,0.4741314671332167,10,2015,Friday
2015-10-17,FOODS_3,2611.0,4176.0,0.6252394636015326,10,2015,Saturday
2015-10-18,FOODS_3,2979.0,4002.0,0.7443778110944528,10,2015,Sunday
2015-10-19,FOODS_3,1829.0,4191.0,0.4364113576712002,10,2015,Monday
2015-10-20,FOODS_3,1693.0,4002.0,0.4230384807596202,10,2015,Tuesday
2015-10-21,FOODS_3,1600.0,4187.0,0.38213518032003824,10,2015,Wednesday
2015-10-22,FOODS_3,1443.0,4013.0,0.3595813605781211,10,2015,Thursday
2015-10-23,FOODS_3,1845.0,4209.0,0.4383464005702067,10,2015,Friday
2015-10-24,FOODS_3,2379.0,4027.0,0.5907623541097591,10,2015,Saturday
2015-10-25,FOODS_3,2960.0,4218.0,0.7017543859649122,10,2015,Sunday
2015-10-26,FOODS_3,1760.0,4030.0,0.43672456575682383,10,2015,Monday
2015-10-27,FOODS_3,1667.0,4207.0,0.39624435464701685,10,2015,Tuesday
2015-10-28,FOODS_3,1522.0,4014.0,0.37917289486796213,10,2015,Wednesday
2015-10-29,FOODS_3,1475.0,4215.0,0.3499406880189798,10,2015,Thursday
2015-10-30,FOODS_3,1999.0,4020.0,0.4972636815920398,10,2015,Friday
2015-10-31,FOODS_3,2301.0,4250.0,0.5414117647058824,10,2015,Saturday
2015-11-01,FOODS_3,2439.0,4076.0,0.5983807654563298,11,2015,Sunday
2015-11-02,FOODS_3,1855.0,4261.0,0.4353438160056325,11,2015,Monday
2015-11-03,FOODS_3,1813.0,4052.0,0.44743336623889435,11,2015,Tuesday
2015-11-04,FOODS_3,1565.0,4221.0,0.37076522151149016,11,2015,Wednesday
2015-11-05,FOODS_3,1551.0,4018.0,0.3860129417620707,11,2015,Thursday
2015-11-06,FOODS_3,1934.0,4207.0,0.4597100071309722,11,2015,Friday
2015-11-07,FOODS_3,2402.0,4026.0,0.596621957277695,11,2015,Saturday
2015-11-08,FOODS_3,2695.0,4178.0,0.6450454763044519,11,2015,Sunday
2015-11-09,FOODS_3,1773.0,3989.0,0.4444722988217598,11,2015,Monday
2015-11-10,FOODS_3,1778.0,4195.0,0.4238379022646007,11,2015,Tuesday
2015-11-11,FOODS_3,1610.0,4006.0,0.4018971542685971,11,2015,Wednesday
2015-11-12,FOODS_3,1328.0,4195.0,0.3165673420738975,11,2015,Thursday
2015-11-13,FOODS_3,1582.0,3995.0,0.3959949937421777,11,2015,Friday
2015-11-14,FOODS_3,2286.0,4175.0,0.5475449101796407,11,2015,Saturday
2015-11-15,FOODS_3,2616.0,3979.0,0.6574516210103041,11,2015,Sunday
2015-11-16,FOODS_3,1575.0,4161.0,0.37851478010093725,11,2015,Monday
2015-11-17,FOODS_3,1461.0,3973.0,0.3677321922980116,11,2015,Tuesday
2015-11-18,FOODS_3,1526.0,4182.0,0.3648971783835485,11,2015,Wednesday
2015-11-19,FOODS_3,1331.0,3987.0,0.33383496363180337,11,2015,Thursday
2015-11-20,FOODS_3,1831.0,4171.0,0.4389834572045073,11,2015,Friday
2015-11-21,FOODS_3,2332.0,4007.0,0.5819815323184427,11,2015,Saturday
2015-11-22,FOODS_3,2526.0,4206.0,0.6005706134094151,11,2015,Sunday
2015-11-23,FOODS_3,2028.0,4002.0,0.5067466266866567,11,2015,Monday
2015-11-24,FOODS_3,1862.0,4208.0,0.44249049429657794,11,2015,Tuesday
2015-11-25,FOODS_3,2454.0,4010.0,0.6119700748129676,11,2015,Wednesday
2015-11-26,FOODS_3,1308.0,4195.0,0.31179976162097733,11,2015,Thursday
2015-11-27,FOODS_3,1176.0,4001.0,0.2939265183704074,11,2015,Friday
2015-11-28,FOODS_3,1574.0,4208.0,0.3740494296577947,11,2015,Saturday
2015-11-29,FOODS_3,2048.0,4026.0,0.5086934923000497,11,2015,Sunday
2015-11-30,FOODS_3,1546.0,4205.0,0.3676575505350773,11,2015,Monday
2015-12-01,FOODS_3,1543.0,4003.0,0.38546090432175867,12,2015,Tuesday
2015-12-02,FOODS_3,1606.0,4189.0,0.38338505609930773,12,2015,Wednesday
2015-12-03,FOODS_3,1401.0,4004.0,0.3499000999000999,12,2015,Thursday
2015-12-04,FOODS_3,1704.0,4217.0,0.40407872895423286,12,2015,Friday
2015-12-05,FOODS_3,2227.0,4026.0,0.5531544957774466,12,2015,Saturday
2015-12-06,FOODS_3,2367.0,4207.0,0.5626337057285477,12,2015,Sunday
2015-12-07,FOODS_3,1684.0,4006.0,0.42036944583125313,12,2015,Monday
2015-12-08,FOODS_3,1523.0,4186.0,0.3638318203535595,12,2015,Tuesday
2015-12-09,FOODS_3,1485.0,4009.0,0.3704165627338488,12,2015,Wednesday
2015-12-10,FOODS_3,1377.0,4188.0,0.32879656160458454,12,2015,Thursday
2015-12-11,FOODS_3,1497.0,4011.0,0.37322363500373973,12,2015,Friday
2015-12-12,FOODS_3,2144.0,4180.0,0.5129186602870813,12,2015,Saturday
2015-12-13,FOODS_3,2198.0,3988.0,0.5511534603811434,12,2015,Sunday
2015-12-14,FOODS_3,1618.0,4210.0,0.3843230403800475,12,2015,Monday
2015-12-15,FOODS_3,1376.0,4034.0,0.3411006445215667,12,2015,Tuesday
2015-12-16,FOODS_3,1491.0,4219.0,0.35340127992415266,12,2015,Wednesday
2015-12-17,FOODS_3,1546.0,4040.0,0.3826732673267327,12,2015,Thursday
2015-12-18,FOODS_3,1607.0,4208.0,0.3818916349809886,12,2015,Friday
2015-12-19,FOODS_3,2135.0,4024.0,0.5305666003976143,12,2015,Saturday
2015-12-20,FOODS_3,2119.0,4151.0,0.5104794025536016,12,2015,Sunday
2015-12-21,FOODS_3,1840.0,3970.0,0.4634760705289673,12,2015,Monday
2015-12-22,FOODS_3,1846.0,4149.0,0.44492648831043624,12,2015,Tuesday
2015-12-23,FOODS_3,1987.0,3979.0,0.49937170143252074,12,2015,Wednesday
2015-12-24,FOODS_3,1743.0,4152.0,0.4197976878612717,12,2015,Thursday
2015-12-25,FOODS_3,0.0,3964.0,0.0,12,2015,Friday
2015-12-26,FOODS_3,1812.0,4176.0,0.4339080459770115,12,2015,Saturday
2015-12-27,FOODS_3,1669.0,3996.0,0.41766766766766766,12,2015,Sunday
2015-12-28,FOODS_3,1597.0,4169.0,0.3830654833293356,12,2015,Monday
2015-12-29,FOODS_3,1579.0,3970.0,0.3977329974811083,12,2015,Tuesday
2015-12-30,FOODS_3,1582.0,4112.0,0.384727626459144,12,2015,Wednesday
2015-12-31,FOODS_3,1940.0,3922.0,0.4946455889852116,12,2015,Thursday
2016-01-01,FOODS_3,1459.0,4147.0,0.35182059319990355,1,2016,Friday
2016-01-02,FOODS_3,2034.0,3987.0,0.510158013544018,1,2016,Saturday
2016-01-03,FOODS_3,2195.0,4138.0,0.5304494925084582,1,2016,Sunday
2016-01-04,FOODS_3,1862.0,3966.0,0.4694906707009581,1,2016,Monday
2016-01-05,FOODS_3,1622.0,4168.0,0.38915547024952013,1,2016,Tuesday
2016-01-06,FOODS_3,1471.0,3977.0,0.36987679155142067,1,2016,Wednesday
2016-01-07,FOODS_3,1732.0,4139.0,0.41845856487074173,1,2016,Thursday
2016-01-08,FOODS_3,1980.0,3964.0,0.49949545913218973,1,2016,Friday
2016-01-09,FOODS_3,2863.0,4148.0,0.690212150433944,1,2016,Saturday
2016-01-10,FOODS_3,2800.0,3959.0,0.7072493053801465,1,2016,Sunday
2016-01-11,FOODS_3,1853.0,4176.0,0.44372605363984674,1,2016,Monday
2016-01-12,FOODS_3,1545.0,4010.0,0.385286783042394,1,2016,Tuesday
2016-01-13,FOODS_3,1471.0,4176.0,0.35225095785440613,1,2016,Wednesday
2016-01-14,FOODS_3,1487.0,4000.0,0.37175,1,2016,Thursday
2016-01-15,FOODS_3,1871.0,4176.0,0.44803639846743293,1,2016,Friday
2016-01-16,FOODS_3,2698.0,3985.0,0.6770388958594731,1,2016,Saturday
2016-01-17,FOODS_3,2512.0,4180.0,0.600956937799043,1,2016,Sunday
2016-01-18,FOODS_3,2086.0,3978.0,0.5243841126194068,1,2016,Monday
2016-01-19,FOODS_3,1487.0,4164.0,0.3571085494716619,1,2016,Tuesday
2016-01-20,FOODS_3,1489.0,3997.0,0.3725293970477858,1,2016,Wednesday
2016-01-21,FOODS_3,1511.0,4158.0,0.3633958633958634,1,2016,Thursday
2016-01-22,FOODS_3,1610.0,3970.0,0.40554156171284633,1,2016,Friday
2016-01-23,FOODS_3,2610.0,4123.0,0.6330341983992238,1,2016,Saturday
2016-01-24,FOODS_3,2418.0,3936.0,0.614329268292683,1,2016,Sunday
2016-01-25,FOODS_3,1588.0,4118.0,0.3856240893637688,1,2016,Monday
2016-01-26,FOODS_3,1472.0,3956.0,0.37209302325581395,1,2016,Tuesday
2016-01-27,FOODS_3,1373.0,4123.0,0.33300994421537716,1,2016,Wednesday
2016-01-28,FOODS_3,1396.0,3955.0,0.3529709228824273,1,2016,Thursday
2016-01-29,FOODS_3,1758.0,4091.0,0.429723783915913,1,2016,Friday
2016-01-30,FOODS_3,2427.0,3912.0,0.620398773006135,1,2016,Saturday
2016-01-31,FOODS_3,2822.0,4091.0,0.6898068931801515,1,2016,Sunday
2016-02-01,FOODS_3,1744.0,3912.0,0.4458077709611452,2,2016,Monday
2016-02-02,FOODS_3,1709.0,4078.0,0.41907797940166747,2,2016,Tuesday
2016-02-03,FOODS_3,1851.0,3885.0,0.47644787644787645,2,2016,Wednesday
2016-02-04,FOODS_3,1851.0,4080.0,0.4536764705882353,2,2016,Thursday
2016-02-05,FOODS_3,2055.0,3922.0,0.5239673635900051,2,2016,Friday
2016-02-06,FOODS_3,3014.0,4102.0,0.734763529985373,2,2016,Saturday
2016-02-07,FOODS_3,2595.0,3928.0,0.6606415478615071,2,2016,Sunday
2016-02-08,FOODS_3,1864.0,4119.0,0.45253702354940517,2,2016,Monday
2016-02-09,FOODS_3,1862.0,3939.0,0.4727088093424727,2,2016,Tuesday
2016-02-10,FOODS_3,1895.0,4130.0,0.45883777239709445,2,2016,Wednesday
2016-02-11,FOODS_3,1839.0,3935.0,0.4673443456162643,2,2016,Thursday
2016-02-12,FOODS_3,1938.0,4096.0,0.47314453125,2,2016,Friday
2016-02-13,FOODS_3,2491.0,3887.0,0.6408541291484435,2,2016,Saturday
2016-02-14,FOODS_3,2262.0,4054.0,0.5579674395658609,2,2016,Sunday
2016-02-15,FOODS_3,2227.0,3875.0,0.5747096774193549,2,2016,Monday
2016-02-16,FOODS_3,1709.0,4067.0,0.4202114580772068,2,2016,Tuesday
2016-02-17,FOODS_3,1707.0,3872.0,0.44085743801652894,2,2016,Wednesday
2016-02-18,FOODS_3,1811.0,4015.0,0.4510585305105853,2,2016,Thursday
2016-02-19,FOODS_3,2020.0,3820.0,0.5287958115183246,2,2016,Friday
2016-02-20,FOODS_3,2526.0,3997.0,0.631973980485364,2,2016,Saturday
2016-02-21,FOODS_3,2678.0,3821.0,0.7008636482596179,2,2016,Sunday
2016-02-22,FOODS_3,1802.0,3964.0,0.4545913218970737,2,2016,Monday
2016-02-23,FOODS_3,1725.0,3766.0,0.45804567180031863,2,2016,Tuesday
2016-02-24,FOODS_3,1486.0,3946.0,0.3765838824125697,2,2016,Wednesday
2016-02-25,FOODS_3,1658.0,3760.0,0.4409574468085106,2,2016,Thursday
2016-02-26,FOODS_3,1916.0,3914.0,0.4895247828308636,2,2016,Friday
2016-02-27,FOODS_3,2395.0,3739.0,0.6405456004279219,2,2016,Saturday
2016-02-28,FOODS_3,2884.0,3886.0,0.7421513124034997,2,2016,Sunday
2016-02-29,FOODS_3,1717.0,3715.0,0.46218034993270524,2,2016,Monday
2016-03-01,FOODS_3,1678.0,3841.0,0.4368653996355116,3,2016,Tuesday
2016-03-02,FOODS_3,1747.0,3653.0,0.4782370654256775,3,2016,Wednesday
2016-03-03,FOODS_3,1656.0,3810.0,0.4346456692913386,3,2016,Thursday
2016-03-04,FOODS_3,1958.0,3625.0,0.5401379310344827,3,2016,Friday
2016-03-05,FOODS_3,2438.0,3762.0,0.6480595427963849,3,2016,Saturday
2016-03-06,FOODS_3,3051.0,3575.0,0.8534265734265735,3,2016,Sunday
2016-03-07,FOODS_3,2068.0,3728.0,0.5547210300429185,3,2016,Monday
2016-03-08,FOODS_3,1871.0,3520.0,0.5315340909090909,3,2016,Tuesday
2016-03-09,FOODS_3,1763.0,3721.0,0.4737973662993819,3,2016,Wednesday
2016-03-10,FOODS_3,1738.0,3531.0,0.49221183800623053,3,2016,Thursday
2016-03-11,FOODS_3,2034.0,3628.0,0.5606394707828004,3,2016,Friday
2016-03-12,FOODS_3,2542.0,3456.0,0.7355324074074074,3,2016,Saturday
2016-03-13,FOODS_3,2609.0,3622.0,0.7203202650469354,3,2016,Sunday
2016-03-14,FOODS_3,1909.0,3434.0,0.5559114735002912,3,2016,Monday
2016-03-15,FOODS_3,1559.0,3607.0,0.43221513723315774,3,2016,Tuesday
2016-03-16,FOODS_3,1713.0,3396.0,0.5044169611307421,3,2016,Wednesday
2016-03-17,FOODS_3,1627.0,3565.0,0.45638148667601686,3,2016,Thursday
2016-03-18,FOODS_3,1947.0,3368.0,0.5780878859857482,3,2016,Friday
2016-03-19,FOODS_3,2704.0,3502.0,0.7721302113078241,3,2016,Saturday
2016-03-20,FOODS_3,3118.0,3285.0,0.9491628614916287,3,2016,Sunday
2016-03-21,FOODS_3,1933.0,3389.0,0.5703747418117439,3,2016,Monday
2016-03-22,FOODS_3,1764.0,3200.0,0.55125,3,2016,Tuesday
2016-03-23,FOODS_3,1827.0,3331.0,0.54848393875713,3,2016,Wednesday
2016-03-24,FOODS_3,1928.0,3146.0,0.6128417037507946,3,2016,Thursday
2016-03-25,FOODS_3,2389.0,3326.0,0.7182802164762477,3,2016,Friday
2016-03-26,FOODS_3,3081.0,3124.0,0.986235595390525,3,2016,Saturday
2016-03-27,FOODS_3,2577.0,3246.0,0.7939001848428835,3,2016,Sunday
2016-03-28,FOODS_3,1823.0,3039.0,0.5998683777558408,3,2016,Monday
2016-03-29,FOODS_3,1883.0,3171.0,0.5938189845474614,3,2016,Tuesday
2016-03-30,FOODS_3,1592.0,2968.0,0.5363881401617251,3,2016,Wednesday
2016-03-31,FOODS_3,1863.0,3073.0,0.60624796615685,3,2016,Thursday
2016-04-01,FOODS_3,2237.0,2904.0,0.7703168044077136,4,2016,Friday
2016-04-02,FOODS_3,2876.0,3103.0,0.926844988720593,4,2016,Saturday
2016-04-03,FOODS_3,3056.0,2944.0,1.0380434782608696,4,2016,Sunday
2016-04-04,FOODS_3,2380.0,3035.0,0.7841845140032949,4,2016,Monday
2016-04-05,FOODS_3,1915.0,2811.0,0.6812522234080398,4,2016,Tuesday
2016-04-06,FOODS_3,1932.0,2902.0,0.6657477601654032,4,2016,Wednesday
2016-04-07,FOODS_3,1728.0,2734.0,0.6320409656181419,4,2016,Thursday
2016-04-08,FOODS_3,2203.0,2763.0,0.7973217517191459,4,2016,Friday
2016-04-09,FOODS_3,2919.0,2598.0,1.1235565819861433,4,2016,Saturday
2016-04-10,FOODS_3,3012.0,2605.0,1.1562380038387716,4,2016,Sunday
2016-04-11,FOODS_3,2046.0,2407.0,0.8500207727461571,4,2016,Monday
2016-04-12,FOODS_3,1649.0,2458.0,0.6708706265256306,4,2016,Tuesday
2016-04-13,FOODS_3,1688.0,2287.0,0.7380848272846524,4,2016,Wednesday
2016-04-14,FOODS_3,1766.0,2354.0,0.7502124044180118,4,2016,Thursday
2016-04-15,FOODS_3,1978.0,2174.0,0.9098436062557498,4,2016,Friday
2016-04-16,FOODS_3,2665.0,2146.0,1.2418452935694315,4,2016,Saturday
2016-04-17,FOODS_3,3099.0,1960.0,1.5811224489795919,4,2016,Sunday
2016-04-18,FOODS_3,2055.0,1898.0,1.0827186512118019,4,2016,Monday
2016-04-19,FOODS_3,1860.0,1715.0,1.0845481049562682,4,2016,Tuesday
2016-04-20,FOODS_3,1780.0,1573.0,1.1315956770502225,4,2016,Wednesday
2016-04-21,FOODS_3,1871.0,1373.0,1.3627093954843408,4,2016,Thursday
2016-04-22,FOODS_3,2140.0,832.0,2.5721153846153846,4,2016,Friday
2016-04-23,FOODS_3,2646.0,637.0,4.153846153846154,4,2016,Saturday
2016-04-24,FOODS_3,2990.0,1.0,2990.0,4,2016,Sunday
